dataset,kind,repeat,fold,method,accuracy,balanced_accuracy,macro_f1,single_shot_accuracy,fit_seconds,predict_microseconds_per_sample,serialized_bytes,jacobi_sweeps,jacobi_objective_gain,offdiagonal_residual,train_samples,test_samples
synthetic_covariance,synthetic_covariance,0,0,Logistic,0.4875,0.4875,0.48747117025332676,,0.0019761789590120316,0.6536449654959142,1464,,,,1600,400
synthetic_covariance,synthetic_covariance,0,0,LDA-shrinkage,0.495,0.495,0.494797919167667,,0.0026941989781334996,0.8454575436189771,2816,,,,1600,400
synthetic_covariance,synthetic_covariance,0,0,QDA,0.845,0.845,0.845,,0.0010733669623732567,0.6249448051676154,3993,,,,1600,400
synthetic_covariance,synthetic_covariance,0,0,SVM-polynomial-2,0.765,0.7649999999999999,0.7644110275689223,,0.025564415962435305,11.321884812787175,111317,,,,1600,400
synthetic_covariance,synthetic_covariance,0,0,SVM-RBF,0.76,0.76,0.7599939998499963,,0.03966898703947663,15.857379767112434,99368,,,,1600,400
synthetic_covariance,synthetic_covariance,0,0,Random-forest,0.8475,0.8474999999999999,0.8474761681512737,,0.41653635806869715,140.9222901565954,8611579,,,,1600,400
synthetic_covariance,synthetic_covariance,0,0,Hist-gradient-boosting,0.8425,0.8425,0.8424202252390273,,9.47272784798406,11.599029821809381,113910,,,,1600,400
synthetic_covariance,synthetic_covariance,0,0,PVM-DECA-amplitude,0.595,0.595,0.5863019995403356,0.5511911271007874,0.0037626420380547643,2.582989982329309,48770,,,,1600,400
synthetic_covariance,synthetic_covariance,0,0,Spectral-DECA-amplitude,0.785,0.785,0.7849516141131755,0.5511911271007874,0.003794778953306377,1.7948300228454173,48776,,,,1600,400
synthetic_covariance,synthetic_covariance,0,0,Spectral-DECA-affine,0.65,0.65,0.6499912497812446,0.5188831727694815,0.004556320025585592,2.4984151241369545,52413,,,,1600,400
synthetic_covariance,synthetic_covariance,0,0,PGM-affine,0.7675,0.7675000000000001,0.7674985468659179,0.525316270509684,0.00438607600517571,2.513977524358779,43881,,,,1600,400
synthetic_covariance,synthetic_covariance,0,1,Logistic,0.485,0.485,0.48479391756702683,,0.0024275350151583552,0.7793173426762223,1464,,,,1600,400
synthetic_covariance,synthetic_covariance,0,1,LDA-shrinkage,0.4825,0.48250000000000004,0.48223788292823244,,0.003376587061211467,0.7569376612082124,2816,,,,1600,400
synthetic_covariance,synthetic_covariance,0,1,QDA,0.8475,0.8474999999999999,0.8474990468690429,,0.0016422270564362407,0.9082150063477457,3993,,,,1600,400
synthetic_covariance,synthetic_covariance,0,1,SVM-polynomial-2,0.7825,0.7825,0.7823898348538947,,0.035269710002467036,16.105700051411986,110389,,,,1600,400
synthetic_covariance,synthetic_covariance,0,1,SVM-RBF,0.7925,0.7925,0.7924987031168944,,0.054522646008990705,26.373369910288602,97860,,,,1600,400
synthetic_covariance,synthetic_covariance,0,1,Random-forest,0.83,0.83,0.8299829982998299,,0.41161480208393186,148.98847497534007,8539561,,,,1600,400
synthetic_covariance,synthetic_covariance,0,1,Hist-gradient-boosting,0.835,0.835,0.835,,0.7942878119647503,2.0672124810516834,113910,,,,1600,400
synthetic_covariance,synthetic_covariance,0,1,PVM-DECA-amplitude,0.625,0.625,0.6248499399759904,0.565683098378641,0.004022058914415538,2.1105300402268767,48770,,,,1600,400
synthetic_covariance,synthetic_covariance,0,1,Spectral-DECA-amplitude,0.7875,0.7875000000000001,0.7873923673859892,0.565683098378641,0.0038563129492104053,2.013500197790563,48776,,,,1600,400
synthetic_covariance,synthetic_covariance,0,1,Spectral-DECA-affine,0.6325,0.6325000000000001,0.630279365438666,0.5186567761470863,0.004489158978685737,2.450909814797342,52413,,,,1600,400
synthetic_covariance,synthetic_covariance,0,1,PGM-affine,0.755,0.755,0.7547793013712341,0.5301903997626805,0.004606028087437153,2.7592823607847095,43881,,,,1600,400
synthetic_covariance,synthetic_covariance,0,2,Logistic,0.49,0.49,0.489987249681242,,0.0025725029408931732,0.7696924149058759,1464,,,,1600,400
synthetic_covariance,synthetic_covariance,0,2,LDA-shrinkage,0.485,0.485,0.48494849484948493,,0.003212739946320653,0.7113500032573938,2816,,,,1600,400
synthetic_covariance,synthetic_covariance,0,2,QDA,0.8025,0.8025,0.8024987656172851,,0.0016951380530372262,1.0047300020232797,3993,,,,1600,400
synthetic_covariance,synthetic_covariance,0,2,SVM-polynomial-2,0.7825,0.7825,0.7824877649367776,,0.036126008024439216,16.946450050454587,111549,,,,1600,400
synthetic_covariance,synthetic_covariance,0,2,SVM-RBF,0.7625,0.7625,0.762462884825754,,0.04630052507854998,16.572907625231892,98672,,,,1600,400
synthetic_covariance,synthetic_covariance,0,2,Random-forest,0.8225,0.8225,0.8224456239723414,,0.2734128610463813,90.46642488101497,8373792,,,,1600,400
synthetic_covariance,synthetic_covariance,0,2,Hist-gradient-boosting,0.815,0.815,0.8149953748843721,,0.1436770900618285,1.7444422701373696,113910,,,,1600,400
synthetic_covariance,synthetic_covariance,0,2,PVM-DECA-amplitude,0.6175,0.6174999999999999,0.6169613519011109,0.5545663073052747,0.0029812739230692387,2.2156600607559085,48770,,,,1600,400
synthetic_covariance,synthetic_covariance,0,2,Spectral-DECA-amplitude,0.7825,0.7825,0.7824986406165038,0.5545663073052747,0.0026697550201788545,1.332697574980557,48776,,,,1600,400
synthetic_covariance,synthetic_covariance,0,2,Spectral-DECA-affine,0.6475,0.6475,0.6425651653136111,0.5243694795832173,0.0024213549913838506,1.2221524957567453,52413,,,,1600,400
synthetic_covariance,synthetic_covariance,0,2,PGM-affine,0.78,0.78,0.77997799779978,0.5263372554828519,0.0032946900464594364,2.346445107832551,43881,,,,1600,400
synthetic_covariance,synthetic_covariance,0,3,Logistic,0.5075,0.5075000000000001,0.5074969218557616,,0.0015684060053899884,0.5085574230179191,1464,,,,1600,400
synthetic_covariance,synthetic_covariance,0,3,LDA-shrinkage,0.5025,0.5025,0.5024968906055662,,0.0019384290790185332,0.45046996092423797,2816,,,,1600,400
synthetic_covariance,synthetic_covariance,0,3,QDA,0.815,0.815,0.8149953748843721,,0.0010013730498030782,0.5828274879604578,3993,,,,1600,400
synthetic_covariance,synthetic_covariance,0,3,SVM-polynomial-2,0.76,0.76,0.7599039615846338,,0.03216477599926293,15.80119744176045,110505,,,,1600,400
synthetic_covariance,synthetic_covariance,0,3,SVM-RBF,0.7525,0.7525,0.7524241799050959,,0.03388624300714582,15.432612271979451,98904,,,,1600,400
synthetic_covariance,synthetic_covariance,0,3,Random-forest,0.79,0.79,0.7899159663865546,,0.3687098119407892,115.11552758747712,8319561,,,,1600,400
synthetic_covariance,synthetic_covariance,0,3,Hist-gradient-boosting,0.795,0.7949999999999999,0.7948717948717949,,0.3323242940241471,2.368467685300857,113910,,,,1600,400
synthetic_covariance,synthetic_covariance,0,3,PVM-DECA-amplitude,0.645,0.645,0.644857943177271,0.5656893426306047,0.004216696019284427,2.8694802313111722,48770,,,,1600,400
synthetic_covariance,synthetic_covariance,0,3,Spectral-DECA-amplitude,0.7875,0.7875000000000001,0.7874986718666992,0.5656893426306047,0.004117570002563298,2.0271848188713193,48776,,,,1600,400
synthetic_covariance,synthetic_covariance,0,3,Spectral-DECA-affine,0.6375,0.6375,0.635015826468904,0.5229552720682232,0.004813352017663419,2.921377308666706,52413,,,,1600,400
synthetic_covariance,synthetic_covariance,0,3,PGM-affine,0.7625,0.7625,0.7621655452980755,0.5268388781705758,0.004696817952208221,3.123802598565817,43881,,,,1600,400
synthetic_covariance,synthetic_covariance,0,4,Logistic,0.495,0.495,0.4949494949494949,,0.002772941952571273,0.8883001282811165,1464,,,,1600,400
synthetic_covariance,synthetic_covariance,0,4,LDA-shrinkage,0.4975,0.4975,0.4973460622315584,,0.003530951915308833,1.0043702786788344,2816,,,,1600,400
synthetic_covariance,synthetic_covariance,0,4,QDA,0.8325,0.8325,0.832498953118457,,0.0017513529164716601,0.9614025475457311,3993,,,,1600,400
synthetic_covariance,synthetic_covariance,0,4,SVM-polynomial-2,0.7625,0.7625,0.7623797047255173,,0.036883575026877224,10.61491493601352,110041,,,,1600,400
synthetic_covariance,synthetic_covariance,0,4,SVM-RBF,0.755,0.755,0.7549938748468712,,0.05797277600504458,20.252084941603243,99368,,,,1600,400
synthetic_covariance,synthetic_covariance,0,4,Random-forest,0.82,0.8200000000000001,0.8198378540686617,,0.3612071720417589,89.64527252828702,8447730,,,,1600,400
synthetic_covariance,synthetic_covariance,0,4,Hist-gradient-boosting,0.8225,0.8225,0.8224100951106498,,0.25006946199573576,2.9933624318800867,113910,,,,1600,400
synthetic_covariance,synthetic_covariance,0,4,PVM-DECA-amplitude,0.6575,0.6575,0.657497859361621,0.5678530650953015,0.0042471729684621096,2.4363474221900105,48770,,,,1600,400
synthetic_covariance,synthetic_covariance,0,4,Spectral-DECA-amplitude,0.78,0.78,0.78,0.5678530650953015,0.003762157983146608,1.8003600416705012,48776,,,,1600,400
synthetic_covariance,synthetic_covariance,0,4,Spectral-DECA-affine,0.6625,0.6625,0.6592608484404874,0.5222562444138166,0.00407216907478869,2.3824599338695407,52413,,,,1600,400
synthetic_covariance,synthetic_covariance,0,4,PGM-affine,0.7675,0.7675000000000001,0.767486921139314,0.5307748891424422,0.004199833027087152,2.3269900702871382,43881,,,,1600,400
synthetic_covariance,synthetic_covariance,1,0,Logistic,0.465,0.46499999999999997,0.46498662466561663,,0.0015475020045414567,0.4529699799604714,1464,,,,1600,400
synthetic_covariance,synthetic_covariance,1,0,LDA-shrinkage,0.475,0.475,0.4749868746718668,,0.0019451590487733483,0.4390350659377873,2816,,,,1600,400
synthetic_covariance,synthetic_covariance,1,0,QDA,0.8125,0.8125,0.8122359568142701,,0.000999119016341865,0.6833576480858028,3993,,,,1600,400
synthetic_covariance,synthetic_covariance,1,0,SVM-polynomial-2,0.7525,0.7525,0.7511922040223927,,0.028909888002090156,12.873084924649447,110737,,,,1600,400
synthetic_covariance,synthetic_covariance,1,0,SVM-RBF,0.7725,0.7725,0.772384769789706,,0.042155861970968544,19.26206750795245,99368,,,,1600,400
synthetic_covariance,synthetic_covariance,1,0,Random-forest,0.825,0.825,0.8249299719887955,,0.33740618801675737,112.50593757722527,8385481,,,,1600,400
synthetic_covariance,synthetic_covariance,1,0,Hist-gradient-boosting,0.8325,0.8325,0.8323732322568942,,1.7261361659038812,1.7434023902751505,113910,,,,1600,400
synthetic_covariance,synthetic_covariance,1,0,PVM-DECA-amplitude,0.6075,0.6074999999999999,0.6074975468596678,0.5587933004167727,0.004768704995512962,2.387675049249083,48770,,,,1600,400
synthetic_covariance,synthetic_covariance,1,0,Spectral-DECA-amplitude,0.815,0.815,0.8149259703881553,0.5587933004167727,0.002396675990894437,1.0622048284858465,48776,,,,1600,400
synthetic_covariance,synthetic_covariance,1,0,Spectral-DECA-affine,0.5975,0.5975,0.595921568627451,0.5182680877084206,0.002323379972949624,1.313700049649924,52413,,,,1600,400
synthetic_covariance,synthetic_covariance,1,0,PGM-affine,0.715,0.7150000000000001,0.7147432689420479,0.5278960909308185,0.0026347850216552615,1.3804301852360368,43881,,,,1600,400
synthetic_covariance,synthetic_covariance,1,1,Logistic,0.535,0.535,0.5347091932457786,,0.0014262880431488156,0.5322074866853654,1464,,,,1600,400
synthetic_covariance,synthetic_covariance,1,1,LDA-shrinkage,0.5225,0.5225,0.5224253789654634,,0.001850266009569168,0.44627260649576783,2816,,,,1600,400
synthetic_covariance,synthetic_covariance,1,1,QDA,0.8625,0.8625,0.8624991406196288,,0.0009648710256442428,0.5697974120266736,3993,,,,1600,400
synthetic_covariance,synthetic_covariance,1,1,SVM-polynomial-2,0.81,0.81,0.8099572403790853,,0.02431568002793938,11.37932762503624,111201,,,,1600,400
synthetic_covariance,synthetic_covariance,1,1,SVM-RBF,0.77,0.77,0.7699482383536296,,0.03445130598265678,15.442279982380569,99832,,,,1600,400
synthetic_covariance,synthetic_covariance,1,1,Random-forest,0.86,0.86,0.8599964999124978,,0.2807248210301623,120.2965949778445,8714815,,,,1600,400
synthetic_covariance,synthetic_covariance,1,1,Hist-gradient-boosting,0.875,0.875,0.8749874987498749,,1.4281899449415505,2.2483750944957137,113910,,,,1600,400
synthetic_covariance,synthetic_covariance,1,1,PVM-DECA-amplitude,0.6525,0.6525000000000001,0.6524978281114258,0.5636740585494868,0.003915422945283353,2.1737426868639886,48770,,,,1600,400
synthetic_covariance,synthetic_covariance,1,1,Spectral-DECA-amplitude,0.805,0.805,0.805,0.5636740585494868,0.003933323081582785,1.785752538125962,48776,,,,1600,400
synthetic_covariance,synthetic_covariance,1,1,Spectral-DECA-affine,0.715,0.7150000000000001,0.7135966234549291,0.5304276622645273,0.004168967949226499,1.9462325144559145,52413,,,,1600,400
synthetic_covariance,synthetic_covariance,1,1,PGM-affine,0.8075,0.8075,0.8074410288150746,0.5290870880183394,0.003994163009338081,2.246529911644757,43881,,,,1600,400
synthetic_covariance,synthetic_covariance,1,2,Logistic,0.48,0.48,0.4797919167667067,,0.001510153990238905,0.485107593704015,1464,,,,1600,400
synthetic_covariance,synthetic_covariance,1,2,LDA-shrinkage,0.49,0.49,0.4897959183673469,,0.001978051965124905,0.49210997531190515,2816,,,,1600,400
synthetic_covariance,synthetic_covariance,1,2,QDA,0.8075,0.8075,0.8073543116982218,,0.0010946550173684955,0.6255949847400188,3993,,,,1600,400
synthetic_covariance,synthetic_covariance,1,2,SVM-polynomial-2,0.7525,0.7525,0.7524984531153319,,0.023833520943298936,11.7710349150002,110389,,,,1600,400
synthetic_covariance,synthetic_covariance,1,2,SVM-RBF,0.735,0.735,0.7344622861294121,,0.03540693293325603,15.718100185040385,99020,,,,1600,400
synthetic_covariance,synthetic_covariance,1,2,Random-forest,0.83,0.8300000000000001,0.8298936835522202,,0.3082549989921972,88.45960022881627,8503890,,,,1600,400
synthetic_covariance,synthetic_covariance,1,2,Hist-gradient-boosting,0.8125,0.8125,0.8124425605341636,,0.4936079259496182,3.235045005567372,113910,,,,1600,400
synthetic_covariance,synthetic_covariance,1,2,PVM-DECA-amplitude,0.5325,0.5325,0.5320056810005569,0.5278392600895492,0.004718072013929486,2.824062539730221,48770,,,,1600,400
synthetic_covariance,synthetic_covariance,1,2,Spectral-DECA-amplitude,0.765,0.765,0.765,0.5278392600895492,0.004807468969374895,2.624877670314163,48776,,,,1600,400
synthetic_covariance,synthetic_covariance,1,2,Spectral-DECA-affine,0.6075,0.6075,0.6051283018630651,0.5114464329992299,0.004947741981595755,2.5100598577409983,52413,,,,1600,400
synthetic_covariance,synthetic_covariance,1,2,PGM-affine,0.74,0.74,0.739993499837496,0.5253558940076383,0.004752686945721507,2.910972398240119,43881,,,,1600,400
synthetic_covariance,synthetic_covariance,1,3,Logistic,0.51,0.51,0.5098897251881673,,0.0025644940324127674,0.8227297803387046,1464,,,,1600,400
synthetic_covariance,synthetic_covariance,1,3,LDA-shrinkage,0.515,0.515,0.5146966854283928,,0.003233608091250062,0.7586751598864794,2816,,,,1600,400
synthetic_covariance,synthetic_covariance,1,3,QDA,0.795,0.7949999999999999,0.7947485669945684,,0.0018699949141591787,1.0563325486145914,3993,,,,1600,400
synthetic_covariance,synthetic_covariance,1,3,SVM-polynomial-2,0.7725,0.7725,0.7720883345542887,,0.034722754964604974,14.287897502072155,110853,,,,1600,400
synthetic_covariance,synthetic_covariance,1,3,SVM-RBF,0.745,0.745,0.7448979591836735,,0.04029303300194442,19.23740521306172,96120,,,,1600,400
synthetic_covariance,synthetic_covariance,1,3,Random-forest,0.8025,0.8025,0.801844849533771,,0.3616345189511776,122.2034401143901,8281294,,,,1600,400
synthetic_covariance,synthetic_covariance,1,3,Hist-gradient-boosting,0.78,0.78,0.7796474358974359,,1.333908039960079,18.582604825496674,113910,,,,1600,400
synthetic_covariance,synthetic_covariance,1,3,PVM-DECA-amplitude,0.655,0.655,0.654965496549655,0.5685819011255003,0.004189203027635813,2.428307489026338,48770,,,,1600,400
synthetic_covariance,synthetic_covariance,1,3,Spectral-DECA-amplitude,0.775,0.775,0.7747240369452579,0.5685819011255003,0.004153335001319647,2.46938259806484,48776,,,,1600,400
synthetic_covariance,synthetic_covariance,1,3,Spectral-DECA-affine,0.6725,0.6725000000000001,0.6724815770887113,0.5363038998810825,0.002778874011710286,1.6362924361601472,52413,,,,1600,400
synthetic_covariance,synthetic_covariance,1,3,PGM-affine,0.7725,0.7725,0.7714587087417044,0.5298784870043519,0.002762053976766765,1.6711675561964512,43881,,,,1600,400
synthetic_covariance,synthetic_covariance,1,4,Logistic,0.5025,0.5025,0.5024720140507903,,0.0017539169639348984,0.5962327122688293,1464,,,,1600,400
synthetic_covariance,synthetic_covariance,1,4,LDA-shrinkage,0.49,0.49,0.49,,0.0020411950536072254,0.45073014916852117,2816,,,,1600,400
synthetic_covariance,synthetic_covariance,1,4,QDA,0.81,0.81,0.809995249881247,,0.0012488550273701549,0.6845348980277777,3993,,,,1600,400
synthetic_covariance,synthetic_covariance,1,4,SVM-polynomial-2,0.75,0.75,0.74997499749975,,0.026477689971216023,11.410422448534518,110389,,,,1600,400
synthetic_covariance,synthetic_covariance,1,4,SVM-RBF,0.7425,0.7424999999999999,0.742421116466918,,0.03704215702600777,17.543727590236813,98788,,,,1600,400
synthetic_covariance,synthetic_covariance,1,4,Random-forest,0.8125,0.8125,0.8124706985466479,,0.3244295179611072,115.79007987165824,8437161,,,,1600,400
synthetic_covariance,synthetic_covariance,1,4,Hist-gradient-boosting,0.825,0.825,0.8249606161386311,,0.9215333900647238,996.5782627114095,113910,,,,1600,400
synthetic_covariance,synthetic_covariance,1,4,PVM-DECA-amplitude,0.64,0.6399999999999999,0.6389076957797337,0.5566919252242528,0.004048032104037702,2.2839850862510502,48770,,,,1600,400
synthetic_covariance,synthetic_covariance,1,4,Spectral-DECA-amplitude,0.78,0.78,0.77997799779978,0.5566919252242528,0.0023061709944158792,1.3939049676992,48776,,,,1600,400
synthetic_covariance,synthetic_covariance,1,4,Spectral-DECA-affine,0.6475,0.6475,0.6441168861489535,0.5128297244209307,0.0024109139339998364,1.2206498649902642,52413,,,,1600,400
synthetic_covariance,synthetic_covariance,1,4,PGM-affine,0.725,0.725,0.7247522770493444,0.5268727093537373,0.002349443966522813,1.4281025505624712,43881,,,,1600,400
synthetic_mean,synthetic_mean,0,0,Logistic,0.7975,0.7975,0.7974379653768966,,0.0042794980108737946,0.7893002475611866,1464,,,,1600,400
synthetic_mean,synthetic_mean,0,0,LDA-shrinkage,0.8125,0.8125,0.8124988281176757,,0.0025532779982313514,0.46732486225664616,2816,,,,1600,400
synthetic_mean,synthetic_mean,0,0,QDA,0.7975,0.7975000000000001,0.7974886087342413,,0.0009990540565922856,0.5709700053557754,3993,,,,1600,400
synthetic_mean,synthetic_mean,0,0,SVM-polynomial-2,0.8,0.8,0.7999549898727214,,0.026313605019822717,8.911900222301483,78025,,,,1600,400
synthetic_mean,synthetic_mean,0,0,SVM-RBF,0.775,0.775,0.7749493636068115,,0.04676530498545617,19.997715135104954,95540,,,,1600,400
synthetic_mean,synthetic_mean,0,0,Random-forest,0.8175,0.8175,0.8174897337975261,,0.32727560098282993,90.586707519833,8896086,,,,1600,400
synthetic_mean,synthetic_mean,0,0,Hist-gradient-boosting,0.82,0.82,0.82,,10.674825120950118,313.8040899648331,113910,,,,1600,400
synthetic_mean,synthetic_mean,0,0,PVM-DECA-amplitude,0.465,0.46499999999999997,0.46391442671409605,0.49446325355995696,0.005925977020524442,2.2965975222177804,48770,,,,1600,400
synthetic_mean,synthetic_mean,0,0,Spectral-DECA-amplitude,0.49,0.49,0.48872180451127817,0.49446325355995696,0.003853045986033976,1.891977444756776,48776,,,,1600,400
synthetic_mean,synthetic_mean,0,0,Spectral-DECA-affine,0.805,0.8049999999999999,0.8049561151259033,0.6008902762311379,0.0024739339714869857,1.3553875032812357,52413,,,,1600,400
synthetic_mean,synthetic_mean,0,0,PGM-affine,0.8075,0.8075,0.8074891712658837,0.5706784338903371,0.002656565047800541,1.4304573414847255,43881,,,,1600,400
synthetic_mean,synthetic_mean,0,1,Logistic,0.845,0.845,0.8448098921178444,,0.0020776489982381463,0.6715874769724905,1464,,,,1600,400
synthetic_mean,synthetic_mean,0,1,LDA-shrinkage,0.8425,0.8425,0.8423334647221128,,0.002000950975343585,0.4361747414804995,2816,,,,1600,400
synthetic_mean,synthetic_mean,0,1,QDA,0.8325,0.8325,0.8324151601748385,,0.0009303840342909098,0.5477250670082867,3993,,,,1600,400
synthetic_mean,synthetic_mean,0,1,SVM-polynomial-2,0.8125,0.8125,0.8124706985466479,,0.019931858987547457,8.433237380813807,77445,,,,1600,400
synthetic_mean,synthetic_mean,0,1,SVM-RBF,0.7575,0.7575000000000001,0.7573164705808768,,0.03648457699455321,19.79639258934185,92640,,,,1600,400
synthetic_mean,synthetic_mean,0,1,Random-forest,0.8375,0.8375,0.8372059532530634,,0.3008143570041284,116.62652250379324,8979331,,,,1600,400
synthetic_mean,synthetic_mean,0,1,Hist-gradient-boosting,0.8175,0.8175,0.817087303227908,,0.5661156360292807,1.5873552183620632,113910,,,,1600,400
synthetic_mean,synthetic_mean,0,1,PVM-DECA-amplitude,0.4775,0.47750000000000004,0.45739302010112226,0.4984196398527493,0.0029818409821018577,1.592642511241138,48770,,,,1600,400
synthetic_mean,synthetic_mean,0,1,Spectral-DECA-amplitude,0.4925,0.49250000000000005,0.49081651209310784,0.4984196398527493,0.0023815890308469534,1.3537623453885317,48776,,,,1600,400
synthetic_mean,synthetic_mean,0,1,Spectral-DECA-affine,0.8375,0.8374999999999999,0.837490858860811,0.5951446323553355,0.0024603819474577904,1.4270475367084146,52413,,,,1600,400
synthetic_mean,synthetic_mean,0,1,PGM-affine,0.83,0.8300000000000001,0.8298936835522202,0.5657820048353304,0.0028621740639209747,1.517867494840175,43881,,,,1600,400
synthetic_mean,synthetic_mean,0,2,Logistic,0.85,0.85,0.84998499849985,,0.0016391079407185316,0.5003099795430899,1464,,,,1600,400
synthetic_mean,synthetic_mean,0,2,LDA-shrinkage,0.8475,0.8474999999999999,0.8474990468690429,,0.0018907180055975914,0.4275725223124027,2816,,,,1600,400
synthetic_mean,synthetic_mean,0,2,QDA,0.8375,0.8374999999999999,0.8374989843686522,,0.0008990640053525567,0.5412398604676127,3993,,,,1600,400
synthetic_mean,synthetic_mean,0,2,SVM-polynomial-2,0.8375,0.8374999999999999,0.837490858860811,,0.01945842697750777,7.963062671478838,79185,,,,1600,400
synthetic_mean,synthetic_mean,0,2,SVM-RBF,0.8025,0.8025,0.8023999649822723,,0.03443155100103468,15.541617467533797,95656,,,,1600,400
synthetic_mean,synthetic_mean,0,2,Random-forest,0.8475,0.8474999999999999,0.8474914213924534,,0.27947717101778835,88.1486726575531,9009233,,,,1600,400
synthetic_mean,synthetic_mean,0,2,Hist-gradient-boosting,0.85,0.85,0.8499962499062477,,0.0808131709927693,2.0668149227276444,113910,,,,1600,400
synthetic_mean,synthetic_mean,0,2,PVM-DECA-amplitude,0.505,0.505,0.49776785714285715,0.49184921613483246,0.0038754770066589117,2.0729450625367463,48770,,,,1600,400
synthetic_mean,synthetic_mean,0,2,Spectral-DECA-amplitude,0.475,0.475,0.474671669793621,0.49184921613483246,0.003925879951566458,1.9504025112837553,48776,,,,1600,400
synthetic_mean,synthetic_mean,0,2,Spectral-DECA-affine,0.8475,0.8474999999999999,0.8473845845920978,0.6055271963539719,0.004023919929750264,1.9846274517476559,52413,,,,1600,400
synthetic_mean,synthetic_mean,0,2,PGM-affine,0.8525,0.8525,0.8524990781192382,0.5728002774811722,0.004065961926244199,2.1040625870227814,43881,,,,1600,400
synthetic_mean,synthetic_mean,0,3,Logistic,0.8125,0.8125,0.8124988281176757,,0.0026486850110813975,0.6842100992798805,1464,,,,1600,400
synthetic_mean,synthetic_mean,0,3,LDA-shrinkage,0.81,0.81,0.81,,0.0030238740146160126,0.7737451232969761,2816,,,,1600,400
synthetic_mean,synthetic_mean,0,3,QDA,0.81,0.81,0.8099572403790853,,0.0017179740825667977,0.9100075112655759,3993,,,,1600,400
synthetic_mean,synthetic_mean,0,3,SVM-polynomial-2,0.8,0.8,0.8,,0.02763152902480215,11.429394944570959,76285,,,,1600,400
synthetic_mean,synthetic_mean,0,3,SVM-RBF,0.75,0.75,0.74997499749975,,0.05299257196020335,24.706530093681067,93220,,,,1600,400
synthetic_mean,synthetic_mean,0,3,Random-forest,0.82,0.82,0.8199954998874972,,0.2948150240117684,117.81732755480334,8758326,,,,1600,400
synthetic_mean,synthetic_mean,0,3,Hist-gradient-boosting,0.815,0.815,0.8149259703881553,,0.7079006499843672,1.7437874339520931,113910,,,,1600,400
synthetic_mean,synthetic_mean,0,3,PVM-DECA-amplitude,0.5575,0.5575,0.5574751079748236,0.5079143865474748,0.003556178999133408,2.6031077140942216,48770,,,,1600,400
synthetic_mean,synthetic_mean,0,3,Spectral-DECA-amplitude,0.53,0.53,0.529811924769908,0.5079143865474748,0.004928359994664788,2.492677595000714,48776,,,,1600,400
synthetic_mean,synthetic_mean,0,3,Spectral-DECA-affine,0.81,0.81,0.81,0.5944454530765217,0.004674727912060916,2.524462470319122,52413,,,,1600,400
synthetic_mean,synthetic_mean,0,3,PGM-affine,0.8175,0.8175,0.8174897337975261,0.5623857656757719,0.0046262110117822886,2.820410009007901,43881,,,,1600,400
synthetic_mean,synthetic_mean,0,4,Logistic,0.82,0.8200000000000001,0.8198378540686617,,0.0029815739253535867,0.8252699626609683,1464,,,,1600,400
synthetic_mean,synthetic_mean,0,4,LDA-shrinkage,0.825,0.825,0.8247195512820513,,0.0035564369754865766,0.8704251376911998,2816,,,,1600,400
synthetic_mean,synthetic_mean,0,4,QDA,0.8225,0.8225,0.8224100951106498,,0.0017212419770658016,0.9619924821890891,3993,,,,1600,400
synthetic_mean,synthetic_mean,0,4,SVM-polynomial-2,0.82,0.8200000000000001,0.8198874296435272,,0.03198218601755798,13.359957374632359,77677,,,,1600,400
synthetic_mean,synthetic_mean,0,4,SVM-RBF,0.79,0.79,0.7898686679174485,,0.11773752199951559,23.880042717792094,89856,,,,1600,400
synthetic_mean,synthetic_mean,0,4,Random-forest,0.825,0.825,0.8242574878863197,,0.2969926510704681,85.93489998020232,8902682,,,,1600,400
synthetic_mean,synthetic_mean,0,4,Hist-gradient-boosting,0.815,0.815,0.8145363408521302,,0.44447641901206225,269.9752975604497,113910,,,,1600,400
synthetic_mean,synthetic_mean,0,4,PVM-DECA-amplitude,0.4875,0.48750000000000004,0.48695809949258906,0.5005524740776859,0.004375268006697297,2.928702742792666,48770,,,,1600,400
synthetic_mean,synthetic_mean,0,4,Spectral-DECA-amplitude,0.5125,0.5125,0.51161785975919,0.5005524740776859,0.004419920966029167,2.4930748622864485,48776,,,,1600,400
synthetic_mean,synthetic_mean,0,4,Spectral-DECA-affine,0.8225,0.8225,0.8224100951106498,0.6032957319673328,0.0031088360119611025,1.2622025678865612,52413,,,,1600,400
synthetic_mean,synthetic_mean,0,4,PGM-affine,0.82,0.8200000000000001,0.8197792295562063,0.5692356477218473,0.0025818829890340567,1.6646197764202952,43881,,,,1600,400
synthetic_mean,synthetic_mean,1,0,Logistic,0.82,0.8200000000000001,0.8199594908854493,,0.0017547339666634798,0.5338399205356836,1464,,,,1600,400
synthetic_mean,synthetic_mean,1,0,LDA-shrinkage,0.83,0.8300000000000001,0.8298468621759583,,0.001948071992956102,0.482557516079396,2816,,,,1600,400
synthetic_mean,synthetic_mean,1,0,QDA,0.815,0.815,0.8149953748843721,,0.0015415720408782363,0.5818848148919642,3993,,,,1600,400
synthetic_mean,synthetic_mean,1,0,SVM-polynomial-2,0.8175,0.8175,0.8174897337975261,,0.018653145991265774,7.75509251980111,77445,,,,1600,400
synthetic_mean,synthetic_mean,1,0,SVM-RBF,0.795,0.7949999999999999,0.7948717948717949,,0.036814935971051455,15.328055014833808,92756,,,,1600,400
synthetic_mean,synthetic_mean,1,0,Random-forest,0.8225,0.8225,0.8224456239723414,,0.29953107598703355,86.53927274281159,8767597,,,,1600,400
synthetic_mean,synthetic_mean,1,0,Hist-gradient-boosting,0.82,0.8200000000000001,0.8199279711884754,,0.5146224349737167,2.7451023925095797,113910,,,,1600,400
synthetic_mean,synthetic_mean,1,0,PVM-DECA-amplitude,0.4875,0.4875,0.4874967968549803,0.49893514463269356,0.0043828809866681695,2.4350074818357825,48770,,,,1600,400
synthetic_mean,synthetic_mean,1,0,Spectral-DECA-amplitude,0.53,0.53,0.52995299529953,0.49893514463269356,0.004191288957372308,2.2412100224755704,48776,,,,1600,400
synthetic_mean,synthetic_mean,1,0,Spectral-DECA-affine,0.82,0.82,0.82,0.6049229325813136,0.004254542989656329,2.1176147856749594,52413,,,,1600,400
synthetic_mean,synthetic_mean,1,0,PGM-affine,0.8175,0.8175,0.8174075625785554,0.5712675557126526,0.0027895679231733084,1.2983649503439665,43881,,,,1600,400
synthetic_mean,synthetic_mean,1,1,Logistic,0.835,0.835,0.8348513662296067,,0.0017146539175882936,0.5170100484974682,1464,,,,1600,400
synthetic_mean,synthetic_mean,1,1,LDA-shrinkage,0.835,0.835,0.8347355769230769,,0.0018507430795580149,0.39761769585311413,2816,,,,1600,400
synthetic_mean,synthetic_mean,1,1,QDA,0.83,0.8300000000000001,0.8295739348370927,,0.0009581958875060081,0.5494526703841984,3993,,,,1600,400
synthetic_mean,synthetic_mean,1,1,SVM-polynomial-2,0.835,0.835,0.8347976270931892,,0.020219358964823186,7.70299753639847,78489,,,,1600,400
synthetic_mean,synthetic_mean,1,1,SVM-RBF,0.7525,0.7525,0.7524613220815752,,0.03405956597998738,16.51448750635609,93336,,,,1600,400
synthetic_mean,synthetic_mean,1,1,Random-forest,0.825,0.825,0.8246449059345173,,0.32728384295478463,88.13501248368993,8897233,,,,1600,400
synthetic_mean,synthetic_mean,1,1,Hist-gradient-boosting,0.8025,0.8025,0.801844849533771,,0.7313299499219283,1.936907647177577,113910,,,,1600,400
synthetic_mean,synthetic_mean,1,1,PVM-DECA-amplitude,0.435,0.435,0.4346466541588493,0.48354163571878517,0.004512287094257772,2.380742516834289,48770,,,,1600,400
synthetic_mean,synthetic_mean,1,1,Spectral-DECA-amplitude,0.4425,0.4425,0.44221762267147746,0.48354163571878517,0.00258860201574862,1.2402550783008337,48776,,,,1600,400
synthetic_mean,synthetic_mean,1,1,Spectral-DECA-affine,0.84,0.8400000000000001,0.8398037596055168,0.5876828376838096,0.002509156009182334,1.2258774950169027,52413,,,,1600,400
synthetic_mean,synthetic_mean,1,1,PGM-affine,0.8275,0.8275,0.8270232327853646,0.5677864126807942,0.0025429410161450505,2.1266748080961406,43881,,,,1600,400
synthetic_mean,synthetic_mean,1,2,Logistic,0.8425,0.8425,0.8424202252390273,,0.001691558980382979,0.48955262172967196,1464,,,,1600,400
synthetic_mean,synthetic_mean,1,2,LDA-shrinkage,0.85,0.85,0.8499399759903962,,0.0018550549866631627,0.4204222932457924,2816,,,,1600,400
synthetic_mean,synthetic_mean,1,2,QDA,0.8275,0.8275,0.8274471556914305,,0.0009230970172211528,0.5000925739295781,3993,,,,1600,400
synthetic_mean,synthetic_mean,1,2,SVM-polynomial-2,0.83,0.8300000000000001,0.8297275641025641,,0.019455975969322026,8.034879865590483,79533,,,,1600,400
synthetic_mean,synthetic_mean,1,2,SVM-RBF,0.795,0.795,0.7949538646195394,,0.033706984017044306,15.008134942036122,96004,,,,1600,400
synthetic_mean,synthetic_mean,1,2,Random-forest,0.8625,0.8625,0.8624785122675418,,0.2995786420069635,114.88074756925926,9128478,,,,1600,400
synthetic_mean,synthetic_mean,1,2,Hist-gradient-boosting,0.8525,0.8525,0.8524990781192382,,0.18551484402269125,3.0522601446136832,113910,,,,1600,400
synthetic_mean,synthetic_mean,1,2,PVM-DECA-amplitude,0.5025,0.5025,0.5024222534771058,0.5035966048928333,0.004447949002496898,1.9236977095715702,48770,,,,1600,400
synthetic_mean,synthetic_mean,1,2,Spectral-DECA-amplitude,0.5,0.5,0.4999499949995,0.5035966048928333,0.002530309953726828,1.394340069964528,48776,,,,1600,400
synthetic_mean,synthetic_mean,1,2,Spectral-DECA-affine,0.8375,0.8375,0.8373770163686287,0.6030459847313794,0.0028152490267530084,1.7636874690651894,52413,,,,1600,400
synthetic_mean,synthetic_mean,1,2,PGM-affine,0.8375,0.8374999999999999,0.8374746054070948,0.5701323934422353,0.0025037749437615275,1.4861274394206703,43881,,,,1600,400
synthetic_mean,synthetic_mean,1,3,Logistic,0.7975,0.7975000000000001,0.7974987343670898,,0.0016425780486315489,0.4907327820546925,1464,,,,1600,400
synthetic_mean,synthetic_mean,1,3,LDA-shrinkage,0.795,0.795,0.7949948748718718,,0.0019268679898232222,0.4708950291387737,2816,,,,1600,400
synthetic_mean,synthetic_mean,1,3,QDA,0.8,0.8,0.8,,0.0009461359586566687,0.5429401062428951,3993,,,,1600,400
synthetic_mean,synthetic_mean,1,3,SVM-polynomial-2,0.8,0.8,0.7999949998749969,,0.018342743045650423,8.514817454852164,76053,,,,1600,400
synthetic_mean,synthetic_mean,1,3,SVM-RBF,0.765,0.765,0.7649941248531213,,0.04997502907644957,23.79952260525897,91596,,,,1600,400
synthetic_mean,synthetic_mean,1,3,Random-forest,0.7975,0.7975,0.7974379653768966,,0.30560023395810276,115.24800502229482,8769046,,,,1600,400
synthetic_mean,synthetic_mean,1,3,Hist-gradient-boosting,0.8,0.8,0.7999549898727214,,0.10719550296198577,9.170597477350384,113910,,,,1600,400
synthetic_mean,synthetic_mean,1,3,PVM-DECA-amplitude,0.535,0.5349999999999999,0.534429676353533,0.5190944046535099,0.0038031350122764707,1.408160023856908,48770,,,,1600,400
synthetic_mean,synthetic_mean,1,3,Spectral-DECA-amplitude,0.565,0.565,0.5641173376086576,0.5190944046535099,0.002399002085439861,1.1961249401792884,48776,,,,1600,400
synthetic_mean,synthetic_mean,1,3,Spectral-DECA-affine,0.795,0.795,0.794979497949795,0.5999570856143408,0.002359120058827102,1.1529124458320439,52413,,,,1600,400
synthetic_mean,synthetic_mean,1,3,PGM-affine,0.8025,0.8025,0.8024987656172851,0.562339668873503,0.002381567028351128,1.6950501594692469,43881,,,,1600,400
synthetic_mean,synthetic_mean,1,4,Logistic,0.8325,0.8325,0.8324151601748385,,0.0018281210213899612,0.5729898111894727,1464,,,,1600,400
synthetic_mean,synthetic_mean,1,4,LDA-shrinkage,0.835,0.835,0.8348513662296067,,0.001959561021067202,0.4380173049867153,2816,,,,1600,400
synthetic_mean,synthetic_mean,1,4,QDA,0.8475,0.8474999999999999,0.8474761681512737,,0.0009343619458377361,0.5270575638860464,3993,,,,1600,400
synthetic_mean,synthetic_mean,1,4,SVM-polynomial-2,0.8375,0.8374999999999999,0.8374989843686522,,0.01903640595264733,7.877260213717818,79069,,,,1600,400
synthetic_mean,synthetic_mean,1,4,SVM-RBF,0.7725,0.7725,0.7724644475699328,,0.034062780905514956,15.107265207916498,94032,,,,1600,400
synthetic_mean,synthetic_mean,1,4,Random-forest,0.8275,0.8275,0.8273694481451598,,0.3103485939791426,111.65497242473066,8967002,,,,1600,400
synthetic_mean,synthetic_mean,1,4,Hist-gradient-boosting,0.8175,0.8175,0.8174714799187373,,0.5507482670946047,2.0397373009473085,113910,,,,1600,400
synthetic_mean,synthetic_mean,1,4,PVM-DECA-amplitude,0.57,0.5700000000000001,0.568922305764411,0.5153972669703248,0.004027728922665119,2.3297424195334315,48770,,,,1600,400
synthetic_mean,synthetic_mean,1,4,Spectral-DECA-amplitude,0.56,0.56,0.5581331123998896,0.5153972669703248,0.0038445480167865753,2.0332299754954875,48776,,,,1600,400
synthetic_mean,synthetic_mean,1,4,Spectral-DECA-affine,0.835,0.835,0.8349339735894358,0.6081322761453594,0.004131985944695771,2.243670169264078,52413,,,,1600,400
synthetic_mean,synthetic_mean,1,4,PGM-affine,0.8425,0.8425,0.8424202252390273,0.5703295931827896,0.004357055993750691,2.5972150615416467,43881,,,,1600,400
iris,public_tabular,0,0,Logistic,1.0,1.0,1.0,,0.003553882008418441,8.219267086436352,1337,,,,120,30
iris,public_tabular,0,0,LDA-shrinkage,1.0,1.0,1.0,,0.0027160990284755826,8.308301524569591,1536,,,,120,30
iris,public_tabular,0,0,QDA,1.0,1.0,1.0,,0.00103647296782583,9.613868314772844,1757,,,,120,30
iris,public_tabular,0,0,SVM-polynomial-2,1.0,1.0,1.0,,0.001389776007272303,8.989300113171339,3254,,,,120,30
iris,public_tabular,0,0,SVM-RBF,1.0,1.0,1.0,,0.0011713369749486446,9.451868633429209,3305,,,,120,30
iris,public_tabular,0,0,Random-forest,1.0,1.0,1.0,,0.2835099489893764,1127.6441354614992,523705,,,,120,30
iris,public_tabular,0,0,Hist-gradient-boosting,1.0,1.0,1.0,,1.248631624970585,66.56116650750239,65844,,,,120,30
iris,public_tabular,0,0,PVM-DECA-amplitude,0.6,0.6,0.4957555178268251,0.4981354013677651,0.00613027298822999,9.496634205182394,8974,17.0,0.03918995043316864,0.24157679484191358,120,30
iris,public_tabular,0,0,Spectral-DECA-amplitude,0.5333333333333333,0.5333333333333333,0.43731431966726086,0.4981354013677651,0.005387173965573311,8.81006708368659,8980,17.0,0.03918995043316864,0.24157679484191358,120,30
iris,public_tabular,0,0,Spectral-DECA-affine,0.8666666666666667,0.8666666666666667,0.8611111111111112,0.7061942416041448,0.02494724397547543,9.739065232376257,10818,10.0,0.07741159355728577,0.2566367342218477,120,30
iris,public_tabular,0,0,PGM-affine,0.9,0.9,0.8976982097186701,0.6429195363634672,0.0010524260578677058,8.073635399341583,8441,,,,120,30
iris,public_tabular,0,1,Logistic,0.9333333333333333,0.9333333333333332,0.9326599326599326,,0.0021994239650666714,7.49356501425306,1337,,,,120,30
iris,public_tabular,0,1,LDA-shrinkage,1.0,1.0,1.0,,0.0020126490853726864,5.987100303173065,1536,,,,120,30
iris,public_tabular,0,1,QDA,0.9,0.9,0.8976982097186701,,0.0007034700829535723,6.571765212963025,1757,,,,120,30
iris,public_tabular,0,1,SVM-polynomial-2,0.9,0.9,0.8976982097186701,,0.0008384629618376493,7.743233193953832,3098,,,,120,30
iris,public_tabular,0,1,SVM-RBF,0.9333333333333333,0.9333333333333332,0.9326599326599326,,0.0008065479341894388,6.6879321821033955,3149,,,,120,30
iris,public_tabular,0,1,Random-forest,0.9333333333333333,0.9333333333333332,0.9326599326599326,,0.29165839101187885,895.5869319227835,434112,,,,120,30
iris,public_tabular,0,1,Hist-gradient-boosting,0.9,0.9,0.8976982097186701,,2.4405218090396374,101.64863197132945,63147,,,,120,30
iris,public_tabular,0,1,PVM-DECA-amplitude,0.4,0.39999999999999997,0.29946524064171126,0.43896469982431197,0.010431576054543257,13.31899936000506,8938,13.0,0.050497973801978735,0.2161080169871129,120,30
iris,public_tabular,0,1,Spectral-DECA-amplitude,0.4,0.39999999999999997,0.3014705882352941,0.43896469982431197,0.010186733095906675,12.06766658773025,8944,13.0,0.050497973801978735,0.2161080169871129,120,30
iris,public_tabular,0,1,Spectral-DECA-affine,0.7333333333333333,0.7333333333333334,0.7222222222222222,0.6815932729138253,0.04073123098351061,13.78713253264626,10791,7.0,0.08169237770579407,0.25053424277866543,120,30
iris,public_tabular,0,1,PGM-affine,0.8333333333333334,0.8333333333333334,0.8329156223893066,0.6378667664170276,0.0017025199485942721,10.508298873901367,8441,,,,120,30
iris,public_tabular,0,2,Logistic,0.9333333333333333,0.9333333333333332,0.9333333333333332,,0.003309751977212727,7.356233739604552,1337,,,,120,30
iris,public_tabular,0,2,LDA-shrinkage,0.9333333333333333,0.9333333333333332,0.9333333333333332,,0.0026148000033572316,7.022967717299859,1536,,,,120,30
iris,public_tabular,0,2,QDA,0.9666666666666667,0.9666666666666667,0.9665831244778613,,0.000894787022843957,8.605699986219406,1757,,,,120,30
iris,public_tabular,0,2,SVM-polynomial-2,0.9666666666666667,0.9666666666666667,0.9665831244778613,,0.0009894410613924265,8.17909991989533,3046,,,,120,30
iris,public_tabular,0,2,SVM-RBF,0.9666666666666667,0.9666666666666667,0.9665831244778612,,0.0010090949945151806,8.477666415274143,3201,,,,120,30
iris,public_tabular,0,2,Random-forest,0.9,0.9,0.899749373433584,,0.2606186780612916,887.0338982281586,418096,,,,120,30
iris,public_tabular,0,2,Hist-gradient-boosting,0.9,0.9,0.899749373433584,,1.7601271129678935,298.1304656714201,62811,,,,120,30
iris,public_tabular,0,2,PVM-DECA-amplitude,0.6,0.6000000000000001,0.5287490287490287,0.5454342247671902,0.005768970004282892,9.922268024335304,8938,13.0,0.042991765241800484,0.2495229202640238,120,30
iris,public_tabular,0,2,Spectral-DECA-amplitude,0.5666666666666667,0.5666666666666668,0.5080661423674128,0.5454342247671902,0.005266007035970688,8.008501026779413,8944,13.0,0.042991765241800484,0.2495229202640238,120,30
iris,public_tabular,0,2,Spectral-DECA-affine,0.8333333333333334,0.8333333333333334,0.8341307814992026,0.7382021389327359,0.02268926298711449,9.340199176222086,10818,10.0,0.07303571373199136,0.26394109661842136,120,30
iris,public_tabular,0,2,PGM-affine,0.9,0.9,0.899749373433584,0.6439064853249928,0.0009675859473645687,7.1603998852272825,8441,,,,120,30
iris,public_tabular,0,3,Logistic,0.9333333333333333,0.9333333333333332,0.9326599326599326,,0.0018328460864722729,6.123069518556197,1337,,,,120,30
iris,public_tabular,0,3,LDA-shrinkage,0.9666666666666667,0.9666666666666667,0.9665831244778612,,0.0018370840698480606,5.43776744355758,1536,,,,120,30
iris,public_tabular,0,3,QDA,0.9333333333333333,0.9333333333333332,0.9326599326599326,,0.0008805689867585897,8.430832531303167,1757,,,,120,30
iris,public_tabular,0,3,SVM-polynomial-2,0.9333333333333333,0.9333333333333332,0.9326599326599326,,0.0012223009252920747,10.926365697135529,2994,,,,120,30
iris,public_tabular,0,3,SVM-RBF,0.9,0.9,0.8976982097186701,,0.0010721760336309671,8.240734071781239,3149,,,,120,30
iris,public_tabular,0,3,Random-forest,0.9333333333333333,0.9333333333333332,0.9326599326599326,,0.30338094697799534,854.945566970855,419152,,,,120,30
iris,public_tabular,0,3,Hist-gradient-boosting,0.9333333333333333,0.9333333333333332,0.9326599326599326,,1.6635829019360244,65.04953295613329,63027,,,,120,30
iris,public_tabular,0,3,PVM-DECA-amplitude,0.6333333333333333,0.6333333333333333,0.60067467847354,0.5343299956401188,0.00536462408490479,9.553266378740469,8983,18.0,0.03754604737556111,0.23073132440591101,120,30
iris,public_tabular,0,3,Spectral-DECA-amplitude,0.5666666666666667,0.5666666666666667,0.4765300059417707,0.5343299956401188,0.0050749549409374595,7.806000454972188,8989,18.0,0.03754604737556111,0.23073132440591101,120,30
iris,public_tabular,0,3,Spectral-DECA-affine,0.8333333333333334,0.8333333333333334,0.8329156223893066,0.7367694275931865,0.017784853000193834,8.293268426011005,10809,9.0,0.07488206292028732,0.25444566983618255,120,30
iris,public_tabular,0,3,PGM-affine,0.9,0.9,0.899749373433584,0.660414442278196,0.0008404440013691783,6.087333895266056,8441,,,,120,30
iris,public_tabular,0,4,Logistic,1.0,1.0,1.0,,0.00161616294644773,5.296299544473489,1337,,,,120,30
iris,public_tabular,0,4,LDA-shrinkage,1.0,1.0,1.0,,0.0016412939876317978,4.931298705438773,1536,,,,120,30
iris,public_tabular,0,4,QDA,1.0,1.0,1.0,,0.0008251960389316082,7.10003466034929,1757,,,,120,30
iris,public_tabular,0,4,SVM-polynomial-2,1.0,1.0,1.0,,0.0011712140403687954,9.605598946412405,3254,,,,120,30
iris,public_tabular,0,4,SVM-RBF,1.0,1.0,1.0,,0.0010545370168983936,8.117865460614363,3305,,,,120,30
iris,public_tabular,0,4,Random-forest,1.0,1.0,1.0,,0.24838451598770916,850.2625006561478,507513,,,,120,30
iris,public_tabular,0,4,Hist-gradient-boosting,1.0,1.0,1.0,,0.5148615390062332,69.20760109399755,65323,,,,120,30
iris,public_tabular,0,4,PVM-DECA-amplitude,0.4666666666666667,0.4666666666666666,0.3848039215686274,0.49723856298196417,0.011693425010889769,14.730663194010654,8947,14.0,0.04189867896186772,0.21396071827971877,120,30
iris,public_tabular,0,4,Spectral-DECA-amplitude,0.5,0.5,0.41269841269841273,0.49723856298196417,0.01132587599568069,11.960296736409267,8953,14.0,0.04189867896186772,0.21396071827971877,120,30
iris,public_tabular,0,4,Spectral-DECA-affine,0.8,0.7999999999999999,0.7916666666666666,0.7229139076474594,0.0325160319916904,20.045934555431206,10818,10.0,0.08419418210405205,0.261073117560536,120,30
iris,public_tabular,0,4,PGM-affine,0.9,0.9,0.8976982097186701,0.6581411889177492,0.0016087020048871636,10.16539754346013,8441,,,,120,30
iris,public_tabular,1,0,Logistic,0.9666666666666667,0.9666666666666667,0.9665831244778612,,0.0017086629522964358,6.179301999509335,1337,,,,120,30
iris,public_tabular,1,0,LDA-shrinkage,0.9666666666666667,0.9666666666666667,0.9665831244778612,,0.0017212280072271824,5.1705981604754925,1536,,,,120,30
iris,public_tabular,1,0,QDA,0.9666666666666667,0.9666666666666667,0.9665831244778612,,0.0006505859782919288,5.862202184895675,1757,,,,120,30
iris,public_tabular,1,0,SVM-polynomial-2,0.9666666666666667,0.9666666666666667,0.9665831244778612,,0.000743456999771297,5.837269903471072,3150,,,,120,30
iris,public_tabular,1,0,SVM-RBF,0.9666666666666667,0.9666666666666667,0.9665831244778612,,0.0007507350528612733,5.7324340256551904,3149,,,,120,30
iris,public_tabular,1,0,Random-forest,0.9666666666666667,0.9666666666666667,0.9665831244778612,,0.23807614110410213,854.9193657624224,478825,,,,120,30
iris,public_tabular,1,0,Hist-gradient-boosting,0.9666666666666667,0.9666666666666667,0.9665831244778612,,2.4283097570296377,170.463133448114,66172,,,,120,30
iris,public_tabular,1,0,PVM-DECA-amplitude,0.5333333333333333,0.5333333333333333,0.43731431966726086,0.5278063759151302,0.004566506948322058,8.19213455542922,8947,14.0,0.03882838926196436,0.21898281322076774,120,30
iris,public_tabular,1,0,Spectral-DECA-amplitude,0.5333333333333333,0.5333333333333333,0.43731431966726086,0.5278063759151302,0.004208371043205261,7.426098454743624,8953,14.0,0.03882838926196436,0.21898281322076774,120,30
iris,public_tabular,1,0,Spectral-DECA-affine,0.8666666666666667,0.8666666666666667,0.8611111111111112,0.7402445764142713,0.019648020970635116,8.808068620661894,10809,9.0,0.07358315596982301,0.26102777314281567,120,30
iris,public_tabular,1,0,PGM-affine,0.9333333333333333,0.9333333333333332,0.9326599326599326,0.6558300930708237,0.0008413250325247645,6.085366476327181,8441,,,,120,30
iris,public_tabular,1,1,Logistic,0.9666666666666667,0.9666666666666667,0.9665831244778613,,0.0017069890163838863,5.176399524013202,1337,,,,120,30
iris,public_tabular,1,1,LDA-shrinkage,1.0,1.0,1.0,,0.0015963709447532892,4.634330980479717,1536,,,,120,30
iris,public_tabular,1,1,QDA,0.9333333333333333,0.9333333333333332,0.9326599326599326,,0.0005666649667546153,5.25469658896327,1757,,,,120,30
iris,public_tabular,1,1,SVM-polynomial-2,0.9666666666666667,0.9666666666666667,0.9665831244778613,,0.0006775340298190713,5.658735365917285,3098,,,,120,30
iris,public_tabular,1,1,SVM-RBF,1.0,1.0,1.0,,0.0007681188872084022,6.12413277849555,3149,,,,120,30
iris,public_tabular,1,1,Random-forest,0.9666666666666667,0.9666666666666667,0.9665831244778613,,0.2737585499417037,1047.5349340898294,483401,,,,120,30
iris,public_tabular,1,1,Hist-gradient-boosting,0.9666666666666667,0.9666666666666667,0.9665831244778613,,2.3633839290123433,203.82279762998223,62355,,,,120,30
iris,public_tabular,1,1,PVM-DECA-amplitude,0.6666666666666666,0.6666666666666666,0.590491118077325,0.5863076726640911,0.008528238977305591,10.073266457766294,8965,16.0,0.03708561169600866,0.23853110642476857,120,30
iris,public_tabular,1,1,Spectral-DECA-amplitude,0.6333333333333333,0.6333333333333333,0.5308432371250708,0.5863076726640911,0.004466315032914281,7.3424346434573335,8971,16.0,0.03708561169600866,0.23853110642476857,120,30
iris,public_tabular,1,1,Spectral-DECA-affine,0.8666666666666667,0.8666666666666667,0.8666666666666667,0.705432927651161,0.01942295301705599,8.634667998800674,10827,11.0,0.07655545070967296,0.2528073629942555,120,30
iris,public_tabular,1,1,PGM-affine,0.9666666666666667,0.9666666666666667,0.9665831244778613,0.6457145763575501,0.0009166860254481435,6.804432875166337,8441,,,,120,30
iris,public_tabular,1,2,Logistic,0.9333333333333333,0.9333333333333332,0.9333333333333332,,0.0026907320134341717,10.847967738906542,1337,,,,120,30
iris,public_tabular,1,2,LDA-shrinkage,0.9666666666666667,0.9666666666666667,0.9665831244778612,,0.0019084049854427576,5.548866465687752,1536,,,,120,30
iris,public_tabular,1,2,QDA,0.9333333333333333,0.9333333333333332,0.9333333333333332,,0.0006216570036485791,6.733330277105172,1757,,,,120,30
iris,public_tabular,1,2,SVM-polynomial-2,0.9333333333333333,0.9333333333333332,0.9333333333333332,,0.0007746750488877296,7.577535385886828,2942,,,,120,30
iris,public_tabular,1,2,SVM-RBF,0.9333333333333333,0.9333333333333332,0.9333333333333332,,0.0007619330426678061,5.9964329314728575,3253,,,,120,30
iris,public_tabular,1,2,Random-forest,0.8666666666666667,0.8666666666666667,0.8653198653198654,,0.266687273979187,872.0844013926884,445376,,,,120,30
iris,public_tabular,1,2,Hist-gradient-boosting,0.8666666666666667,0.8666666666666667,0.8653198653198654,,0.6112331879558042,74.80893206472199,63931,,,,120,30
iris,public_tabular,1,2,PVM-DECA-amplitude,0.5666666666666667,0.5666666666666667,0.5222433059245203,0.47502517493772517,0.012360514025203884,13.158431587119898,8965,16.0,0.04331704931750213,0.2427634048249197,120,30
iris,public_tabular,1,2,Spectral-DECA-amplitude,0.5333333333333333,0.5333333333333333,0.47095959595959597,0.47502517493772517,0.005511445924639702,7.680931594222784,8971,16.0,0.04331704931750213,0.2427634048249197,120,30
iris,public_tabular,1,2,Spectral-DECA-affine,0.7666666666666667,0.7666666666666666,0.751111111111111,0.724925033702317,0.014482964063063264,8.147830764452616,10791,7.0,0.07865412040144948,0.2592819984567173,120,30
iris,public_tabular,1,2,PGM-affine,0.8333333333333334,0.8333333333333334,0.8294970161977835,0.6510410015194703,0.0008258890593424439,5.96193519110481,8441,,,,120,30
iris,public_tabular,1,3,Logistic,0.9333333333333333,0.9333333333333332,0.9326599326599326,,0.0016308160265907645,5.12906505415837,1337,,,,120,30
iris,public_tabular,1,3,LDA-shrinkage,0.9666666666666667,0.9666666666666667,0.9665831244778613,,0.001499656937085092,4.255065384010474,1536,,,,120,30
iris,public_tabular,1,3,QDA,0.9333333333333333,0.9333333333333332,0.9326599326599326,,0.0005226630019024014,4.987465217709541,1757,,,,120,30
iris,public_tabular,1,3,SVM-polynomial-2,0.9666666666666667,0.9666666666666667,0.9665831244778613,,0.0006452170200645924,5.3580656337241335,3098,,,,120,30
iris,public_tabular,1,3,SVM-RBF,0.9666666666666667,0.9666666666666667,0.9665831244778613,,0.0007142010144889355,5.852834631999333,3305,,,,120,30
iris,public_tabular,1,3,Random-forest,0.9,0.9,0.8976982097186701,,0.2575608069309965,985.1812656658391,451712,,,,120,30
iris,public_tabular,1,3,Hist-gradient-boosting,0.9,0.9,0.8976982097186701,,2.3777511679800227,42.887330831338964,64243,,,,120,30
iris,public_tabular,1,3,PVM-DECA-amplitude,0.5,0.5,0.39999999999999997,0.4751922725243603,0.0057834560284391046,8.655634398261705,8956,15.0,0.05207075459493393,0.24456410706402704,120,30
iris,public_tabular,1,3,Spectral-DECA-amplitude,0.4666666666666667,0.4666666666666666,0.36898698358800225,0.4751922725243603,0.004502787021920085,7.269030902534723,8962,15.0,0.05207075459493393,0.24456410706402704,120,30
iris,public_tabular,1,3,Spectral-DECA-affine,0.8,0.8000000000000002,0.7979797979797979,0.6913328455402381,0.017809120938181877,8.538501181950172,10800,8.0,0.0814218175973982,0.2559734772175719,120,30
iris,public_tabular,1,3,PGM-affine,0.8,0.7999999999999999,0.7999999999999999,0.637624499075414,0.0008526300080120564,6.368698086589575,8441,,,,120,30
iris,public_tabular,1,4,Logistic,0.9666666666666667,0.9666666666666667,0.9665831244778612,,0.0016837390139698982,5.4449657909572124,1337,,,,120,30
iris,public_tabular,1,4,LDA-shrinkage,0.9666666666666667,0.9666666666666667,0.9665831244778612,,0.0015441619325429201,4.430868042012055,1536,,,,120,30
iris,public_tabular,1,4,QDA,1.0,1.0,1.0,,0.000554356025531888,4.9812641615668936,1757,,,,120,30
iris,public_tabular,1,4,SVM-polynomial-2,1.0,1.0,1.0,,0.0006321929395198822,5.067698657512665,3046,,,,120,30
iris,public_tabular,1,4,SVM-RBF,0.9333333333333333,0.9333333333333332,0.9326599326599326,,0.000688976957462728,5.806132685393095,3253,,,,120,30
iris,public_tabular,1,4,Random-forest,0.9666666666666667,0.9666666666666667,0.9665831244778612,,0.2434137969976291,972.2810005769134,459280,,,,120,30
iris,public_tabular,1,4,Hist-gradient-boosting,0.9666666666666667,0.9666666666666667,0.9665831244778612,,0.46146368188783526,58.395469871660076,63123,,,,120,30
iris,public_tabular,1,4,PVM-DECA-amplitude,0.4666666666666667,0.4666666666666666,0.3848039215686274,0.462890958271388,0.011891194037161767,13.799868368854126,8974,17.0,0.04403735603798259,0.20832123150112214,120,30
iris,public_tabular,1,4,Spectral-DECA-amplitude,0.4666666666666667,0.4666666666666666,0.3848039215686274,0.462890958271388,0.00954054098110646,8.609731836865345,8980,17.0,0.04403735603798259,0.20832123150112214,120,30
iris,public_tabular,1,4,Spectral-DECA-affine,0.7333333333333333,0.7333333333333334,0.7328587168404103,0.7242316653409941,0.022049029008485377,8.925066019097963,10827,11.0,0.07421323678123859,0.2569670476772605,120,30
iris,public_tabular,1,4,PGM-affine,0.9,0.9,0.899749373433584,0.6537080287842298,0.0008995190728455782,6.382299276689689,8441,,,,120,30
wine,public_tabular,0,0,Logistic,0.9444444444444444,0.942857142857143,0.9453132832080201,,0.0018581380136311054,5.257471154133479,1772,,,,142,36
wine,public_tabular,0,0,LDA-shrinkage,0.9722222222222222,0.9761904761904763,0.974320987654321,,0.0016817159485071898,3.8246119705339274,3408,,,,142,36
wine,public_tabular,0,0,QDA,1.0,1.0,1.0,,0.000642535975202918,4.573220697542031,6077,,,,142,36
wine,public_tabular,0,0,SVM-polynomial-2,0.9444444444444444,0.9333333333333332,0.9407407407407407,,0.0008110459893941879,6.658222345221374,6570,,,,142,36
wine,public_tabular,0,0,SVM-RBF,0.9444444444444444,0.9333333333333332,0.9407407407407407,,0.0008498379029333591,6.52655661623511,8801,,,,142,36
wine,public_tabular,0,0,Random-forest,0.9722222222222222,0.9761904761904763,0.974320987654321,,0.25191775895655155,791.440637031984,576162,,,,142,36
wine,public_tabular,0,0,Hist-gradient-boosting,0.9722222222222222,0.9761904761904763,0.974320987654321,,1.55982895498164,61.78038893267512,82751,,,,142,36
wine,public_tabular,0,0,PVM-DECA-amplitude,0.6944444444444444,0.665079365079365,0.6786786786786787,0.5385104678261137,0.11314114404376596,9.788640050424469,41555,20.0,0.14250376974312556,0.23936778297248815,142,36
wine,public_tabular,0,0,Spectral-DECA-amplitude,0.7222222222222222,0.6952380952380951,0.673015873015873,0.5385104678261137,0.03666491503827274,8.395193920781216,41561,20.0,0.14250376974312556,0.23936778297248815,142,36
wine,public_tabular,0,0,Spectral-DECA-affine,0.9166666666666666,0.9,0.9089184060721062,0.7325995482065033,0.047386136022396386,9.214195112387339,47206,20.0,0.3218111737124327,0.3379547963597242,142,36
wine,public_tabular,0,0,PGM-affine,0.9722222222222222,0.9666666666666667,0.9709618874773139,0.6784413263240052,0.0011962420539930463,7.500141186432706,33809,,,,142,36
wine,public_tabular,0,1,Logistic,0.9444444444444444,0.9523809523809524,0.9440559440559441,,0.0018392399651929736,4.657777026295662,1772,,,,142,36
wine,public_tabular,0,1,LDA-shrinkage,0.9722222222222222,0.9761904761904763,0.9717813051146384,,0.0017605919856578112,4.703971272748378,3408,,,,142,36
wine,public_tabular,0,1,QDA,0.9722222222222222,0.9761904761904763,0.9717813051146384,,0.0008537770481780171,6.923581370049053,6077,,,,142,36
wine,public_tabular,0,1,SVM-polynomial-2,0.9166666666666666,0.9285714285714285,0.9165217391304347,,0.0009070439264178276,6.0859440256738,6074,,,,142,36
wine,public_tabular,0,1,SVM-RBF,0.9444444444444444,0.9523809523809524,0.9440559440559441,,0.0009889679495245218,6.613305433549815,9173,,,,142,36
wine,public_tabular,0,1,Random-forest,0.9444444444444444,0.9523809523809524,0.9440559440559441,,0.27209751901682466,720.9640009225243,570002,,,,142,36
wine,public_tabular,0,1,Hist-gradient-boosting,0.9722222222222222,0.9761904761904763,0.9717813051146384,,1.2384285080479458,1016.7857496223102,80447,,,,142,36
wine,public_tabular,0,1,PVM-DECA-amplitude,0.8333333333333334,0.8277777777777778,0.8359133126934983,0.6124884133473748,0.03503193403594196,9.100250382390287,41555,20.0,0.12246504181766965,0.23164278665511964,142,36
wine,public_tabular,0,1,Spectral-DECA-amplitude,0.8611111111111112,0.8674603174603175,0.8694456940070975,0.6124884133473748,0.03061428596265614,8.806473084001077,41561,20.0,0.12246504181766965,0.23164278665511964,142,36
wine,public_tabular,0,1,Spectral-DECA-affine,0.9444444444444444,0.9523809523809524,0.9440559440559441,0.7602315105028463,0.054615075001493096,9.838970274560982,47206,20.0,0.25551346835435806,0.29363922485359684,142,36
wine,public_tabular,0,1,PGM-affine,0.9444444444444444,0.9484126984126985,0.945824706694272,0.69392459862027,0.0015141440089792013,8.894693261633316,33809,,,,142,36
wine,public_tabular,0,2,Logistic,0.9722222222222222,0.9761904761904763,0.9717813051146384,,0.0018404769944027066,4.645553417503834,1772,,,,142,36
wine,public_tabular,0,2,LDA-shrinkage,0.9722222222222222,0.9761904761904763,0.9717813051146384,,0.0016692959470674396,4.043721775006917,3408,,,,142,36
wine,public_tabular,0,2,QDA,1.0,1.0,1.0,,0.0006542009068652987,4.6172774293356476,6077,,,,142,36
wine,public_tabular,0,2,SVM-polynomial-2,0.9722222222222222,0.9761904761904763,0.9717813051146384,,0.0007754119578748941,4.890694981440902,6570,,,,142,36
wine,public_tabular,0,2,SVM-RBF,0.9722222222222222,0.9761904761904763,0.9717813051146384,,0.0008052450139075518,5.495527552233802,9049,,,,142,36
wine,public_tabular,0,2,Random-forest,0.9722222222222222,0.9761904761904763,0.9717813051146384,,0.253756778081879,2651.8605009187013,555922,,,,142,36
wine,public_tabular,0,2,Hist-gradient-boosting,0.9166666666666666,0.9285714285714285,0.9163636363636364,,0.9722045920789242,156.55094304949873,80623,,,,142,36
wine,public_tabular,0,2,PVM-DECA-amplitude,0.7777777777777778,0.7841269841269841,0.7868686868686868,0.5287393585594082,0.058180949999950826,9.76575150464972,41555,20.0,0.14641369298874685,0.22371459423382736,142,36
wine,public_tabular,0,2,Spectral-DECA-amplitude,0.7222222222222222,0.753968253968254,0.722943722943723,0.5287393585594082,0.04649765300564468,7.928863245372971,41561,20.0,0.14641369298874685,0.22371459423382736,142,36
wine,public_tabular,0,2,Spectral-DECA-affine,0.9166666666666666,0.9285714285714285,0.9163636363636364,0.7079239512755908,0.0554298700299114,9.410500448818008,47206,20.0,0.3091492306701208,0.2786603429540528,142,36
wine,public_tabular,0,2,PGM-affine,0.9722222222222222,0.9761904761904763,0.9717813051146384,0.6684699781059265,0.0011980299605056643,7.06349965184927,33809,,,,142,36
wine,public_tabular,0,3,Logistic,1.0,1.0,1.0,,0.0019076510798186064,5.135971254536083,1772,,,,143,35
wine,public_tabular,0,3,LDA-shrinkage,1.0,1.0,1.0,,0.001683990005403757,4.2574280606848856,3408,,,,143,35
wine,public_tabular,0,3,QDA,1.0,1.0,1.0,,0.0007973359897732735,7.5381415496979445,6077,,,,143,35
wine,public_tabular,0,3,SVM-polynomial-2,1.0,1.0,1.0,,0.0008729099063202739,5.275543246950422,6446,,,,143,35
wine,public_tabular,0,3,SVM-RBF,1.0,1.0,1.0,,0.0009004579624161124,6.963169601346765,9173,,,,143,35
wine,public_tabular,0,3,Random-forest,1.0,1.0,1.0,,0.24548400298226625,713.276001624763,615067,,,,143,35
wine,public_tabular,0,3,Hist-gradient-boosting,0.9714285714285714,0.9629629629629629,0.968897903989182,,3.2420572550036013,41.203543410769534,82735,,,,143,35
wine,public_tabular,0,3,PVM-DECA-amplitude,0.8,0.8095238095238096,0.7875064004096263,0.5647864274222869,0.052622638060711324,9.398830921522208,41579,20.0,0.1423759220953234,0.2325954587096778,143,35
wine,public_tabular,0,3,Spectral-DECA-amplitude,0.8285714285714286,0.8134920634920634,0.8136416959946372,0.5647864274222869,0.04456707101780921,8.61705546932561,41585,20.0,0.1423759220953234,0.2325954587096778,143,35
wine,public_tabular,0,3,Spectral-DECA-affine,1.0,1.0,1.0,0.7745451856968728,0.05937403498683125,12.595685464995247,47230,20.0,0.24338105679040156,0.27791367324806954,143,35
wine,public_tabular,0,3,PGM-affine,1.0,1.0,1.0,0.7093021742206691,0.0013301490107551217,7.1939446830323766,33833,,,,143,35
wine,public_tabular,0,4,Logistic,1.0,1.0,1.0,,0.0018177260644733906,4.647911659308842,1772,,,,143,35
wine,public_tabular,0,4,LDA-shrinkage,1.0,1.0,1.0,,0.0017022399697452784,4.324829205870628,3408,,,,143,35
wine,public_tabular,0,4,QDA,1.0,1.0,1.0,,0.0006224450189620256,4.72548750362226,6077,,,,143,35
wine,public_tabular,0,4,SVM-polynomial-2,0.9428571428571428,0.9555555555555556,0.9441538629181649,,0.0007783060427755117,5.042629449495247,6570,,,,143,35
wine,public_tabular,0,4,SVM-RBF,1.0,1.0,1.0,,0.0008537319954484701,6.865114638847964,8553,,,,143,35
wine,public_tabular,0,4,Random-forest,1.0,1.0,1.0,,0.26979311101604253,805.6679707286613,585138,,,,143,35
wine,public_tabular,0,4,Hist-gradient-boosting,1.0,1.0,1.0,,4.745916749932803,38.904743269085884,82791,,,,143,35
wine,public_tabular,0,4,PVM-DECA-amplitude,0.7428571428571429,0.7003367003367004,0.7158730158730159,0.5408664468340637,0.03364675596822053,10.3073992899486,41579,20.0,0.13600885021344666,0.24848893047601311,143,35
wine,public_tabular,0,4,Spectral-DECA-amplitude,0.8,0.7757575757575758,0.7902173913043479,0.5408664468340637,0.03304110805038363,8.395626874906677,41585,20.0,0.13600885021344666,0.24848893047601311,143,35
wine,public_tabular,0,4,Spectral-DECA-affine,0.8857142857142857,0.9111111111111111,0.8974358974358975,0.7395216035701951,0.06690017599612474,9.442343642669064,47230,20.0,0.23241826395345988,0.2983503344094483,143,35
wine,public_tabular,0,4,PGM-affine,1.0,1.0,1.0,0.6864670156169282,0.0011113330256193876,6.915828479187829,33833,,,,143,35
wine,public_tabular,1,0,Logistic,1.0,1.0,1.0,,0.001883074059151113,5.0634747215857105,1772,,,,142,36
wine,public_tabular,1,0,LDA-shrinkage,1.0,1.0,1.0,,0.0017033290350809693,4.266776765386264,3408,,,,142,36
wine,public_tabular,1,0,QDA,1.0,1.0,1.0,,0.0006710529560223222,4.8241377549452915,6077,,,,142,36
wine,public_tabular,1,0,SVM-polynomial-2,1.0,1.0,1.0,,0.0007587209111079574,5.0438910774472685,6322,,,,142,36
wine,public_tabular,1,0,SVM-RBF,1.0,1.0,1.0,,0.0008761580102145672,5.760139578746425,8925,,,,142,36
wine,public_tabular,1,0,Random-forest,1.0,1.0,1.0,,0.27121627994347364,737.8765537093083,588306,,,,142,36
wine,public_tabular,1,0,Hist-gradient-boosting,1.0,1.0,1.0,,0.6784537479979917,54.064750050505005,83711,,,,142,36
wine,public_tabular,1,0,PVM-DECA-amplitude,0.8333333333333334,0.8492063492063492,0.8405372405372405,0.5720817421570576,0.03344447794370353,9.587028115573856,41555,20.0,0.13794222636347175,0.23203085383629815,142,36
wine,public_tabular,1,0,Spectral-DECA-amplitude,0.7777777777777778,0.7999999999999999,0.7859752019344549,0.5720817421570576,0.02901756903156638,8.268388531481227,41561,20.0,0.13794222636347175,0.23203085383629815,142,36
wine,public_tabular,1,0,Spectral-DECA-affine,0.9722222222222222,0.9761904761904763,0.974320987654321,0.7533770069228185,0.05084455502219498,9.569585219853455,47206,20.0,0.24743010229745188,0.29698703315082914,142,36
wine,public_tabular,1,0,PGM-affine,1.0,1.0,1.0,0.6972340985045969,0.0012003600131720304,7.409388975550731,33809,,,,142,36
wine,public_tabular,1,1,Logistic,1.0,1.0,1.0,,0.0020380730275064707,5.230527474648422,1772,,,,142,36
wine,public_tabular,1,1,LDA-shrinkage,1.0,1.0,1.0,,0.0018652109429240227,4.664082856227954,3408,,,,142,36
wine,public_tabular,1,1,QDA,1.0,1.0,1.0,,0.0007330159423872828,4.858111626365119,6077,,,,142,36
wine,public_tabular,1,1,SVM-polynomial-2,0.9722222222222222,0.9666666666666667,0.9709618874773139,,0.0008121749851852655,5.077583611839348,6198,,,,142,36
wine,public_tabular,1,1,SVM-RBF,0.9722222222222222,0.9666666666666667,0.9709618874773139,,0.0008748730178922415,5.916805498095022,8801,,,,142,36
wine,public_tabular,1,1,Random-forest,1.0,1.0,1.0,,0.23497726605273783,712.7070566639304,601515,,,,142,36
wine,public_tabular,1,1,Hist-gradient-boosting,1.0,1.0,1.0,,0.04579820192884654,37.645720618052614,81671,,,,142,36
wine,public_tabular,1,1,PVM-DECA-amplitude,0.7777777777777778,0.7611111111111111,0.7643097643097643,0.5530547714000419,0.05014676903374493,9.563415207796627,41555,20.0,0.13790486599588392,0.2387295057180411,142,36
wine,public_tabular,1,1,Spectral-DECA-amplitude,0.7222222222222222,0.7103174603174603,0.7135802469135801,0.5530547714000419,0.04408762801904231,9.089585445407364,41561,20.0,0.13790486599588392,0.2387295057180411,142,36
wine,public_tabular,1,1,Spectral-DECA-affine,0.9166666666666666,0.9285714285714285,0.9184859584859586,0.7330186605134669,0.05770001094788313,9.78722366400891,47206,20.0,0.2516738609779281,0.2796606212263542,142,36
wine,public_tabular,1,1,PGM-affine,1.0,1.0,1.0,0.6778469564058156,0.0012066700728610158,6.659557887663444,33809,,,,142,36
wine,public_tabular,1,2,Logistic,0.9722222222222222,0.9666666666666667,0.9709618874773139,,0.0018166140653192997,4.235192641822828,1772,,,,142,36
wine,public_tabular,1,2,LDA-shrinkage,1.0,1.0,1.0,,0.0016672679921612144,3.7120286530504623,3408,,,,142,36
wine,public_tabular,1,2,QDA,1.0,1.0,1.0,,0.000652219052426517,4.61074847003652,6077,,,,142,36
wine,public_tabular,1,2,SVM-polynomial-2,0.9722222222222222,0.9666666666666667,0.9709618874773139,,0.0007686238968744874,5.083999389575587,6446,,,,142,36
wine,public_tabular,1,2,SVM-RBF,0.9722222222222222,0.9666666666666667,0.9709618874773139,,0.0008559760171920061,5.589112535946899,9173,,,,142,36
wine,public_tabular,1,2,Random-forest,1.0,1.0,1.0,,0.2294923550216481,712.7337772140486,617179,,,,142,36
wine,public_tabular,1,2,Hist-gradient-boosting,0.9722222222222222,0.9761904761904763,0.974320987654321,,0.06292413896881044,48.28594198140005,83959,,,,142,36
wine,public_tabular,1,2,PVM-DECA-amplitude,0.8333333333333334,0.8206349206349207,0.8351982097186701,0.5911414177278964,0.035274430993013084,9.90269472822547,41555,20.0,0.13879433499778948,0.23049888965789334,142,36
wine,public_tabular,1,2,Spectral-DECA-amplitude,0.8333333333333334,0.8341269841269842,0.839506172839506,0.5911414177278964,0.037810646928846836,9.187306406804257,41561,20.0,0.13879433499778948,0.23049888965789334,142,36
wine,public_tabular,1,2,Spectral-DECA-affine,1.0,1.0,1.0,0.7609784950933174,0.05435197101905942,11.11538990193771,47206,20.0,0.32425362898782983,0.3307387855029617,142,36
wine,public_tabular,1,2,PGM-affine,1.0,1.0,1.0,0.7007125966248345,0.0012867129407823086,7.994835161500507,33809,,,,142,36
wine,public_tabular,1,3,Logistic,1.0,1.0,1.0,,0.0018934269901365042,4.895573614963463,1772,,,,143,35
wine,public_tabular,1,3,LDA-shrinkage,0.9714285714285714,0.9761904761904763,0.9701104613385314,,0.0017914220225065947,4.861543753317425,3408,,,,143,35
wine,public_tabular,1,3,QDA,1.0,1.0,1.0,,0.0009275299962610006,7.363116102559226,6077,,,,143,35
wine,public_tabular,1,3,SVM-polynomial-2,0.9714285714285714,0.9761904761904763,0.9701104613385314,,0.0008934549987316132,5.476742184587887,6570,,,,143,35
wine,public_tabular,1,3,SVM-RBF,1.0,1.0,1.0,,0.0010835080174729228,7.830001413822174,9049,,,,143,35
wine,public_tabular,1,3,Random-forest,0.9714285714285714,0.9761904761904763,0.9701104613385314,,0.2425302299670875,747.1093708383186,577922,,,,143,35
wine,public_tabular,1,3,Hist-gradient-boosting,0.9428571428571428,0.9523809523809524,0.9434817813765183,,0.23963141394779086,71.40797097235918,80895,,,,143,35
wine,public_tabular,1,3,PVM-DECA-amplitude,0.8571428571428571,0.8425925925925926,0.8602092352092351,0.5904995294369292,0.04685700894333422,9.886258547859532,41579,20.0,0.13401080601306037,0.233747255044244,143,35
wine,public_tabular,1,3,Spectral-DECA-amplitude,0.8857142857142857,0.9007936507936508,0.8911740890688259,0.5904995294369292,0.022330813924781978,9.382768933262144,41585,20.0,0.13401080601306037,0.233747255044244,143,35
wine,public_tabular,1,3,Spectral-DECA-affine,0.8571428571428571,0.8809523809523809,0.8623733246158874,0.7510653316907148,0.042443101992830634,9.850116579660348,47230,20.0,0.2655654925878162,0.3028840841817122,143,35
wine,public_tabular,1,3,PGM-affine,1.0,1.0,1.0,0.6978753051658779,0.0013078160118311644,7.940200157463551,33833,,,,143,35
wine,public_tabular,1,4,Logistic,0.9714285714285714,0.9777777777777779,0.9709618874773139,,0.001915803994052112,4.913541488349438,1772,,,,143,35
wine,public_tabular,1,4,LDA-shrinkage,0.9142857142857143,0.9333333333333332,0.9151368760064412,,0.001788532012142241,4.080027740980897,3408,,,,143,35
wine,public_tabular,1,4,QDA,1.0,1.0,1.0,,0.0006253659958019853,4.6478883762444765,6077,,,,143,35
wine,public_tabular,1,4,SVM-polynomial-2,0.9428571428571428,0.9555555555555556,0.9441538629181649,,0.0007516960613429546,5.076942034065723,6198,,,,143,35
wine,public_tabular,1,4,SVM-RBF,0.9714285714285714,0.9777777777777779,0.9709618874773139,,0.0008064720313996077,5.685657794986453,8553,,,,143,35
wine,public_tabular,1,4,Random-forest,0.9428571428571428,0.9555555555555556,0.9441538629181649,,0.25236359995324165,755.3991163149476,543954,,,,143,35
wine,public_tabular,1,4,Hist-gradient-boosting,0.8857142857142857,0.903030303030303,0.8850408850408851,,0.7994062569923699,59.820941117193016,80135,,,,143,35
wine,public_tabular,1,4,PVM-DECA-amplitude,0.7142857142857143,0.6565656565656565,0.6759259259259259,0.5209693457813122,0.06041301600635052,10.297570510634355,41579,20.0,0.08585067521086676,0.21834123152594564,143,35
wine,public_tabular,1,4,Spectral-DECA-amplitude,0.6,0.6121212121212122,0.5985029463290333,0.5209693457813122,0.04061990196350962,9.778913642678942,41585,20.0,0.08585067521086676,0.21834123152594564,143,35
wine,public_tabular,1,4,Spectral-DECA-affine,0.8,0.8444444444444444,0.8034889962426194,0.7155903942356716,0.05556747305672616,10.322599804827146,47230,20.0,0.21630762450446706,0.30620261827134937,143,35
wine,public_tabular,1,4,PGM-affine,0.9142857142857143,0.9252525252525253,0.9176703514271572,0.6750094612290771,0.0011924520367756486,6.853572891226837,33833,,,,143,35
breast_cancer,public_tabular,0,0,Logistic,0.9649122807017544,0.9580740255486406,0.9623015873015872,,0.0017803349765017629,1.6252804351480383,2040,,,,455,114
breast_cancer,public_tabular,0,0,LDA-shrinkage,0.9298245614035088,0.911562397641664,0.922972972972973,,0.0017716839211061597,1.8124558489050782,9728,,,,455,114
breast_cancer,public_tabular,0,0,QDA,0.9385964912280702,0.9277759580740256,0.933693394266722,,0.0010052690049633384,2.084667549321526,17097,,,,455,114
breast_cancer,public_tabular,0,0,SVM-polynomial-2,0.9473684210526315,0.9348182115951523,0.942866688940862,,0.0018436290556564927,3.0474038794636726,17572,,,,455,114
breast_cancer,public_tabular,0,0,SVM-RBF,0.9298245614035088,0.9161480510972814,0.9238222519211494,,0.0022083530202507973,4.615209865988347,22771,,,,455,114
breast_cancer,public_tabular,0,0,Random-forest,0.9385964912280702,0.9277759580740256,0.933693394266722,,0.2777671910589561,244.47665782645345,856864,,,,455,114
breast_cancer,public_tabular,0,0,Hist-gradient-boosting,0.9385964912280702,0.9277759580740256,0.933693394266722,,0.09742261795327067,6.846078720531966,107599,,,,455,114
breast_cancer,public_tabular,0,0,PVM-DECA-amplitude,0.6228070175438597,0.5091713069112349,0.4237686611026214,0.6289976593886244,0.005426676012575626,9.305991657208978,140052,,,,455,114
breast_cancer,public_tabular,0,0,Spectral-DECA-amplitude,0.631578947368421,0.5116279069767442,0.408596837944664,0.6289976593886244,0.005145663977600634,9.166184004004064,140058,,,,455,114
breast_cancer,public_tabular,0,0,Spectral-DECA-affine,0.8596491228070176,0.8185391418277105,0.8376068376068376,0.7987587910040395,0.005232603056356311,10.232078605903345,148879,,,,455,114
breast_cancer,public_tabular,0,0,PGM-affine,0.9210526315789473,0.8999344906649198,0.912836632401665,0.7486429222215457,0.005109751946292818,9.969341478784356,102034,,,,455,114
breast_cancer,public_tabular,0,1,Logistic,0.9824561403508771,0.9767441860465116,0.9811507936507937,,0.003337003057822585,2.671000466012118,2040,,,,455,114
breast_cancer,public_tabular,0,1,LDA-shrinkage,0.9824561403508771,0.9767441860465116,0.9811507936507937,,0.0029381990898400545,2.434131027640481,9728,,,,455,114
breast_cancer,public_tabular,0,1,QDA,0.9824561403508771,0.9767441860465116,0.9811507936507937,,0.001635977067053318,2.8160529358214452,17097,,,,455,114
breast_cancer,public_tabular,0,1,SVM-polynomial-2,0.9912280701754386,0.9883720930232558,0.99062114356232,,0.0023807069519534707,4.57233328600986,19132,,,,455,114
breast_cancer,public_tabular,0,1,SVM-RBF,0.9736842105263158,0.9742875859810023,0.9721203228173148,,0.0033025889424607158,7.625613075664692,24851,,,,455,114
breast_cancer,public_tabular,0,1,Random-forest,0.9912280701754386,0.9883720930232558,0.99062114356232,,0.28903550701215863,229.90715775736854,1005851,,,,455,114
breast_cancer,public_tabular,0,1,Hist-gradient-boosting,0.9912280701754386,0.9883720930232558,0.99062114356232,,0.1291993309278041,7.3104737359180785,115775,,,,455,114
breast_cancer,public_tabular,0,1,PVM-DECA-amplitude,0.6666666666666666,0.5581395348837209,0.4986111111111111,0.6416875456432201,0.005694755003787577,10.562289645078412,140052,,,,455,114
breast_cancer,public_tabular,0,1,Spectral-DECA-amplitude,0.6228070175438597,0.5,0.3837837837837838,0.6416875456432201,0.005274325958453119,10.330526141874623,140058,,,,455,114
breast_cancer,public_tabular,0,1,Spectral-DECA-affine,0.8771929824561403,0.8372093023255813,0.857905982905983,0.839192111513804,0.006092066061682999,10.989658461001358,148879,,,,455,114
breast_cancer,public_tabular,0,1,PGM-affine,0.9824561403508771,0.9767441860465116,0.9811507936507937,0.7743018213234365,0.006141444901004434,11.39254329660744,102034,,,,455,114
breast_cancer,public_tabular,0,2,Logistic,0.9473684210526315,0.9384920634920635,0.942866688940862,,0.0035201068967580795,2.6037011769387806,2040,,,,455,114
breast_cancer,public_tabular,0,2,LDA-shrinkage,0.9210526315789473,0.8928571428571428,0.9105882352941177,,0.00330524705350399,2.7004994958508433,9728,,,,455,114
breast_cancer,public_tabular,0,2,QDA,0.9210526315789473,0.8978174603174603,0.9117571170551303,,0.0045904150465503335,3.6562366100649037,17097,,,,455,114
breast_cancer,public_tabular,0,2,SVM-polynomial-2,0.9122807017543859,0.9007936507936507,0.9047778149014367,,0.0025791210355237126,4.290929881104252,15752,,,,455,114
breast_cancer,public_tabular,0,2,SVM-RBF,0.9122807017543859,0.9007936507936507,0.9047778149014367,,0.003551144036464393,7.465210122366746,22511,,,,455,114
breast_cancer,public_tabular,0,2,Random-forest,0.9122807017543859,0.9057539682539683,0.9057539682539683,,0.3186315669445321,337.10123726019737,844544,,,,455,114
breast_cancer,public_tabular,0,2,Hist-gradient-boosting,0.9210526315789473,0.9077380952380952,0.9138321995464853,,0.05551879107952118,6.803833234140225,109615,,,,455,114
breast_cancer,public_tabular,0,2,PVM-DECA-amplitude,0.7192982456140351,0.6240079365079365,0.611749680715198,0.649828890354885,0.007352278917096555,10.948350424306435,140052,,,,455,114
breast_cancer,public_tabular,0,2,Spectral-DECA-amplitude,0.6403508771929824,0.5168650793650794,0.43242258652094717,0.649828890354885,0.0033171469112858176,6.490078624011132,140058,,,,455,114
breast_cancer,public_tabular,0,2,Spectral-DECA-affine,0.8421052631578947,0.7857142857142857,0.8080808080808081,0.7786681827921563,0.0033451500348746777,6.0420256647232335,148879,,,,455,114
breast_cancer,public_tabular,0,2,PGM-affine,0.9122807017543859,0.8809523809523809,0.8999648999648999,0.7324735916726491,0.0032681679585948586,6.206701264569634,102034,,,,455,114
breast_cancer,public_tabular,0,3,Logistic,0.9736842105263158,0.9642857142857143,0.9712773998488284,,0.0021581780165433884,1.8341836454183387,2040,,,,455,114
breast_cancer,public_tabular,0,3,LDA-shrinkage,0.9473684210526315,0.9285714285714286,0.9415384615384615,,0.002040653023868799,1.6247984348681934,9728,,,,455,114
breast_cancer,public_tabular,0,3,QDA,0.9824561403508771,0.9761904761904762,0.9809555629802873,,0.0011548700276762247,2.289447206350272,17097,,,,455,114
breast_cancer,public_tabular,0,3,SVM-polynomial-2,0.9649122807017544,0.9523809523809523,0.9614864864864865,,0.0017017850186675787,3.1449303047306705,18872,,,,455,114
breast_cancer,public_tabular,0,3,SVM-RBF,0.9649122807017544,0.9573412698412699,0.9619111259605746,,0.0020759759936481714,5.2805438539699505,23291,,,,455,114
breast_cancer,public_tabular,0,3,Random-forest,0.956140350877193,0.9503968253968254,0.9526381387619444,,0.3551453620893881,312.5793249509706,923113,,,,455,114
breast_cancer,public_tabular,0,3,Hist-gradient-boosting,0.9473684210526315,0.9434523809523809,0.9434523809523809,,1.10898020491004,7.586560841126923,109503,,,,455,114
breast_cancer,public_tabular,0,3,PVM-DECA-amplitude,0.6578947368421053,0.5357142857142857,0.4601092896174863,0.6672482579178929,0.006478269933722913,8.791157150673762,140052,,,,455,114
breast_cancer,public_tabular,0,3,Spectral-DECA-amplitude,0.6403508771929824,0.5119047619047619,0.41244500314267757,0.6672482579178929,0.0050848249811679125,9.082841866633348,140058,,,,455,114
breast_cancer,public_tabular,0,3,Spectral-DECA-affine,0.8859649122807017,0.8452380952380952,0.8670494303400018,0.8347001702909815,0.005120318033732474,9.807517033135682,148879,,,,455,114
breast_cancer,public_tabular,0,3,PGM-affine,0.956140350877193,0.9404761904761905,0.951575906889814,0.7772520925157546,0.004245619056746364,6.219518183027966,102034,,,,455,114
breast_cancer,public_tabular,0,4,Logistic,1.0,1.0,1.0,,0.001962022972293198,1.7358585615205553,2040,,,,456,113
breast_cancer,public_tabular,0,4,LDA-shrinkage,0.9911504424778761,0.9880952380952381,0.9904794001179543,,0.0026951920008286834,2.1595402777326846,9728,,,,456,113
breast_cancer,public_tabular,0,4,QDA,0.9911504424778761,0.9880952380952381,0.9904794001179543,,0.0013170570600777864,2.4764423580032533,17097,,,,456,113
breast_cancer,public_tabular,0,4,SVM-polynomial-2,1.0,1.0,1.0,,0.0020201049046590924,3.742185973488124,19912,,,,456,113
breast_cancer,public_tabular,0,4,SVM-RBF,1.0,1.0,1.0,,0.0025238420348614454,5.282655325347343,23811,,,,456,113
breast_cancer,public_tabular,0,4,Random-forest,0.9734513274336283,0.9740107310529846,0.9717146433041302,,0.2637592980172485,321.67303565461026,993842,,,,456,113
breast_cancer,public_tabular,0,4,Hist-gradient-boosting,0.9911504424778761,0.9880952380952381,0.9904794001179543,,0.07060082198586315,6.753823563324667,117455,,,,456,113
breast_cancer,public_tabular,0,4,PVM-DECA-amplitude,0.6814159292035398,0.5762910798122066,0.5377272727272727,0.6589376233545123,0.005553780007176101,9.100247520656712,140068,,,,456,113
breast_cancer,public_tabular,0,4,Spectral-DECA-amplitude,0.6283185840707964,0.5048625083836351,0.40734265734265734,0.6589376233545123,0.0046824830351397395,8.403840763247118,140074,,,,456,113
breast_cancer,public_tabular,0,4,Spectral-DECA-affine,0.9469026548672567,0.9285714285714286,0.9412681912681913,0.849116050458283,0.004861862049438059,8.656255966794175,148895,,,,456,113
breast_cancer,public_tabular,0,4,PGM-affine,0.9823008849557522,0.9761904761904762,0.9808604336043361,0.7824419204520721,0.00316382700111717,5.595070779719184,102050,,,,456,113
breast_cancer,public_tabular,1,0,Logistic,0.9736842105263158,0.9697019325253848,0.9718634306869601,,0.0018160110339522362,1.5476487756690436,2040,,,,455,114
breast_cancer,public_tabular,1,0,LDA-shrinkage,0.9385964912280702,0.9186046511627908,0.9322062696457395,,0.001761025981977582,1.4062633884972648,9728,,,,455,114
breast_cancer,public_tabular,1,0,QDA,0.9385964912280702,0.9231903046184081,0.9329805996472662,,0.0010313399834558368,1.748456015137204,17097,,,,455,114
breast_cancer,public_tabular,1,0,SVM-polynomial-2,0.9736842105263158,0.9697019325253848,0.9718634306869601,,0.0018615879816934466,3.4092186149536516,17312,,,,455,114
breast_cancer,public_tabular,1,0,SVM-RBF,0.9649122807017544,0.9534883720930232,0.9619111259605746,,0.0026321340119466186,5.6874909715955715,23291,,,,455,114
breast_cancer,public_tabular,1,0,Random-forest,0.9473684210526315,0.9302325581395349,0.9422297297297297,,0.2625366389984265,318.79055313766,886153,,,,455,114
breast_cancer,public_tabular,1,0,Hist-gradient-boosting,0.9473684210526315,0.9302325581395349,0.9422297297297297,,0.07288451003842056,35.62474586559754,113311,,,,455,114
breast_cancer,public_tabular,1,0,PVM-DECA-amplitude,0.6754385964912281,0.5743530953160826,0.532735127949485,0.6474355578455087,0.007849935907870531,6.206087531162458,140052,,,,455,114
breast_cancer,public_tabular,1,0,Spectral-DECA-amplitude,0.6228070175438597,0.5045856534556175,0.40473588342440797,0.6474355578455087,0.0027334120823070407,5.127999956082356,140058,,,,455,114
breast_cancer,public_tabular,1,0,Spectral-DECA-affine,0.8596491228070176,0.813953488372093,0.8350813743218807,0.8126603980478271,0.0027627639938145876,5.257000386911003,148879,,,,455,114
breast_cancer,public_tabular,1,0,PGM-affine,0.9298245614035088,0.9069767441860466,0.9220512820512821,0.7561048171815647,0.004070625989697874,7.37707044831232,102034,,,,455,114
breast_cancer,public_tabular,1,1,Logistic,0.9824561403508771,0.9859154929577465,0.9814935064935065,,0.0022492239950224757,1.9403421646801002,2040,,,,455,114
breast_cancer,public_tabular,1,1,LDA-shrinkage,0.9649122807017544,0.9580740255486406,0.9623015873015872,,0.0021363520063459873,1.782157229619068,9728,,,,455,114
breast_cancer,public_tabular,1,1,QDA,0.9912280701754386,0.9883720930232558,0.99062114356232,,0.0013941839570179582,2.6498424918635894,17097,,,,455,114
breast_cancer,public_tabular,1,1,SVM-polynomial-2,0.9912280701754386,0.9929577464788732,0.9907067742724383,,0.001599016017280519,2.690456121375686,17832,,,,455,114
breast_cancer,public_tabular,1,1,SVM-RBF,0.9912280701754386,0.9929577464788732,0.9907067742724383,,0.001760462997481227,4.224798829997318,23291,,,,455,114
breast_cancer,public_tabular,1,1,Random-forest,0.9736842105263158,0.9788732394366197,0.9723547005092555,,0.2743164279963821,310.43539485452993,938482,,,,455,114
breast_cancer,public_tabular,1,1,Hist-gradient-boosting,0.956140350877193,0.9647887323943662,0.9542792973449907,,4.1825589700601995,10.046087769105247,115775,,,,455,114
breast_cancer,public_tabular,1,1,PVM-DECA-amplitude,0.6842105263157895,0.5859810022928267,0.5515734265734266,0.6558307335374145,0.006029388052411377,10.630482472806124,140052,,,,455,114
breast_cancer,public_tabular,1,1,Spectral-DECA-amplitude,0.6403508771929824,0.5232558139534884,0.43242258652094717,0.6558307335374145,0.0037622650852426887,7.85139446522583,140058,,,,455,114
breast_cancer,public_tabular,1,1,Spectral-DECA-affine,0.8947368421052632,0.8604651162790697,0.87995787995788,0.8333295794913241,0.0033367089927196503,10.18775500389829,148879,,,,455,114
breast_cancer,public_tabular,1,1,PGM-affine,0.9736842105263158,0.9651162790697674,0.9715828832571666,0.7691109945121968,0.003931761020794511,7.6720168356571286,102034,,,,455,114
breast_cancer,public_tabular,1,2,Logistic,0.9824561403508771,0.9761904761904762,0.9809555629802873,,0.0025990509893745184,2.610974070991863,2040,,,,455,114
breast_cancer,public_tabular,1,2,LDA-shrinkage,0.956140350877193,0.9404761904761905,0.951575906889814,,0.003131247009150684,2.5691666738375236,9728,,,,455,114
breast_cancer,public_tabular,1,2,QDA,0.956140350877193,0.9404761904761905,0.951575906889814,,0.001230113091878593,5.2777100599517945,17097,,,,455,114
breast_cancer,public_tabular,1,2,SVM-polynomial-2,0.9649122807017544,0.9523809523809523,0.9614864864864865,,0.0016746780602261424,3.2321315079012463,16532,,,,455,114
breast_cancer,public_tabular,1,2,SVM-RBF,0.9473684210526315,0.9384920634920635,0.942866688940862,,0.0026093058986589313,5.4646842998632215,23551,,,,455,114
breast_cancer,public_tabular,1,2,Random-forest,0.9473684210526315,0.9384920634920635,0.942866688940862,,0.28350010502617806,315.20333345325895,928553,,,,455,114
breast_cancer,public_tabular,1,2,Hist-gradient-boosting,0.9298245614035088,0.9196428571428572,0.9238222519211494,,1.0980222929501906,7.453947450573507,112751,,,,455,114
breast_cancer,public_tabular,1,2,PVM-DECA-amplitude,0.7017543859649122,0.6001984126984127,0.576486013986014,0.6575843395368076,0.005726992036215961,10.069929422777996,140052,,,,455,114
breast_cancer,public_tabular,1,2,Spectral-DECA-amplitude,0.6403508771929824,0.5119047619047619,0.41244500314267757,0.6575843395368076,0.004856368992477655,9.192771629610082,140058,,,,455,114
breast_cancer,public_tabular,1,2,Spectral-DECA-affine,0.8859649122807017,0.8452380952380952,0.8670494303400018,0.8338642389748417,0.005281354999169707,9.606929348879738,148879,,,,455,114
breast_cancer,public_tabular,1,2,PGM-affine,0.956140350877193,0.9404761904761905,0.951575906889814,0.7765110248787949,0.0052257339702919126,10.803017128062876,102034,,,,455,114
breast_cancer,public_tabular,1,3,Logistic,0.9736842105263158,0.9642857142857143,0.9712773998488284,,0.0032541470136493444,2.6187544950006303,2040,,,,455,114
breast_cancer,public_tabular,1,3,LDA-shrinkage,0.9736842105263158,0.9642857142857143,0.9712773998488284,,0.0029683460015803576,2.519438950050818,9728,,,,455,114
breast_cancer,public_tabular,1,3,QDA,0.9824561403508771,0.9761904761904762,0.9809555629802873,,0.0017677630530670285,3.0817800985747263,17097,,,,455,114
breast_cancer,public_tabular,1,3,SVM-polynomial-2,0.9912280701754386,0.9880952380952381,0.9905276277523889,,0.002378224045969546,4.272692501871732,18352,,,,455,114
breast_cancer,public_tabular,1,3,SVM-RBF,1.0,1.0,1.0,,0.0033388209994882345,7.063543562891713,23291,,,,455,114
breast_cancer,public_tabular,1,3,Random-forest,0.9824561403508771,0.9811507936507937,0.9811507936507937,,0.2841672960203141,319.3848768428883,1002331,,,,455,114
breast_cancer,public_tabular,1,3,Hist-gradient-boosting,0.9736842105263158,0.9692460317460317,0.9715828832571666,,3.156399351079017,9.429648216290955,115775,,,,455,114
breast_cancer,public_tabular,1,3,PVM-DECA-amplitude,0.6754385964912281,0.564484126984127,0.5190970242845742,0.6509832042786156,0.012011153041385114,10.34120163112356,140052,,,,455,114
breast_cancer,public_tabular,1,3,Spectral-DECA-amplitude,0.631578947368421,0.5,0.3870967741935484,0.6509832042786156,0.004982267040759325,9.179921011979642,140058,,,,455,114
breast_cancer,public_tabular,1,3,Spectral-DECA-affine,0.9035087719298246,0.8690476190476191,0.8891736632788334,0.8165469836825213,0.005047106998972595,9.428254295990133,148879,,,,455,114
breast_cancer,public_tabular,1,3,PGM-affine,0.956140350877193,0.9404761904761905,0.951575906889814,0.7616190549838495,0.005161355948075652,10.426174604186887,102034,,,,455,114
breast_cancer,public_tabular,1,4,Logistic,0.9911504424778761,0.9880952380952381,0.9904794001179543,,0.0034963710932061076,2.6665846363896817,2040,,,,456,113
breast_cancer,public_tabular,1,4,LDA-shrinkage,0.9557522123893806,0.9453386988598256,0.9518944231587909,,0.002756900037638843,2.2826541165730596,9728,,,,456,113
breast_cancer,public_tabular,1,4,QDA,0.9646017699115044,0.9621059691482227,0.9621059691482227,,0.0015254609752446413,2.7545132319879744,17097,,,,456,113
breast_cancer,public_tabular,1,4,SVM-polynomial-2,0.9911504424778761,0.9880952380952381,0.9904794001179543,,0.00211457593832165,3.5641323445381317,18092,,,,456,113
breast_cancer,public_tabular,1,4,SVM-RBF,0.9823008849557522,0.9810529845741114,0.9810529845741114,,0.0026637070113793015,6.204194892033011,22511,,,,456,113
breast_cancer,public_tabular,1,4,Random-forest,0.9203539823008849,0.9123071763916835,0.914314601061589,,0.31664421199820936,253.52847811856628,875593,,,,456,113
breast_cancer,public_tabular,1,4,Hist-gradient-boosting,0.9292035398230089,0.9242119382964453,0.9242119382964453,,0.5797093790024519,15.694469798653,112079,,,,456,113
breast_cancer,public_tabular,1,4,PVM-DECA-amplitude,0.6637168141592921,0.5524815560026828,0.49742509363295884,0.6496020815283096,0.006482903962023556,12.223840592247722,140068,,,,456,113
breast_cancer,public_tabular,1,4,Spectral-DECA-amplitude,0.6371681415929203,0.5119047619047619,0.4112339560299911,0.6496020815283096,0.0057413739850744605,10.353875700878886,140074,,,,456,113
breast_cancer,public_tabular,1,4,Spectral-DECA-affine,0.8672566371681416,0.8214285714285714,0.8435336471891444,0.808147850525505,0.00596376194152981,10.887248466302335,148895,,,,456,113
breast_cancer,public_tabular,1,4,PGM-affine,0.9292035398230089,0.90962441314554,0.9216909216909217,0.7558603807858135,0.005900415941141546,12.318752046707457,102050,,,,456,113
digits,public_image,0,0,Logistic,0.9777777777777777,0.9778528528528527,0.9778100210957629,,0.027808902086690068,2.0097611316790185,7916,,,,1437,360
digits,public_image,0,0,LDA-shrinkage,0.9722222222222222,0.972063492063492,0.9721396874397067,,0.013740573078393936,1.5250749937776062,45832,,,,1437,360
digits,public_image,0,0,QDA,0.9833333333333333,0.9832539682539683,0.9832154265011683,,1.3993119719671085,22.21479436330911,341062,,,,1437,360
digits,public_image,0,0,SVM-polynomial-2,0.9944444444444445,0.9944444444444442,0.9944439085042982,,0.01968425197992474,12.63313331744737,321595,,,,1437,360
digits,public_image,0,0,SVM-RBF,0.9888888888888889,0.9888095238095238,0.98884274464203,,0.03129535599146038,33.66091114003211,424494,,,,1437,360
digits,public_image,0,0,Random-forest,0.9833333333333333,0.9833333333333332,0.983286164475437,,0.31738733605016023,153.43798893607325,15184663,,,,1437,360
digits,public_image,0,0,Hist-gradient-boosting,0.9722222222222222,0.9722222222222223,0.9719772889672562,,5.028152292012237,28.131733092272448,744153,,,,1437,360
digits,public_image,0,0,PVM-DECA-amplitude,0.9166666666666666,0.9165830115830117,0.9162786778406191,0.4819374648095851,2.067197336931713,74.31433057515986,2807763,10.0,0.26174089824528424,0.1037733745097761,1437,360
digits,public_image,0,0,Spectral-DECA-amplitude,0.8277777777777777,0.8261861861861861,0.8170738759881196,0.4819374648095851,2.9510607999982312,234.81195288089415,2807769,10.0,0.26174089824528424,0.1037733745097761,1437,360
digits,public_image,0,0,Spectral-DECA-affine,0.7722222222222223,0.7697576147576146,0.7296300383016088,0.4320091109069019,1.9407804539659992,121.38019471118848,2892422,10.0,0.25913468355916247,0.20485478083148537,1437,360
digits,public_image,0,0,PGM-affine,0.9638888888888889,0.9636507936507936,0.9633515377650033,0.3610722755245352,0.1429404349764809,82.3291193228215,2147321,,,,1437,360
digits,public_image,0,1,Logistic,0.9666666666666667,0.9668082368082368,0.9667745428523139,,0.014942103996872902,1.2134082175584302,7916,,,,1437,360
digits,public_image,0,1,LDA-shrinkage,0.9527777777777777,0.9526941226941226,0.9526877386299522,,0.008795141009613872,0.8859526133164763,45832,,,,1437,360
digits,public_image,0,1,QDA,0.9722222222222222,0.9721428571428572,0.9719666231425281,,1.5578507200116292,4.512144692449106,341062,,,,1437,360
digits,public_image,0,1,SVM-polynomial-2,0.9888888888888889,0.988963963963964,0.988925868758977,,0.022041519987396896,11.292475068734753,328651,,,,1437,360
digits,public_image,0,1,SVM-RBF,0.9805555555555555,0.9803968253968254,0.9804226570302316,,0.02747222105972469,31.029794546258117,422730,,,,1437,360
digits,public_image,0,1,Random-forest,0.9777777777777777,0.9776941226941226,0.977760968438392,,0.3958682200172916,128.33957217581985,14999479,,,,1437,360
digits,public_image,0,1,Hist-gradient-boosting,0.9666666666666667,0.9668125268125267,0.9666151655086634,,12.38640724599827,25.916252505137688,732609,,,,1437,360
digits,public_image,0,1,PVM-DECA-amplitude,0.8694444444444445,0.8692020592020592,0.8682108825696553,0.4599835974056609,2.4624145190464333,72.64403587517639,2807763,10.0,0.2763198822541887,0.10767783129733619,1437,360
digits,public_image,0,1,Spectral-DECA-amplitude,0.7861111111111111,0.7841977691977692,0.7689325322452605,0.4599835974056609,1.9050477859564126,81.99298333945788,2807769,10.0,0.2763198822541887,0.10767783129733619,1437,360
digits,public_image,0,1,Spectral-DECA-affine,0.7888888888888889,0.7864242814242813,0.7567994993230913,0.41392867339867256,1.6642019849969074,95.82726925145835,2892422,10.0,0.2579263675626257,0.20962268362046693,1437,360
digits,public_image,0,1,PGM-affine,0.9277777777777778,0.9273809523809525,0.9273679914285914,0.3465868070647877,0.12172804900910705,74.29891653979818,2147321,,,,1437,360
digits,public_image,0,2,Logistic,0.9637883008356546,0.963712241653418,0.9636332511156647,,0.01219911000225693,1.084874708381868,7916,,,,1438,359
digits,public_image,0,2,LDA-shrinkage,0.9331476323119777,0.9323354026295204,0.9325864972942679,,0.006481728982180357,0.8148884447421204,45832,,,,1438,359
digits,public_image,0,2,QDA,0.9805013927576601,0.98046723193782,0.9803491640533893,,0.9926279949722812,7.008520813664022,341062,,,,1438,359
digits,public_image,0,2,SVM-polynomial-2,0.9972144846796658,0.9970588235294118,0.9971375996728685,,0.031891657039523125,15.856824299024838,329827,,,,1438,359
digits,public_image,0,2,SVM-RBF,0.9916434540389972,0.9915783430489313,0.9915413197242368,,0.036727137048728764,23.426969268444854,414498,,,,1438,359
digits,public_image,0,2,Random-forest,0.9805013927576601,0.9799019607843137,0.9800775590721594,,0.2932083980413154,126.53584697109991,15143758,,,,1438,359
digits,public_image,0,2,Hist-gradient-boosting,0.9665738161559888,0.9660881469704998,0.9661546473358165,,13.232439770014025,106.77729246873294,751769,,,,1438,359
digits,public_image,0,2,PVM-DECA-amplitude,0.8857938718662952,0.8858243117066648,0.8829760256996673,0.47852928966040875,2.488208821043372,107.37793326824074,2807843,10.0,0.26636580041726315,0.1016112395107556,1438,359
digits,public_image,0,2,Spectral-DECA-amplitude,0.7743732590529248,0.7714237767178943,0.7608087388294916,0.47852928966040875,1.8410801070276648,80.71097221049094,2807849,10.0,0.26636580041726315,0.1016112395107556,1438,359
digits,public_image,0,2,Spectral-DECA-affine,0.7604456824512534,0.7552252252252252,0.6950680859040379,0.4263047090311755,1.8936384490225464,88.25854622709635,2892502,10.0,0.2544440766009476,0.20442845836384682,1438,359
digits,public_image,0,2,PGM-affine,0.9415041782729805,0.9407481010422186,0.9402270002225477,0.3556575695259113,0.12276101193856448,76.57520310865056,2147401,,,,1438,359
digits,public_image,0,3,Logistic,0.9805013927576601,0.9803131703131702,0.9803523118767525,,0.012637214036658406,1.129417675015488,7916,,,,1438,359
digits,public_image,0,3,LDA-shrinkage,0.947075208913649,0.9468125268125268,0.946840259667215,,0.008187114959582686,0.8606072385538587,45832,,,,1438,359
digits,public_image,0,3,QDA,0.9832869080779945,0.9832496782496782,0.983245518774749,,1.076232508989051,13.675342552612918,341062,,,,1438,359
digits,public_image,0,3,SVM-polynomial-2,0.9888579387186629,0.9887301587301586,0.9888703602238911,,0.019224958959966898,13.443267473582603,321595,,,,1438,359
digits,public_image,0,3,SVM-RBF,0.9832869080779945,0.9830158730158729,0.9831899936660518,,0.03354511898942292,34.666465190667296,421554,,,,1438,359
digits,public_image,0,3,Random-forest,0.9777158774373259,0.9776104676104674,0.9778243979717443,,0.3042014070088044,127.92584948075681,15036919,,,,1438,359
digits,public_image,0,3,Hist-gradient-boosting,0.9665738161559888,0.9665744315744316,0.9664766587868032,,9.023121700040065,28.685526533213167,741913,,,,1438,359
digits,public_image,0,3,PVM-DECA-amplitude,0.9052924791086351,0.9057378807378808,0.9043999657203452,0.46716753865110805,2.1349553549662232,83.72134272227048,2807843,10.0,0.2675663576586083,0.10314753143378635,1438,359
digits,public_image,0,3,Spectral-DECA-amplitude,0.807799442896936,0.8065315315315316,0.7954017099277159,0.46716753865110805,1.875037710997276,89.07007808410523,2807849,10.0,0.2675663576586083,0.10314753143378635,1438,359
digits,public_image,0,3,Spectral-DECA-affine,0.7493036211699164,0.7475804375804376,0.7096591650176653,0.41740947235654086,1.970015616971068,111.48110867418286,2892502,10.0,0.26153924148621693,0.2078895513795001,1438,359
digits,public_image,0,3,PGM-affine,0.9331476323119777,0.9325268125268126,0.932484074184401,0.35108024277054006,0.1684203139739111,107.07502773493363,2147401,,,,1438,359
digits,public_image,0,4,Logistic,0.9721448467966574,0.9725225225225227,0.972125417324815,,0.020984941977076232,1.6250667709618558,7916,,,,1438,359
digits,public_image,0,4,LDA-shrinkage,0.9610027855153204,0.9614028314028313,0.9613220724652327,,0.01239846891257912,0.9707633722417865,45832,,,,1438,359
digits,public_image,0,4,QDA,0.9749303621169917,0.9749914199914199,0.9748000024500121,,1.265226934920065,25.919883078726887,341062,,,,1438,359
digits,public_image,0,4,SVM-polynomial-2,0.9888579387186629,0.988963963963964,0.9888486933779236,,0.02620130800642073,34.800765991812796,333355,,,,1438,359
digits,public_image,0,4,SVM-RBF,0.9777158774373259,0.9777691977691978,0.9778320788689729,,0.040885910973884165,40.096039157412676,416850,,,,1438,359
digits,public_image,0,4,Random-forest,0.9721448467966574,0.9722136422136423,0.9720935456831656,,0.41113505605608225,159.11612267966555,15095968,,,,1438,359
digits,public_image,0,4,Hist-gradient-boosting,0.9610027855153204,0.9607807807807809,0.9605648898891589,,14.785551873035729,19.47489414042417,742257,,,,1438,359
digits,public_image,0,4,PVM-DECA-amplitude,0.883008356545961,0.8836036036036037,0.8765027423728069,0.4780838162757255,1.6928078699856997,79.95673517559067,2807843,10.0,0.2660840015581929,0.10586580878674488,1438,359
digits,public_image,0,4,Spectral-DECA-amplitude,0.8105849582172702,0.8107786357786357,0.7998688106766056,0.4780838162757255,2.012366803945042,125.97270195779694,2807849,10.0,0.2660840015581929,0.10586580878674488,1438,359
digits,public_image,0,4,Spectral-DECA-affine,0.7409470752089137,0.7390175890175891,0.6927799301698323,0.4233023647906236,2.2589981999481097,82.54362371410333,2892502,10.0,0.25717451566924854,0.20602612635077638,1438,359
digits,public_image,0,4,PGM-affine,0.9415041782729805,0.9413277563277564,0.9407642286033686,0.3545352550436019,0.1413020440377295,79.67818119825178,2147401,,,,1438,359
digits,public_image,1,0,Logistic,0.9666666666666667,0.9663449163449164,0.96624270044818,,0.01098746107891202,1.0940776620474126,7916,,,,1437,360
digits,public_image,1,0,LDA-shrinkage,0.95,0.9496739596739596,0.9494826547554258,,0.006912347045727074,0.8017807785007689,45832,,,,1437,360
digits,public_image,1,0,QDA,0.9722222222222222,0.9721342771342772,0.971920606574112,,0.9625312819844112,9.573550131689343,341062,,,,1437,360
digits,public_image,1,0,SVM-polynomial-2,0.9888888888888889,0.9886507936507936,0.9887091963545981,,0.05640439095441252,17.67841685149405,322771,,,,1437,360
digits,public_image,1,0,SVM-RBF,0.9805555555555555,0.9803174603174604,0.9803695951157616,,0.035115847014822066,26.599344305901063,410970,,,,1437,360
digits,public_image,1,0,Random-forest,0.9666666666666667,0.9664199914199914,0.966299571731515,,0.38289381901267916,131.18472480629055,14953399,,,,1437,360
digits,public_image,1,0,Hist-gradient-boosting,0.9583333333333334,0.9578528528528529,0.9573656612429524,,5.965667138923891,594.147064192738,740241,,,,1437,360
digits,public_image,1,0,PVM-DECA-amplitude,0.9,0.8996696696696697,0.8975876794170011,0.47998520105776016,1.7836068840697408,74.29458621320211,2807763,10.0,0.26351164248316655,0.10699077470986096,1437,360
digits,public_image,1,0,Spectral-DECA-amplitude,0.8333333333333334,0.8322007722007723,0.8231292935524849,0.47998520105776016,1.94855070207268,84.70522492037465,2807769,10.0,0.26351164248316655,0.10699077470986096,1437,360
digits,public_image,1,0,Spectral-DECA-affine,0.7527777777777778,0.7510553410553411,0.7001156348455821,0.41901237645505773,1.65060564794112,85.79766403676734,2892422,10.0,0.25913543518581666,0.20926004406131585,1437,360
digits,public_image,1,0,PGM-affine,0.9194444444444444,0.9187215787215788,0.9165595501545919,0.3517325607830334,0.1316153669031337,81.09075845115714,2147321,,,,1437,360
digits,public_image,1,1,Logistic,0.9666666666666667,0.9667331617331618,0.9666523616585359,,0.011479770066216588,1.1869942277876868,7916,,,,1437,360
digits,public_image,1,1,LDA-shrinkage,0.95,0.9499077649077649,0.9501796485386166,,0.006604340975172818,0.8362251618463132,45832,,,,1437,360
digits,public_image,1,1,QDA,0.975,0.9749163449163449,0.9748745415849409,,1.5011168600758538,10.846283273874885,341062,,,,1437,360
digits,public_image,1,1,SVM-polynomial-2,0.9916666666666667,0.9918168168168169,0.9917412058015957,,0.023211481980979443,20.87564692677309,317479,,,,1437,360
digits,public_image,1,1,SVM-RBF,0.9777777777777777,0.9776898326898328,0.9777795321418502,,0.043191434000618756,38.44494446335981,409206,,,,1437,360
digits,public_image,1,1,Random-forest,0.9805555555555555,0.9807014157014157,0.980768004927608,,0.29399655398447067,123.48666108058144,14958007,,,,1437,360
digits,public_image,1,1,Hist-gradient-boosting,0.9666666666666667,0.9668125268125267,0.9668830333599772,,20.235466863960028,50.671005414591896,737001,,,,1437,360
digits,public_image,1,1,PVM-DECA-amplitude,0.8694444444444445,0.8698863148863148,0.8631449982026375,0.45738101722327495,2.4095773940207437,70.06975550514956,2807763,10.0,0.2801433390705297,0.11057720445220395,1437,360
digits,public_image,1,1,Spectral-DECA-amplitude,0.7611111111111111,0.7605083655083654,0.7552218233855876,0.45738101722327495,2.1116590820020065,84.39918326783098,2807769,10.0,0.2801433390705297,0.11057720445220395,1437,360
digits,public_image,1,1,Spectral-DECA-affine,0.7777777777777778,0.7756177606177606,0.7451699739458388,0.4088096692700887,1.914996852981858,92.71731671308063,2892422,10.0,0.2584420708304416,0.2087254729791912,1437,360
digits,public_image,1,1,PGM-affine,0.925,0.92481981981982,0.9244316340828977,0.34485660794738093,0.22375066997483373,74.01490584015846,2147321,,,,1437,360
digits,public_image,1,2,Logistic,0.958217270194986,0.9578298887122416,0.9580068089050229,,0.011038980912417173,0.9573678275917898,7916,,,,1438,359
digits,public_image,1,2,LDA-shrinkage,0.9498607242339833,0.9495673404496934,0.9498957167553919,,0.006679572048597038,0.7507941895748247,45832,,,,1438,359
digits,public_image,1,2,QDA,0.9860724233983287,0.9862612612612613,0.9860980438426441,,1.1837509289616719,23.143729817609934,341062,,,,1438,359
digits,public_image,1,2,SVM-polynomial-2,0.9860724233983287,0.9860227874933756,0.9861539436624109,,0.03949489607475698,22.818779956788074,325711,,,,1438,359
digits,public_image,1,2,SVM-RBF,0.9777158774373259,0.9774377318494964,0.9775793992917281,,0.03204987908247858,40.05916727950646,416850,,,,1438,359
digits,public_image,1,2,Random-forest,0.9721448467966574,0.9718911348323113,0.9721318991123333,,0.30628302099648863,129.00167978874572,14910766,,,,1438,359
digits,public_image,1,2,Hist-gradient-boosting,0.9610027855153204,0.9606917001034649,0.9610738924138253,,9.796690874034539,764.2856043501444,735537,,,,1438,359
digits,public_image,1,2,PVM-DECA-amplitude,0.8746518105849582,0.8755701920407803,0.8716376621848447,0.4645729595554772,2.0857049039332196,75.88448181935173,2807843,10.0,0.26666179960670533,0.10491506340520006,1438,359
digits,public_image,1,2,Spectral-DECA-amplitude,0.8050139275766016,0.8031274131274131,0.7929733246989528,0.4645729595554772,1.7975834029493853,95.02932328139342,2807849,10.0,0.26666179960670533,0.10491506340520006,1438,359
digits,public_image,1,2,Spectral-DECA-affine,0.7075208913649025,0.7026905897494132,0.6539717131070806,0.4175660203902645,1.9592075820546597,114.6722258091969,2892502,10.0,0.2584363106456014,0.2064016575912406,1438,359
digits,public_image,1,2,PGM-affine,0.9526462395543176,0.9518592121533299,0.951438715961409,0.3494139174946678,0.2192828799597919,69.76113641702032,2147401,,,,1438,359
digits,public_image,1,3,Logistic,0.9805013927576601,0.9808515658515657,0.9805882877171707,,0.01107313099782914,1.1161923756132883,7916,,,,1438,359
digits,public_image,1,3,LDA-shrinkage,0.9777158774373259,0.978073788073788,0.9777718364984427,,0.006624830071814358,0.769991692269745,45832,,,,1438,359
digits,public_image,1,3,QDA,0.9777158774373259,0.9776147576147576,0.9776819564731383,,1.2706369830993935,52.300191998045925,341062,,,,1438,359
digits,public_image,1,3,SVM-polynomial-2,0.9888579387186629,0.988959673959674,0.9888449816095968,,0.03314170311205089,14.194030532597832,333355,,,,1438,359
digits,public_image,1,3,SVM-RBF,0.9832869080779945,0.9832496782496782,0.9832089418251286,,0.030453346902504563,29.652019506086877,430962,,,,1438,359
digits,public_image,1,3,Random-forest,0.9944289693593314,0.9943650793650793,0.9944390775864239,,0.4166617270093411,129.08328984783637,15640576,,,,1438,359
digits,public_image,1,3,Hist-gradient-boosting,0.9888579387186629,0.9888052338052338,0.9888438624600493,,18.384500614949502,18.26808103010017,750417,,,,1438,359
digits,public_image,1,3,PVM-DECA-amplitude,0.9025069637883009,0.9021921921921923,0.9003309720535825,0.49291202551615676,2.2129076350247487,85.33411713778807,2807843,10.0,0.2571090023060168,0.12203020014911986,1438,359
digits,public_image,1,3,Spectral-DECA-amplitude,0.8913649025069638,0.8910767910767909,0.887819147736956,0.49291202551615676,2.2146476240595803,90.20552081950943,2807849,10.0,0.2571090023060168,0.12203020014911986,1438,359
digits,public_image,1,3,Spectral-DECA-affine,0.766016713091922,0.7645688545688546,0.7220864475879956,0.4388840493055085,2.2554471099283546,97.42079946033469,2892502,10.0,0.2541954760202082,0.2039905448694641,1438,359
digits,public_image,1,3,PGM-affine,0.9610027855153204,0.9613234663234662,0.9611677255717556,0.3646682552989547,0.15697389200795442,87.32860734099964,2147401,,,,1438,359
digits,public_image,1,4,Logistic,0.9721448467966574,0.972059202059202,0.9725860289944798,,0.01327231409959495,1.1786908653245662,7916,,,,1438,359
digits,public_image,1,4,LDA-shrinkage,0.958217270194986,0.9584749034749034,0.9590269698936662,,0.008415712974965572,0.9479667228701055,45832,,,,1438,359
digits,public_image,1,4,QDA,0.9805013927576601,0.9803968253968254,0.9803540359355525,,1.59019203891512,110.01231763667549,341062,,,,1438,359
digits,public_image,1,4,SVM-polynomial-2,0.9860724233983287,0.986111111111111,0.9859878387524539,,0.033245260012336075,15.005236815837598,321595,,,,1438,359
digits,public_image,1,4,SVM-RBF,0.9832869080779945,0.9831746031746033,0.9831714309883324,,0.03818209306336939,40.13241489202531,424494,,,,1438,359
digits,public_image,1,4,Random-forest,0.9693593314763231,0.9693564993564993,0.9692787396072552,,0.29873538902029395,127.68188317651371,14850862,,,,1438,359
digits,public_image,1,4,Hist-gradient-boosting,0.9721448467966574,0.9722136422136423,0.971976171149237,,18.694381261011586,468.8606238833169,743793,,,,1438,359
digits,public_image,1,4,PVM-DECA-amplitude,0.8941504178272981,0.8944894894894894,0.8909179315534747,0.4663864415173789,2.110206995974295,84.24612807633983,2807843,10.0,0.26591105529696535,0.10742615016969714,1438,359
digits,public_image,1,4,Spectral-DECA-amplitude,0.7743732590529248,0.7742664092664091,0.768320704245433,0.4663864415173789,2.0687111179577187,91.12108095411554,2807849,10.0,0.26591105529696535,0.10742615016969714,1438,359
digits,public_image,1,4,Spectral-DECA-affine,0.8551532033426184,0.8542385242385242,0.85172644410108,0.41768571737150334,2.3943757549859583,97.66928974829594,2892502,10.0,0.2705108800239642,0.214442628910111,1438,359
digits,public_image,1,4,PGM-affine,0.9442896935933147,0.9440390390390391,0.9440001491488484,0.35213269693042665,0.1925017120083794,121.5359305023815,2147401,,,,1438,359
banknote,public_tabular,0,0,Logistic,0.9709090909090909,0.9721954355512696,0.9706259346293526,,0.006260316004045308,1.7508288676088506,1208,,,,1097,275
banknote,public_tabular,0,0,LDA-shrinkage,0.9636363636363636,0.9673202614379085,0.9634230687380294,,0.0040133739821612835,1.4092874797907742,1408,,,,1097,275
banknote,public_tabular,0,0,QDA,0.9745454545454545,0.9762937962070074,0.9743158681236574,,0.0013798880390822887,1.3425273143432357,1497,,,,1097,275
banknote,public_tabular,0,0,SVM-polynomial-2,1.0,1.0,1.0,,0.003865277045406401,2.736301500011574,4468,,,,1097,275
banknote,public_tabular,0,0,SVM-RBF,1.0,1.0,1.0,,0.0038172999629750848,3.1495962122624572,3323,,,,1097,275
banknote,public_tabular,0,0,Random-forest,0.9927272727272727,0.9934640522875817,0.992645485665383,,0.5420474319253117,140.86978171359408,1260758,,,,1097,275
banknote,public_tabular,0,0,Hist-gradient-boosting,0.9854545454545455,0.9852673309761063,0.9852673309761063,,2.0944542319048196,3.9117275313897566,87936,,,,1097,275
banknote,public_tabular,0,0,PVM-DECA-amplitude,0.68,0.6667470266795243,0.6676554603383872,0.627097934517589,0.002046759007498622,1.4491383494301275,21970,,,,1097,275
banknote,public_tabular,0,0,Spectral-DECA-amplitude,0.6836363636363636,0.6492553305475196,0.6308383094940517,0.627097934517589,0.0018817989621311426,1.167811199345372,21976,,,,1097,275
banknote,public_tabular,0,0,Spectral-DECA-affine,0.8581818181818182,0.8501285760205721,0.8540994980206505,0.7295411486616746,0.0011458080261945724,0.7841452448205515,23309,,,,1097,275
banknote,public_tabular,0,0,PGM-affine,0.9418181818181818,0.9435604843030108,0.9413333333333334,0.6879149172077277,0.0011562950676307082,1.2157307091084393,21817,,,,1097,275
banknote,public_tabular,0,1,Logistic,0.9854545454545455,0.9869281045751634,0.9853129673146763,,0.0016299659619107842,0.6323273886333812,1208,,,,1097,275
banknote,public_tabular,0,1,LDA-shrinkage,0.9854545454545455,0.9869281045751634,0.9853129673146763,,0.0014599349815398455,0.5200145427476276,1408,,,,1097,275
banknote,public_tabular,0,1,QDA,0.9818181818181818,0.9836601307189543,0.9816541915168981,,0.0006133919814601541,0.5721707235683094,1497,,,,1097,275
banknote,public_tabular,0,1,SVM-polynomial-2,1.0,1.0,1.0,,0.0021219130139797926,1.165956174108115,4780,,,,1097,275
banknote,public_tabular,0,1,SVM-RBF,1.0,1.0,1.0,,0.002124445978552103,1.2503234161572023,3375,,,,1097,275
banknote,public_tabular,0,1,Random-forest,0.9927272727272727,0.9934640522875817,0.992645485665383,,0.3279682209249586,134.547508999028,1244278,,,,1097,275
banknote,public_tabular,0,1,Hist-gradient-boosting,0.9890909090909091,0.9901960784313726,0.9889766304565679,,0.13669740094337612,2.4913052435625684,85360,,,,1097,275
banknote,public_tabular,0,1,PVM-DECA-amplitude,0.7163636363636363,0.7093914068359585,0.7105419410558135,0.6616472178611538,0.0012756329961121082,0.9739636020226912,21970,,,,1097,275
banknote,public_tabular,0,1,Spectral-DECA-amplitude,0.7018181818181818,0.6722382942247938,0.6633122312470139,0.6616472178611538,0.0019426479702815413,1.3482727279717273,21976,,,,1097,275
banknote,public_tabular,0,1,Spectral-DECA-affine,0.84,0.827145612343298,0.8328175085663756,0.7384758444018398,0.0011213660473003983,0.8312363008206541,23309,,,,1097,275
banknote,public_tabular,0,1,PGM-affine,0.9454545454545454,0.9476588449587485,0.9450359098722169,0.6996028321540212,0.0010067890398204327,0.8342474360357631,21817,,,,1097,275
banknote,public_tabular,0,2,Logistic,0.9963503649635036,0.9967105263157895,0.9963090186569676,,0.0016941339708864689,0.7147590602564551,1208,,,,1098,274
banknote,public_tabular,0,2,LDA-shrinkage,0.9927007299270073,0.993421052631579,0.9926237010714478,,0.0017960870172828436,0.6416676579600703,1408,,,,1098,274
banknote,public_tabular,0,2,QDA,0.9927007299270073,0.993421052631579,0.9926237010714478,,0.0009277650387957692,1.2425912279010254,1497,,,,1098,274
banknote,public_tabular,0,2,SVM-polynomial-2,1.0,1.0,1.0,,0.003146531991660595,2.0525801457790998,4936,,,,1098,274
banknote,public_tabular,0,2,SVM-RBF,1.0,1.0,1.0,,0.0026194739621132612,1.8816748056152877,3427,,,,1098,274
banknote,public_tabular,0,2,Random-forest,0.9890510948905109,0.9885138050043141,0.988909127706942,,0.3460720930015668,132.11122620510903,1245718,,,,1098,274
banknote,public_tabular,0,2,Hist-gradient-boosting,0.9890510948905109,0.9893226919758412,0.9889270559709031,,5.596766973962076,3.334120371426544,84688,,,,1098,274
banknote,public_tabular,0,2,PVM-DECA-amplitude,0.7299270072992701,0.7161345987920621,0.7181540172365861,0.6572346761488523,0.0023847129195928574,1.603755743045659,21986,,,,1098,274
banknote,public_tabular,0,2,Spectral-DECA-amplitude,0.6751824817518248,0.6360547886108714,0.6027497678661606,0.6572346761488523,0.0016143679386004806,0.8078356592977134,21992,,,,1098,274
banknote,public_tabular,0,2,Spectral-DECA-affine,0.8576642335766423,0.8433994823123383,0.8502417490014715,0.7427279705959535,0.00143852096516639,1.0848760835989548,23325,,,,1098,274
banknote,public_tabular,0,2,PGM-affine,0.9635036496350365,0.9622519413287316,0.9629989736941609,0.6981748513272298,0.0011149179190397263,0.9251495884445897,21833,,,,1098,274
banknote,public_tabular,0,3,Logistic,0.9854014598540146,0.986842105263158,0.9852688172043012,,0.001980279921554029,1.07155460184508,1208,,,,1098,274
banknote,public_tabular,0,3,LDA-shrinkage,0.9744525547445255,0.9769736842105263,0.9742712651079185,,0.0025418499717488885,0.8668539787295961,1408,,,,1098,274
banknote,public_tabular,0,3,QDA,0.9854014598540146,0.986842105263158,0.9852688172043012,,0.000978186959400773,0.9670438088585426,1497,,,,1098,274
banknote,public_tabular,0,3,SVM-polynomial-2,1.0,1.0,1.0,,0.0035042159724980593,1.6623976246120722,4572,,,,1098,274
banknote,public_tabular,0,3,SVM-RBF,1.0,1.0,1.0,,0.0026500150561332703,1.8158215471971644,3271,,,,1098,274
banknote,public_tabular,0,3,Random-forest,1.0,1.0,1.0,,0.30628880800213665,167.14262021501568,1310847,,,,1098,274
banknote,public_tabular,0,3,Hist-gradient-boosting,1.0,1.0,1.0,,3.3781561501091346,2.8897885804193733,86816,,,,1098,274
banknote,public_tabular,0,3,PVM-DECA-amplitude,0.7372262773722628,0.7170513373597929,0.7177359354432553,0.6657736026797109,0.0021779689704999328,1.657631394392165,21986,,,,1098,274
banknote,public_tabular,0,3,Spectral-DECA-amplitude,0.6715328467153284,0.6327653149266609,0.5998052580331061,0.6657736026797109,0.0014663119800388813,0.8624161756767409,21992,,,,1098,274
banknote,public_tabular,0,3,Spectral-DECA-affine,0.9087591240875912,0.8999676445211389,0.9057447540419676,0.761011122403073,0.0012908789794892073,0.8823537865966341,23325,,,,1098,274
banknote,public_tabular,0,3,PGM-affine,0.9635036496350365,0.963869715271786,0.9631185053572391,0.6948999895904221,0.0011804889654740691,1.0103396867422292,21833,,,,1098,274
banknote,public_tabular,0,4,Logistic,0.9708029197080292,0.9736842105263157,0.9706134706134706,,0.0017778829205781221,0.6505364660907836,1208,,,,1098,274
banknote,public_tabular,0,4,LDA-shrinkage,0.9671532846715328,0.9703947368421053,0.9669592014470423,,0.0015710160369053483,0.5744271877690823,1408,,,,1098,274
banknote,public_tabular,0,4,QDA,0.9671532846715328,0.9703947368421053,0.9669592014470423,,0.0006845650495961308,0.6432809024015917,1497,,,,1098,274
banknote,public_tabular,0,4,SVM-polynomial-2,1.0,1.0,1.0,,0.0018476920668035746,1.2901897990844982,4520,,,,1098,274
banknote,public_tabular,0,4,SVM-RBF,1.0,1.0,1.0,,0.001805642037652433,1.2011605444071938,3531,,,,1098,274
banknote,public_tabular,0,4,Random-forest,0.9890510948905109,0.9885138050043141,0.988909127706942,,0.3652872779639438,164.37707652412627,1294367,,,,1098,274
banknote,public_tabular,0,4,Hist-gradient-boosting,0.9963503649635036,0.9959016393442623,0.9963030425689807,,0.9084624440874904,3.220281057250108,87600,,,,1098,274
banknote,public_tabular,0,4,PVM-DECA-amplitude,0.6824817518248175,0.6733714408973253,0.6744643369249048,0.6213592947001505,0.001913508982397616,1.4664744618382768,21986,,,,1098,274
banknote,public_tabular,0,4,Spectral-DECA-amplitude,0.6715328467153284,0.6327653149266609,0.5998052580331061,0.6213592947001505,0.001978327054530382,1.3168612291125485,21992,,,,1098,274
banknote,public_tabular,0,4,Spectral-DECA-affine,0.8722627737226277,0.8606018119068162,0.8668998348392111,0.739007713246002,0.0011234439443796873,0.7623869477071031,23325,,,,1098,274
banknote,public_tabular,0,4,PGM-affine,0.9525547445255474,0.9540012942191545,0.9521564518945347,0.6913465326360154,0.001027977908961475,0.8377446249181771,21833,,,,1098,274
banknote,public_tabular,1,0,Logistic,0.9781818181818182,0.9795617700632165,0.9779694509720145,,0.0018085769843310118,0.7855240255594254,1208,,,,1097,275
banknote,public_tabular,1,0,LDA-shrinkage,0.9745454545454545,0.977124183006536,0.9743500912737012,,0.001681552967056632,0.602043741805987,1408,,,,1097,275
banknote,public_tabular,1,0,QDA,0.9709090909090909,0.9730258223507983,0.9706666666666667,,0.0007332850946113467,0.6560109217058528,1497,,,,1097,275
banknote,public_tabular,1,0,SVM-polynomial-2,1.0,1.0,1.0,,0.0017902780091390014,1.251090910624374,4624,,,,1097,275
banknote,public_tabular,1,0,SVM-RBF,1.0,1.0,1.0,,0.0017634929390624166,1.2932438403367996,3583,,,,1097,275
banknote,public_tabular,1,0,Random-forest,0.9927272727272727,0.9926336654880532,0.9926336654880532,,0.4005799210863188,182.83304377374324,1264438,,,,1097,275
banknote,public_tabular,1,0,Hist-gradient-boosting,0.9854545454545455,0.9836065573770492,0.9852150537634408,,1.0838509959867224,2.1047128195112403,86144,,,,1097,275
banknote,public_tabular,1,0,PVM-DECA-amplitude,0.6981818181818182,0.6855780563591557,0.6869900303067704,0.6292276704150623,0.0013829279923811555,1.1024835773489692,21970,,,,1097,275
banknote,public_tabular,1,0,Spectral-DECA-amplitude,0.6909090909090909,0.6541305046608807,0.6320346320346321,0.6292276704150623,0.002107909065671265,1.3638910075480288,21976,,,,1097,275
banknote,public_tabular,1,0,Spectral-DECA-affine,0.8581818181818182,0.8476374156219865,0.8529230262887235,0.7346811771111763,0.0019282989669591188,1.2482872063463384,23309,,,,1097,275
banknote,public_tabular,1,0,PGM-affine,0.9563636363636364,0.9574627665273759,0.9559389019440291,0.6924793295998142,0.0017257740255445242,1.4003196900541133,21817,,,,1097,275
banknote,public_tabular,1,1,Logistic,0.9818181818181818,0.9836601307189543,0.9816541915168981,,0.0026580820558592677,0.8951817554506388,1208,,,,1097,275
banknote,public_tabular,1,1,LDA-shrinkage,0.9745454545454545,0.977124183006536,0.9743500912737012,,0.0024375150678679347,0.7407748225060377,1408,,,,1097,275
banknote,public_tabular,1,1,QDA,0.9854545454545455,0.9869281045751634,0.9853129673146763,,0.0007673510117456317,0.796996649693359,1497,,,,1097,275
banknote,public_tabular,1,1,SVM-polynomial-2,1.0,1.0,1.0,,0.0022005740320309997,1.3250654393976384,4676,,,,1097,275
banknote,public_tabular,1,1,SVM-RBF,1.0,1.0,1.0,,0.001875928952358663,1.3679126277565956,3479,,,,1097,275
banknote,public_tabular,1,1,Random-forest,0.9890909090909091,0.9901960784313726,0.9889766304565679,,0.3066102539887652,125.73534919118339,1262038,,,,1097,275
banknote,public_tabular,1,1,Hist-gradient-boosting,0.9854545454545455,0.9844369441765777,0.9852420306965761,,0.8155483779264614,9.162687188522382,83232,,,,1097,275
banknote,public_tabular,1,1,PVM-DECA-amplitude,0.68,0.6758812814743385,0.6758812814743385,0.639013476797008,0.0018706111004576087,1.3373381542888554,21970,,,,1097,275
banknote,public_tabular,1,1,Spectral-DECA-amplitude,0.6981818181818182,0.6631576127718847,0.6455139853080496,0.639013476797008,0.000952402944676578,0.6828325885263357,21976,,,,1097,275
banknote,public_tabular,1,1,Spectral-DECA-affine,0.8363636363636363,0.8188953176899174,0.825706680187603,0.7287531732074688,0.0010471610585227609,0.7125345820730383,23309,,,,1097,275
banknote,public_tabular,1,1,PGM-affine,0.96,0.9590699667845279,0.9594509456977789,0.6934969396500943,0.0010541060473769903,0.8441452783617106,21817,,,,1097,275
banknote,public_tabular,1,2,Logistic,0.9854014598540146,0.986842105263158,0.9852688172043012,,0.003046120051294565,1.2031132627251375,1208,,,,1098,274
banknote,public_tabular,1,2,LDA-shrinkage,0.9708029197080292,0.9736842105263157,0.9706134706134706,,0.0027143550105392933,1.0426457882960782,1408,,,,1098,274
banknote,public_tabular,1,2,QDA,0.9854014598540146,0.986842105263158,0.9852688172043012,,0.0010899630142375827,1.074722458193772,1497,,,,1098,274
banknote,public_tabular,1,2,SVM-polynomial-2,1.0,1.0,1.0,,0.003378428053110838,2.0546352585954386,4624,,,,1098,274
banknote,public_tabular,1,2,SVM-RBF,1.0,1.0,1.0,,0.003201888990588486,2.2687995126538905,3375,,,,1098,274
banknote,public_tabular,1,2,Random-forest,0.9890510948905109,0.9885138050043141,0.988909127706942,,0.38630472600925714,172.14582869307185,1250358,,,,1098,274
banknote,public_tabular,1,2,Hist-gradient-boosting,0.9890510948905109,0.9885138050043141,0.988909127706942,,4.016619348083623,2.891061926111035,82896,,,,1098,274
banknote,public_tabular,1,2,PVM-DECA-amplitude,0.6824817518248175,0.6620470232959448,0.6596273291925465,0.6452003089760294,0.0018727639690041542,1.3306934087380875,21986,,,,1098,274
banknote,public_tabular,1,2,Spectral-DECA-amplitude,0.6496350364963503,0.6106018119068162,0.5731256085686465,0.6452003089760294,0.0016926591051742435,1.052160404051525,21992,,,,1098,274
banknote,public_tabular,1,2,Spectral-DECA-affine,0.8941605839416058,0.887618636755824,0.8914881123083016,0.7509651296551971,0.001771658076904714,1.1779195425121018,23325,,,,1098,274
banknote,public_tabular,1,2,PGM-affine,0.9708029197080292,0.9720664365832614,0.9705376344086022,0.6925980668250349,0.0020059189992025495,1.5782484662358778,21833,,,,1098,274
banknote,public_tabular,1,3,Logistic,0.9890510948905109,0.9901315789473684,0.988943736801754,,0.0029901029774919152,1.087682797525921,1208,,,,1098,274
banknote,public_tabular,1,3,LDA-shrinkage,0.9854014598540146,0.986842105263158,0.9852688172043012,,0.002522715018130839,1.0090548694677597,1408,,,,1098,274
banknote,public_tabular,1,3,QDA,0.9890510948905109,0.9901315789473684,0.988943736801754,,0.0010806850623339415,1.0231933828416098,1497,,,,1098,274
banknote,public_tabular,1,3,SVM-polynomial-2,1.0,1.0,1.0,,0.0035637090913951397,1.9215767944816255,4832,,,,1098,274
banknote,public_tabular,1,3,SVM-RBF,1.0,1.0,1.0,,0.0028042109915986657,2.039460054034517,3323,,,,1098,274
banknote,public_tabular,1,3,Random-forest,0.9927007299270073,0.993421052631579,0.9926237010714478,,0.29951077804435045,130.09917133752882,1284127,,,,1098,274
banknote,public_tabular,1,3,Hist-gradient-boosting,0.9854014598540146,0.9852243313201035,0.9852243313201035,,1.7522780660074204,3.5494232862970256,84912,,,,1098,274
banknote,public_tabular,1,3,PVM-DECA-amplitude,0.7445255474452555,0.7309102674719585,0.7333889352237977,0.6656724029446205,0.001746805035509169,1.1282883768044685,21986,,,,1098,274
banknote,public_tabular,1,3,Spectral-DECA-amplitude,0.7007299270072993,0.667169974115617,0.6503579209461563,0.6656724029446205,0.0012530869571492076,0.829018574262405,21992,,,,1098,274
banknote,public_tabular,1,3,Spectral-DECA-affine,0.8759124087591241,0.8638912855910268,0.8705031971087017,0.7577625014250648,0.0012341300025582314,0.8835255875367752,23325,,,,1098,274
banknote,public_tabular,1,3,PGM-affine,0.9671532846715328,0.9671591889559965,0.9667811679127096,0.697331362808417,0.0011818159837275743,0.9759852703470383,21833,,,,1098,274
banknote,public_tabular,1,4,Logistic,0.9744525547445255,0.9761647972389991,0.9742380894816725,,0.0018089939840137959,0.7382592349483149,1208,,,,1098,274
banknote,public_tabular,1,4,LDA-shrinkage,0.9781021897810219,0.9802631578947368,0.9779328859060403,,0.001860567950643599,0.7084127257231378,1408,,,,1098,274
banknote,public_tabular,1,4,QDA,0.9781021897810219,0.9802631578947368,0.9779328859060403,,0.0007783779874444008,0.7429341173791972,1497,,,,1098,274
banknote,public_tabular,1,4,SVM-polynomial-2,1.0,1.0,1.0,,0.0032891399459913373,1.5262333356714162,4676,,,,1098,274
banknote,public_tabular,1,4,SVM-RBF,1.0,1.0,1.0,,0.002138662035576999,1.4718869245563546,3323,,,,1098,274
banknote,public_tabular,1,4,Random-forest,1.0,1.0,1.0,,0.32070709799882025,401.14765696186765,1290687,,,,1098,274
banknote,public_tabular,1,4,Hist-gradient-boosting,1.0,1.0,1.0,,4.569917728076689,57.554729860683864,87936,,,,1098,274
banknote,public_tabular,1,4,PVM-DECA-amplitude,0.7299270072992701,0.7177523727351165,0.7198364008179958,0.6548918855155169,0.0020466530695557594,1.5064231867827202,21986,,,,1098,274
banknote,public_tabular,1,4,Spectral-DECA-amplitude,0.6861313868613139,0.6523943054357204,0.633302209772798,0.6548918855155169,0.0018993100384250283,1.1044049662721418,21992,,,,1098,274
banknote,public_tabular,1,4,Spectral-DECA-affine,0.8576642335766423,0.8490616911130284,0.8533492527481576,0.7353706715900494,0.001823004917241633,1.1756426457614795,23325,,,,1098,274
banknote,public_tabular,1,4,PGM-affine,0.9416058394160584,0.9433239861949957,0.9411543624161074,0.6950198558498459,0.0017900189850479364,1.4387442472044134,21833,,,,1098,274
spambase,public_tabular,0,0,Logistic,0.9120521172638436,0.9076838768920881,0.9078800975519402,,0.012453698087483644,0.9624680340387145,2904,,,,3680,921
spambase,public_tabular,0,0,LDA-shrinkage,0.8859934853420195,0.8736633194111201,0.8788256595640707,,0.011624492006376386,0.7736829567567145,29816,,,,3680,921
spambase,public_tabular,0,0,QDA,0.755700325732899,0.7930922124470512,0.7556818918692678,,0.31941620795987546,32.45765690658399,56193,,,,3680,921
spambase,public_tabular,0,0,SVM-polynomial-2,0.9250814332247557,0.9203619775467282,0.9213736991813086,,0.15141542302444577,26.184372451200872,390833,,,,3680,921
spambase,public_tabular,0,0,SVM-RBF,0.9261672095548317,0.9212580348943985,0.9224747474747474,,0.18969325302168727,55.24194785206701,411776,,,,3680,921
spambase,public_tabular,0,0,Random-forest,0.9467969598262758,0.9406898901033798,0.9438792450577698,,0.4358988900203258,125.97926598078654,13801726,,,,3680,921
spambase,public_tabular,0,0,Hist-gradient-boosting,0.9424538545059717,0.939031073195296,0.9396653057894757,,3.862360325991176,1.4438098711118377,169394,,,,3680,921
spambase,public_tabular,0,0,PVM-DECA-amplitude,0.8653637350705755,0.856156876684736,0.8582007270993504,0.7552287688771958,0.0629274999955669,16.883482178723707,531015,,,,3680,921
spambase,public_tabular,0,0,Spectral-DECA-amplitude,0.8414766558089034,0.8152640777274208,0.8262066505366338,0.7552287688771958,0.07056169805582613,21.833170434898907,531021,,,,3680,921
spambase,public_tabular,0,0,Spectral-DECA-affine,0.6188925081433225,0.5165289256198347,0.41236809815950926,0.7234923832930857,0.07142717496026307,21.640798097211427,547618,,,,3680,921
spambase,public_tabular,0,0,PGM-affine,0.8555917480998915,0.8307636482123286,0.8420140299558516,0.6689501309737543,0.07206685107666999,18.13273828367457,384988,,,,3680,921
spambase,public_tabular,0,1,Logistic,0.9315217391304348,0.9228180284978065,0.9274875486512759,,0.010057998006232083,0.8215196430683136,2904,,,,3681,920
spambase,public_tabular,0,1,LDA-shrinkage,0.8815217391304347,0.8589774025550099,0.8708023319483364,,0.011433151899836957,0.6245130308620308,29816,,,,3681,920
spambase,public_tabular,0,1,QDA,0.7652173913043478,0.797468730062169,0.7651630103379328,,0.3787123910151422,18.63152277149746,56193,,,,3681,920
spambase,public_tabular,0,1,SVM-polynomial-2,0.933695652173913,0.9260525938345425,0.9299402894519688,,0.12238730397075415,12.505810920392042,401781,,,,3681,920
spambase,public_tabular,0,1,SVM-RBF,0.9369565217391305,0.9301848252395013,0.9334912127633055,,0.17632033000700176,30.995797841688212,411300,,,,3681,920
spambase,public_tabular,0,1,Random-forest,0.9608695652173913,0.957129644741853,0.9588875813683285,,0.42450303002260625,59.04315646899783,14125886,,,,3681,920
spambase,public_tabular,0,1,Hist-gradient-boosting,0.9489130434782609,0.9448565959909194,0.946352290759666,,3.321447713067755,2.2599750714700506,169074,,,,3681,920
spambase,public_tabular,0,1,PVM-DECA-amplitude,0.8684782608695653,0.8597192753386649,0.8616068376068376,0.7667232160733348,0.0994880850194022,19.15511308217664,531031,,,,3681,920
spambase,public_tabular,0,1,Spectral-DECA-amplitude,0.8630434782608696,0.8360411689936743,0.8490625,0.7667232160733348,0.07237122091464698,23.41891193519468,531037,,,,3681,920
spambase,public_tabular,0,1,Spectral-DECA-affine,0.6130434782608696,0.5101216176783339,0.4002519703495356,0.7246567019616729,0.07649830204900354,21.722229354528952,547634,,,,3681,920
spambase,public_tabular,0,1,PGM-affine,0.8510869565217392,0.8194504206418683,0.8337622050380444,0.6689419192727726,0.07393305201549083,21.92369125702459,385004,,,,3681,920
spambase,public_tabular,0,2,Logistic,0.9391304347826087,0.9329396461761403,0.9358514622679098,,0.010596206993795931,0.7733684944231873,2904,,,,3681,920
spambase,public_tabular,0,2,LDA-shrinkage,0.8815217391304347,0.8604166357553007,0.8713235529994778,,0.01247005199547857,0.7035695370691626,29816,,,,3681,920
spambase,public_tabular,0,2,QDA,0.7739130434782608,0.8108867358092101,0.7739087695419573,,0.33141091803554446,3.73756844530125,56193,,,,3681,920
spambase,public_tabular,0,2,SVM-polynomial-2,0.9423913043478261,0.9380313663812929,0.9395036470268574,,0.11510318994987756,15.21607716669045,416537,,,,3681,920
spambase,public_tabular,0,2,SVM-RBF,0.9380434782608695,0.9325217245080147,0.9348065268065269,,0.15722154499962926,32.757230371277295,421296,,,,3681,920
spambase,public_tabular,0,2,Random-forest,0.9554347826086956,0.9521615700006429,0.9532473391761764,,0.3378250129753724,50.03657715860754,14347806,,,,3681,920
spambase,public_tabular,0,2,Hist-gradient-boosting,0.9554347826086956,0.9531210588008368,0.9533384877068192,,2.184729752014391,3.4936532914719503,169362,,,,3681,920
spambase,public_tabular,0,2,PVM-DECA-amplitude,0.8782608695652174,0.8673185255525716,0.8711587708066582,0.7675725791306688,0.04829158494248986,11.626119553313956,531031,,,,3681,920
spambase,public_tabular,0,2,Spectral-DECA-amplitude,0.8630434782608696,0.8389196353942558,0.8503439300985314,0.7675725791306688,0.046360064996406436,14.310906534893034,531037,,,,3681,920
spambase,public_tabular,0,2,Spectral-DECA-affine,0.6108695652173913,0.5083262855418886,0.3992894193520146,0.7203945054000209,0.055268264026381075,14.717745564311095,547634,,,,3681,920
spambase,public_tabular,0,2,PGM-affine,0.8358695652173913,0.8020856516857823,0.8159002691524282,0.6668092895945451,0.05254137807060033,12.487082605493134,385004,,,,3681,920
spambase,public_tabular,0,3,Logistic,0.9293478260869565,0.9204093150359414,0.9251038589046878,,0.012736106058582664,0.5855586926412323,2904,,,,3681,920
spambase,public_tabular,0,3,LDA-shrinkage,0.8934782608695652,0.8748292045387038,0.8848378328666898,,0.007297573029063642,0.5092413630336523,29816,,,,3681,920
spambase,public_tabular,0,3,QDA,0.75,0.7846888057189252,0.7499952740127414,,0.3378256900468841,9.076630458762141,56193,,,,3681,920
spambase,public_tabular,0,3,SVM-polynomial-2,0.9391304347826087,0.9304144636527456,0.9354385964912281,,0.13065686100162566,23.31781851471928,416061,,,,3681,920
spambase,public_tabular,0,3,SVM-RBF,0.9380434782608695,0.9275777738173032,0.9340270308012244,,0.14600145490840077,31.410885782426465,427008,,,,3681,920
spambase,public_tabular,0,3,Random-forest,0.9489130434782609,0.9418750866353789,0.9459618208516887,,0.6031546839512885,75.09113372931176,14223646,,,,3681,920
spambase,public_tabular,0,3,Hist-gradient-boosting,0.9543478260869566,0.9487811639834451,0.9518384644148075,,4.2642847270471975,1.2723173510850123,169114,,,,3681,920
spambase,public_tabular,0,3,PVM-DECA-amplitude,0.8586956521739131,0.8446998950474267,0.8496210349492785,0.7660669295601152,0.059282204951159656,16.854707602128062,531031,,,,3681,920
spambase,public_tabular,0,3,Spectral-DECA-amplitude,0.8673913043478261,0.8402245589021564,0.8536399626536755,0.7660669295601152,0.08120819902978837,20.030532639635645,531037,,,,3681,920
spambase,public_tabular,0,3,Spectral-DECA-affine,0.6152173913043478,0.511049723756906,0.4012134583563155,0.7261225068260192,0.06934838299639523,17.291038049101505,547634,,,,3681,920
spambase,public_tabular,0,3,PGM-affine,0.875,0.8479524347016772,0.8619359502865025,0.667726401377182,0.06759653997141868,13.405515220137717,385004,,,,3681,920
spambase,public_tabular,0,4,Logistic,0.9195652173913044,0.9118596407849661,0.9150546006268592,,0.007271887036040425,0.5422805375217096,2904,,,,3681,920
spambase,public_tabular,0,4,LDA-shrinkage,0.8641304347826086,0.8399621774688608,0.8514286747825368,,0.006628700997680426,0.44103590366633044,29816,,,,3681,920
spambase,public_tabular,0,4,QDA,0.7597826086956522,0.7946939543357294,0.7597755132181362,,0.3014492919901386,10.599587973126251,56193,,,,3681,920
spambase,public_tabular,0,4,SVM-polynomial-2,0.9282608695652174,0.9224242064199291,0.9244742301894114,,0.12816389207728207,21.83840210225595,404161,,,,3681,920
spambase,public_tabular,0,4,SVM-RBF,0.9260869565217391,0.9216024079684746,0.922420634920635,,0.09156945894937962,27.943754305496164,414156,,,,3681,920
spambase,public_tabular,0,4,Random-forest,0.9565217391304348,0.9525139111665577,0.9542734448000953,,0.5139367410447448,65.92456952405527,13857406,,,,3681,920
spambase,public_tabular,0,4,Hist-gradient-boosting,0.9467391304347826,0.9434790787936395,0.944124868771528,,4.969555336050689,11.086288039855983,168738,,,,3681,920
spambase,public_tabular,0,4,PVM-DECA-amplitude,0.8717391304347826,0.8627299550486148,0.8648298669216671,0.760773151651381,0.051078385091386735,12.293110890111521,531031,,,,3681,920
spambase,public_tabular,0,4,Spectral-DECA-amplitude,0.8597826086956522,0.8358927899562367,0.846886445941291,0.760773151651381,0.04605711507610977,13.216348926779693,531037,,,,3681,920
spambase,public_tabular,0,4,Spectral-DECA-affine,0.6108695652173913,0.5060100200003961,0.3919836956521739,0.7147647181783098,0.05026184895541519,15.645964152139166,547634,,,,3681,920
spambase,public_tabular,0,4,PGM-affine,0.8456521739130435,0.8145408819976633,0.8280971203899132,0.6677475604308926,0.05004733591340482,12.704311951023081,385004,,,,3681,920
spambase,public_tabular,1,0,Logistic,0.9337676438653637,0.9265677300867916,0.9300619820564499,,0.01830916595645249,0.5603430946392941,2904,,,,3680,921
spambase,public_tabular,1,0,LDA-shrinkage,0.8925081433224755,0.8742261322906484,0.8839579454298554,,0.007120369002223015,0.4609912759285667,29816,,,,3680,921
spambase,public_tabular,1,0,QDA,0.7654723127035831,0.8001940223347848,0.7654654003225594,,0.3460986700374633,17.383016279851056,56193,,,,3680,921
spambase,public_tabular,1,0,SVM-polynomial-2,0.9500542888165038,0.9453034746289879,0.9474508072278397,,0.08534940902609378,10.804989123383251,417965,,,,3680,921
spambase,public_tabular,1,0,SVM-RBF,0.9511400651465798,0.9466808850973074,0.9486192468619247,,0.08722158602904528,38.517224698466016,438432,,,,3680,921
spambase,public_tabular,1,0,Random-forest,0.9587404994571118,0.9534346396516484,0.9565004474495377,,0.6141900289803743,79.13744415335528,14207646,,,,3680,921
spambase,public_tabular,1,0,Hist-gradient-boosting,0.9609120521172638,0.9561894605882876,0.9588324691578759,,1.4952270870562643,118.95916396377852,169426,,,,3680,921
spambase,public_tabular,1,0,PVM-DECA-amplitude,0.8642779587404995,0.8533354068544685,0.8565322233922574,0.7708477318017802,0.09905307402368635,22.001626565607506,531015,,,,3680,921
spambase,public_tabular,1,0,Spectral-DECA-amplitude,0.8599348534201955,0.8329038182410616,0.8456707294103587,0.7708477318017802,0.09625146701000631,21.491147654614412,531021,,,,3680,921
spambase,public_tabular,1,0,Spectral-DECA-affine,0.6102062975027145,0.5055096418732783,0.3892042673070706,0.7220169153115997,0.09347861900459975,22.149509290206964,547618,,,,3680,921
spambase,public_tabular,1,0,PGM-affine,0.8653637350705755,0.835940045617465,0.8504321860757504,0.6685863843793263,0.09572305402252823,23.201483136991467,384988,,,,3680,921
spambase,public_tabular,1,1,Logistic,0.9054347826086957,0.8964765988594943,0.9000787734806768,,0.00935179810039699,0.97675327434326,2904,,,,3681,920
spambase,public_tabular,1,1,LDA-shrinkage,0.8728260869565218,0.8503568408089381,0.8615083546590396,,0.008954038028605282,0.7687695830574502,29816,,,,3681,920
spambase,public_tabular,1,1,QDA,0.7630434782608696,0.7980721199262084,0.763042358423244,,0.34288450703024864,15.574954348899748,56193,,,,3681,920
spambase,public_tabular,1,1,SVM-polynomial-2,0.933695652173913,0.9284513158350273,0.9303022512670907,,0.14664989500306547,20.90143363760865,397497,,,,3681,920
spambase,public_tabular,1,1,SVM-RBF,0.925,0.9193510096888586,0.9211615629086763,,0.15091967000626028,34.47672934271395,408444,,,,3681,920
spambase,public_tabular,1,1,Random-forest,0.9489130434782609,0.9458160847911133,0.9464580462139871,,0.3296381579712033,51.25028584861075,14118686,,,,3681,920
spambase,public_tabular,1,1,Hist-gradient-boosting,0.9554347826086956,0.9545602920011277,0.9534711026189158,,1.7117183330701664,0.9841011057648322,169258,,,,3681,920
spambase,public_tabular,1,1,PVM-DECA-amplitude,0.8673913043478261,0.8559431428698607,0.8596550896286812,0.7610815202024164,0.07115289394278079,12.459066245988335,531031,,,,3681,920
spambase,public_tabular,1,1,Spectral-DECA-amplitude,0.8565217391304348,0.8296956837841447,0.8421044419827438,0.7610815202024164,0.07017757196445018,26.487593498566877,531037,,,,3681,920
spambase,public_tabular,1,1,Spectral-DECA-affine,0.6152173913043478,0.512396694214876,0.4036213413026281,0.7249681503811587,0.09137796307913959,20.439451074470643,547634,,,,3681,920
spambase,public_tabular,1,1,PGM-affine,0.8532608695652174,0.8226849859786043,0.8366973417956192,0.6721228418960753,0.09309224807657301,16.35149022584538,385004,,,,3681,920
spambase,public_tabular,1,2,Logistic,0.9217391304347826,0.914739033883803,0.9175233086301697,,0.00829367502592504,0.6118489419231596,2904,,,,3681,920
spambase,public_tabular,1,2,LDA-shrinkage,0.8760869565217392,0.8554485610140906,0.865687238750922,,0.008299062959849834,0.5865076040525151,29816,,,,3681,920
spambase,public_tabular,1,2,QDA,0.7478260869565218,0.7850250505709948,0.7477962897317736,,0.4302171349991113,17.348169627518434,56193,,,,3681,920
spambase,public_tabular,1,2,SVM-polynomial-2,0.9228260869565217,0.9165961887522194,0.9187940947940948,,0.1387965070316568,12.253974969296351,396545,,,,3681,920
spambase,public_tabular,1,2,SVM-RBF,0.9195652173913044,0.9115044685470669,0.9150546006268592,,0.21174193499609828,31.38770205069981,414156,,,,3681,920
spambase,public_tabular,1,2,Random-forest,0.9510869565217391,0.9452126949270739,0.9484252895471517,,0.37871437007561326,50.43687288770857,13771806,,,,3681,920
spambase,public_tabular,1,2,Hist-gradient-boosting,0.9445652173913044,0.941745676118126,0.9419576310499459,,6.380987434997223,5.065690240134364,169274,,,,3681,920
spambase,public_tabular,1,2,PVM-DECA-amplitude,0.8576086956521739,0.8464249150555663,0.8495439002984904,0.7577182147069296,0.08184142003301531,17.244004361007523,531031,,,,3681,920
spambase,public_tabular,1,2,Spectral-DECA-amplitude,0.8576086956521739,0.8339515606530459,0.8447257383966245,0.7577182147069296,0.08135594008490443,21.113834784204222,531037,,,,3681,920
spambase,public_tabular,1,2,Spectral-DECA-affine,0.6184782608695653,0.5165289256198347,0.41220477815699663,0.7196970612559491,0.08460190705955029,20.922961867535893,547634,,,,3681,920
spambase,public_tabular,1,2,PGM-affine,0.8532608695652174,0.8250837079790891,0.8379248112058942,0.6623541296846477,0.0844050720334053,21.28525545982563,385004,,,,3681,920
spambase,public_tabular,1,3,Logistic,0.9326086956521739,0.9245529614447812,0.9286771766965429,,0.011988113983534276,1.0037793443821694,2904,,,,3681,920
spambase,public_tabular,1,3,LDA-shrinkage,0.8804347826086957,0.8582546189033446,0.8697058338826631,,0.011102786054834723,0.8355717316431843,29816,,,,3681,920
spambase,public_tabular,1,3,QDA,0.7695652173913043,0.8027584704647617,0.7695118434798228,,0.38110765302553773,6.261357592175836,56193,,,,3681,920
spambase,public_tabular,1,3,SVM-polynomial-2,0.9456521739130435,0.9396720727143112,0.9426648385890565,,0.15790419094264507,22.7286172878888,420345,,,,3681,920
spambase,public_tabular,1,3,SVM-RBF,0.9347826086956522,0.9297411829937227,0.9314101672001431,,0.10326747200451791,33.70633374130272,430340,,,,3681,920
spambase,public_tabular,1,3,Random-forest,0.9554347826086956,0.9521030119408305,0.9532009344924746,,0.4469191509997472,63.490694510224074,14229255,,,,3681,920
spambase,public_tabular,1,3,Hist-gradient-boosting,0.9467391304347826,0.9444493950375255,0.9442338023813206,,3.060720176086761,1.3376630427639769,169058,,,,3681,920
spambase,public_tabular,1,3,PVM-DECA-amplitude,0.8543478260869565,0.8416008237786887,0.8455137844611529,0.7627977506955927,0.0997495410265401,22.96337397242694,531031,,,,3681,920
spambase,public_tabular,1,3,Spectral-DECA-amplitude,0.8467391304347827,0.8164072555892197,0.8297009789699351,0.7627977506955927,0.14318872499279678,14.526064067309642,531037,,,,3681,920
spambase,public_tabular,1,3,Spectral-DECA-affine,0.6108695652173913,0.505524861878453,0.3894906985193259,0.7194643335881462,0.06582121993415058,18.916196701035876,547634,,,,3681,920
spambase,public_tabular,1,3,PGM-affine,0.8478260869565217,0.8153626804491179,0.8297197250132204,0.6689536448048896,0.05186684103682637,12.407312928901419,385004,,,,3681,920
spambase,public_tabular,1,4,Logistic,0.9315217391304348,0.9270530109507119,0.9280892408055097,,0.01555689296219498,0.705837990845675,2904,,,,3681,920
spambase,public_tabular,1,4,LDA-shrinkage,0.8880434782608696,0.8713192340442385,0.8796470697312888,,0.009241236024536192,0.644416254742638,29816,,,,3681,920
spambase,public_tabular,1,4,QDA,0.7630434782608696,0.7998079169884552,0.763042358423244,,0.45462707395199686,8.179005437895007,56193,,,,3681,920
spambase,public_tabular,1,4,SVM-polynomial-2,0.9282608695652174,0.9214538901760431,0.9243175869375546,,0.10561784799210727,11.653339100556206,400353,,,,3681,920
spambase,public_tabular,1,4,SVM-RBF,0.9369565217391305,0.9300778233232341,0.933421173464295,,0.08708994602784514,29.626132606569193,427484,,,,3681,920
spambase,public_tabular,1,4,Random-forest,0.9543478260869566,0.9502366383492742,0.9519871170401002,,0.3175355070270598,49.41687056207625,14178686,,,,3681,920
spambase,public_tabular,1,4,Hist-gradient-boosting,0.9489130434782609,0.945756351610923,0.9464054863726901,,3.59205782902427,1.5503304261390283,168690,,,,3681,920
spambase,public_tabular,1,4,PVM-DECA-amplitude,0.8771739130434782,0.8715766648844532,0.8713963197773311,0.7629912463219665,0.05433193000499159,12.992478213677911,531031,,,,3681,920
spambase,public_tabular,1,4,Spectral-DECA-amplitude,0.8641304347826086,0.8428731262005189,0.8526304188756085,0.7629912463219665,0.06300909805577248,16.564536971323516,531037,,,,3681,920
spambase,public_tabular,1,4,Spectral-DECA-affine,0.6173913043478261,0.5147824709400186,0.41169631438204857,0.7247435599031005,0.05750940495636314,14.910647777192619,547634,,,,3681,920
spambase,public_tabular,1,4,PGM-affine,0.8554347826086957,0.8284272955900116,0.8407929644958942,0.6685944911226936,0.05082575499545783,13.494228250752,385004,,,,3681,920
dry_bean,public_tabular,0,0,Logistic,0.9162688211531399,0.9292245703041272,0.9296682755371274,,0.14749511994887143,0.35185494271712053,2539,,,,10888,2723
dry_bean,public_tabular,0,0,LDA-shrinkage,0.8931325743665075,0.9064461860262284,0.9100841540687937,,0.026521843974478543,0.2803782865082215,5636,,,,10888,2723
dry_bean,public_tabular,0,0,QDA,0.9133308850532501,0.9276033469273478,0.9266612096319735,,0.015709743020124733,0.8094862234798198,17947,,,,10888,2723
dry_bean,public_tabular,0,0,SVM-polynomial-2,0.9210429673154609,0.9318934449831924,0.9323580916718023,,0.14821201702579856,21.676074146056084,379930,,,,10888,2723
dry_bean,public_tabular,0,0,SVM-RBF,0.9258171134777818,0.9366349961449403,0.9367593726940984,,0.20151973702013493,53.85742708835429,349509,,,,10888,2723
dry_bean,public_tabular,0,0,Random-forest,0.9181050312155711,0.9277820301922665,0.9280500046343908,,1.0420468840748072,22.53694638330797,42658574,,,,10888,2723
dry_bean,public_tabular,0,0,Hist-gradient-boosting,0.9250826294528094,0.9359636576244281,0.9370995563953235,,12.59139877394773,27.45385532271838,584414,,,,10888,2723
dry_bean,public_tabular,0,0,PVM-DECA-amplitude,0.6188027910392949,0.4837193212695457,0.46209838183086643,0.4399469258299077,0.17947384400758892,4.199769736441715,732206,20.0,0.11467233465256044,0.1914326802988954,10888,2723
dry_bean,public_tabular,0,0,Spectral-DECA-amplitude,0.49467499081894967,0.3575674940609,0.3190393435601586,0.4399469258299077,0.1710447430377826,4.202771567292525,732212,20.0,0.11467233465256044,0.1914326802988954,10888,2723
dry_bean,public_tabular,0,0,Spectral-DECA-affine,0.44509731913330886,0.3570129405686539,0.3226717131292282,0.4767865030643414,0.18916031101252884,4.872269584724473,747562,20.0,0.10036728012818275,0.26974538564930145,10888,2723
dry_bean,public_tabular,0,0,PGM-affine,0.8251928020565553,0.8466167305525969,0.8460618941413308,0.4095444574264706,0.05220316909253597,4.16601066119501,709567,,,,10888,2723
dry_bean,public_tabular,0,1,Logistic,0.9294636296840558,0.9409051873582237,0.9423509979372504,,0.1154994759708643,0.34288097272882295,2539,,,,10889,2722
dry_bean,public_tabular,0,1,LDA-shrinkage,0.8986039676708303,0.9123145787124789,0.9172243955569568,,0.025363933062180877,0.14976193905314655,5636,,,,10889,2722
dry_bean,public_tabular,0,1,QDA,0.9217487141807494,0.9352607628753687,0.9353661980672119,,0.009359911899082363,0.48551210978949094,17947,,,,10889,2722
dry_bean,public_tabular,0,1,SVM-polynomial-2,0.9294636296840558,0.9399358698169387,0.9419178646090537,,0.16454299294855446,24.178117536922574,383890,,,,10889,2722
dry_bean,public_tabular,0,1,SVM-RBF,0.9335047759000735,0.9431926269993393,0.9453715569111075,,0.21558412804733962,59.505378773393524,350589,,,,10889,2722
dry_bean,public_tabular,0,1,Random-forest,0.9250551065393093,0.9358256780645096,0.9386903865262229,,0.8268591669620946,17.00134090134911,43281602,,,,10889,2722
dry_bean,public_tabular,0,1,Hist-gradient-boosting,0.9301983835415136,0.9419636003081181,0.9434846378840124,,3.4961449400288984,8.331163497922242,582062,,,,10889,2722
dry_bean,public_tabular,0,1,PVM-DECA-amplitude,0.6146216017634093,0.4767417006187869,0.45380200342295246,0.4460312803946877,0.35774002596735954,8.2497725938635,732262,20.0,0.11415532899771519,0.19413811849938076,10889,2722
dry_bean,public_tabular,0,1,Spectral-DECA-amplitude,0.4819985304922851,0.3442103330854761,0.29770535077854765,0.4460312803946877,0.25904597993940115,6.369595519560584,732268,20.0,0.11415532899771519,0.19413811849938076,10889,2722
dry_bean,public_tabular,0,1,Spectral-DECA-affine,0.443791329904482,0.3568204764285377,0.32887880467288894,0.4784565504366864,0.22064698091708124,5.341552897280494,747618,20.0,0.10004896517187384,0.2705629279484085,10889,2722
dry_bean,public_tabular,0,1,PGM-affine,0.8299044819985305,0.8444394367077626,0.8497799520840884,0.4119846737129945,0.06448200601153076,5.197135584797056,709623,,,,10889,2722
dry_bean,public_tabular,0,2,Logistic,0.9202792064658339,0.92960823256171,0.9307829354616766,,0.18062544090207666,0.21182990979887736,2539,,,,10889,2722
dry_bean,public_tabular,0,2,LDA-shrinkage,0.9052167523879501,0.9179934313805267,0.9205543845011215,,0.018783128005452454,0.17307750732910976,5636,,,,10889,2722
dry_bean,public_tabular,0,2,QDA,0.9125642909625276,0.922897508666955,0.9236842979662913,,0.009737118962220848,0.5773769285800832,17947,,,,10889,2722
dry_bean,public_tabular,0,2,SVM-polynomial-2,0.9261572373254959,0.9343125074043463,0.9362817420494356,,0.1486736279912293,23.477735503560957,384430,,,,10889,2722
dry_bean,public_tabular,0,2,SVM-RBF,0.9261572373254959,0.9337908154402123,0.9354586518620263,,0.21086931705940515,51.58607677428611,353109,,,,10889,2722
dry_bean,public_tabular,0,2,Random-forest,0.9224834680382072,0.9291686417413656,0.9314154161385001,,0.7855152300326154,17.122509920097816,42740024,,,,10889,2722
dry_bean,public_tabular,0,2,Hist-gradient-boosting,0.9250551065393093,0.9343343343118098,0.9361327991808717,,10.83808668400161,53.28953491960441,585870,,,,10889,2722
dry_bean,public_tabular,0,2,PVM-DECA-amplitude,0.6179279941219692,0.4808999014869425,0.4595140547038951,0.44589717029284853,0.15677035006228834,4.330690302472072,732262,20.0,0.11524105479733887,0.19521263810397976,10889,2722
dry_bean,public_tabular,0,2,Spectral-DECA-amplitude,0.49265246142542246,0.35411814444976747,0.3125355149205859,0.44589717029284853,0.16422269807662815,4.359506986539847,732268,20.0,0.11524105479733887,0.19521263810397976,10889,2722
dry_bean,public_tabular,0,2,Spectral-DECA-affine,0.4272593681116826,0.3374630697243678,0.3173213876610576,0.4773880952638258,0.25588442804291844,4.897037499449452,747618,20.0,0.0994909006192054,0.2704808239979803,10889,2722
dry_bean,public_tabular,0,2,PGM-affine,0.825495958853784,0.844888895093681,0.8474640433322348,0.4102870222392441,0.06280141999013722,4.74686442869582,709623,,,,10889,2722
dry_bean,public_tabular,0,3,Logistic,0.9342395297575312,0.9432043030853052,0.9435953108371434,,0.14836170605849475,0.26152244427574634,2539,,,,10889,2722
dry_bean,public_tabular,0,3,LDA-shrinkage,0.9077883908890522,0.9208284455199349,0.923133973484309,,0.024725549039430916,0.17190779423139974,5636,,,,10889,2722
dry_bean,public_tabular,0,3,QDA,0.9283614988978692,0.9384145388225821,0.9370306418656342,,0.013965626945719123,0.6683816767895073,17947,,,,10889,2722
dry_bean,public_tabular,0,3,SVM-polynomial-2,0.9397501836884644,0.9479420797613649,0.9487470424342174,,0.1708689439110458,24.619439382771198,391630,,,,10889,2722
dry_bean,public_tabular,0,3,SVM-RBF,0.9397501836884644,0.9485529926129571,0.9488337590512674,,0.20838548196479678,52.03482661906747,357069,,,,10889,2722
dry_bean,public_tabular,0,3,Random-forest,0.9335047759000735,0.9430081297277312,0.9433154183107827,,0.7093504139920697,17.331187720400262,43949303,,,,10889,2722
dry_bean,public_tabular,0,3,Hist-gradient-boosting,0.9364437913299045,0.9453316904490577,0.9459136929741786,,7.810152015998028,4.07527299073691,584638,,,,10889,2722
dry_bean,public_tabular,0,3,PVM-DECA-amplitude,0.618295371050698,0.48056123401014356,0.4582466733512369,0.44953604960063764,0.16647918592207134,3.988342736023126,732262,20.0,0.11430290225959211,0.19662008353430818,10889,2722
dry_bean,public_tabular,0,3,Spectral-DECA-amplitude,0.5124908155767818,0.37132121024122533,0.33704163331953113,0.44953604960063764,0.17879024508874863,4.466789094409594,732268,20.0,0.11430290225959211,0.19662008353430818,10889,2722
dry_bean,public_tabular,0,3,Spectral-DECA-affine,0.43828067597354886,0.3502543303983173,0.3181535214741105,0.479964287140864,0.2603771119611338,5.2134132866038065,747618,20.0,0.09945920410796205,0.26849627243837176,10889,2722
dry_bean,public_tabular,0,3,PGM-affine,0.8368846436443791,0.8531668093225705,0.8566510376092044,0.412441532384175,0.08850335492752492,9.34216936654702,709623,,,,10889,2722
dry_bean,public_tabular,0,4,Logistic,0.9239529757531227,0.9353908253315041,0.9369017607977642,,0.11888809106312692,0.3513108191684622,2539,,,,10889,2722
dry_bean,public_tabular,0,4,LDA-shrinkage,0.8967670830271859,0.9133023372059108,0.9183833553500961,,0.02778423309791833,0.25331486470882375,5636,,,,10889,2722
dry_bean,public_tabular,0,4,QDA,0.9239529757531227,0.9375512306770489,0.9379851496281414,,0.016712434007786214,0.7785764344250079,17947,,,,10889,2722
dry_bean,public_tabular,0,4,SVM-polynomial-2,0.9287288758265981,0.9405526184356399,0.9423875394526416,,0.29266073601320386,23.212097337145103,385150,,,,10889,2722
dry_bean,public_tabular,0,4,SVM-RBF,0.9279941219691403,0.9399912559487122,0.9426252189958568,,0.22663477703463286,52.59532734620317,351489,,,,10889,2722
dry_bean,public_tabular,0,4,Random-forest,0.9232182218956649,0.9357007248308707,0.9375519298759653,,0.700190844014287,16.858625639035672,42756371,,,,10889,2722
dry_bean,public_tabular,0,4,Hist-gradient-boosting,0.9239529757531227,0.9360130018212148,0.9368953723554373,,3.3718491920735687,26.586140370137393,528431,,,,10889,2722
dry_bean,public_tabular,0,4,PVM-DECA-amplitude,0.6113152094048494,0.4775895728923132,0.45620356221037417,0.44441563229932685,0.2546714909840375,3.8454283872574107,732262,20.0,0.1140748365504442,0.1937561376877916,10889,2722
dry_bean,public_tabular,0,4,Spectral-DECA-amplitude,0.4834680382072006,0.34659806481705197,0.3113919162646973,0.44441563229932685,0.1567686190828681,4.001337628398285,732268,20.0,0.1140748365504442,0.1937561376877916,10889,2722
dry_bean,public_tabular,0,4,Spectral-DECA-affine,0.43497428361498897,0.3535127297908484,0.34289175102561587,0.4752933086955717,0.18701106100343168,4.6051678646008245,747618,20.0,0.17062352271137488,0.2669423972759443,10889,2722
dry_bean,public_tabular,0,4,PGM-affine,0.8269654665686995,0.8472037188372682,0.8497280139715,0.4101090880985317,0.054332838975824416,4.476301235534814,709623,,,,10889,2722
dry_bean,public_tabular,1,0,Logistic,0.9192067572530297,0.9300564220216762,0.9315985598290109,,0.08650370605755597,0.2764212343810325,2539,,,,10888,2723
dry_bean,public_tabular,1,0,LDA-shrinkage,0.8960705104663974,0.9103161007834143,0.91468754307632,,0.017135784029960632,0.16127728928582352,5636,,,,10888,2723
dry_bean,public_tabular,1,0,QDA,0.9184722732280572,0.9316642526971027,0.9314419667146163,,0.009334960021078587,0.46212376641561737,17947,,,,10888,2723
dry_bean,public_tabular,1,0,SVM-polynomial-2,0.9280205655526992,0.9375967594948055,0.9399214604791382,,0.160188156994991,23.101047748508936,387310,,,,10888,2723
dry_bean,public_tabular,1,0,SVM-RBF,0.9269188395152406,0.9372566254778903,0.9392716979638216,,0.2172517569269985,53.31911857872983,351849,,,,10888,2723
dry_bean,public_tabular,1,0,Random-forest,0.9250826294528094,0.935374780009167,0.9367889715761544,,0.8701881889719516,17.03708739920471,42725819,,,,10888,2723
dry_bean,public_tabular,1,0,Hist-gradient-boosting,0.9254498714652957,0.9357963840191151,0.9368398540909346,,19.2456851110328,4.417294180797077,584190,,,,10888,2723
dry_bean,public_tabular,1,0,PVM-DECA-amplitude,0.6232096951891296,0.48857413307814923,0.4705474352886539,0.4464626879987814,0.17535092995967716,4.398638999559536,732206,20.0,0.11388369582101915,0.19261627973381745,10888,2723
dry_bean,public_tabular,1,0,Spectral-DECA-amplitude,0.49467499081894967,0.35541607479872883,0.31994622303414044,0.4464626879987814,0.2582458450924605,8.56180648479147,732212,20.0,0.11388369582101915,0.19261627973381745,10888,2723
dry_bean,public_tabular,1,0,Spectral-DECA-affine,0.42930591259640105,0.3371642385438511,0.31412157524370066,0.4801776986698514,0.2584010469727218,6.953434073997253,747562,20.0,0.09821102719216585,0.27004568163478726,10888,2723
dry_bean,public_tabular,1,0,PGM-affine,0.837679030481087,0.855369293887007,0.8599890161525326,0.4116483983944972,0.059275818057358265,4.689473716259616,709567,,,,10888,2723
dry_bean,public_tabular,1,1,Logistic,0.9272593681116826,0.9370893987367734,0.9383980079828519,,0.09788886609021574,0.2554573856354373,2539,,,,10889,2722
dry_bean,public_tabular,1,1,LDA-shrinkage,0.9070536370315944,0.9172977464362606,0.9222605424425616,,0.023567472002469003,0.22117486962614735,5636,,,,10889,2722
dry_bean,public_tabular,1,1,QDA,0.9180749448934606,0.9305687525354076,0.9302077144794778,,0.013549346011132002,0.8567597584978217,17947,,,,10889,2722
dry_bean,public_tabular,1,1,SVM-polynomial-2,0.9276267450404114,0.938129984528758,0.93947561144129,,0.19648565200623125,24.149283617228534,387310,,,,10889,2722
dry_bean,public_tabular,1,1,SVM-RBF,0.9313005143277002,0.9411655500672554,0.9422059798933,,0.212378658936359,49.26270426029968,352569,,,,10889,2722
dry_bean,public_tabular,1,1,Random-forest,0.9272593681116826,0.935874683397542,0.9372122265980468,,0.602384453988634,16.817254961032386,43582394,,,,10889,2722
dry_bean,public_tabular,1,1,Hist-gradient-boosting,0.9279941219691403,0.9385166469894789,0.9394973172248934,,3.564324637991376,4.315931688033422,580830,,,,10889,2722
dry_bean,public_tabular,1,1,PVM-DECA-amplitude,0.6131520940484938,0.47589680833839065,0.45266938708571863,0.4459193000443398,0.1579405969241634,3.786139971317284,732262,20.0,0.11454811623233968,0.1941489564820439,10889,2722
dry_bean,public_tabular,1,1,Spectral-DECA-amplitude,0.4775900073475386,0.3411554369333129,0.2989856733245913,0.4459193000443398,0.16260008700191975,3.7997637715937898,732268,20.0,0.11454811623233968,0.1941489564820439,10889,2722
dry_bean,public_tabular,1,1,Spectral-DECA-affine,0.4313005143277002,0.35049347175058304,0.3386648070236323,0.4781799170037491,0.19519100699108094,5.337102855312789,747618,20.0,0.16999522878785456,0.26711067260276294,10889,2722
dry_bean,public_tabular,1,1,PGM-affine,0.8207200587803086,0.8409968185598925,0.8428380786622723,0.411525871940399,0.08859512396156788,9.506038216631763,709623,,,,10889,2722
dry_bean,public_tabular,1,2,Logistic,0.922850844966936,0.9335066680759899,0.9346390361702385,,0.14373138803057373,0.28525791175439025,2539,,,,10889,2722
dry_bean,public_tabular,1,2,LDA-shrinkage,0.8919911829537105,0.9056096566272965,0.9096115175966115,,0.03198454400990158,0.25703121643187715,5636,,,,10889,2722
dry_bean,public_tabular,1,2,QDA,0.9147685525349009,0.9274736146750333,0.9268883993832241,,0.014144452987238765,0.7240793515136362,17947,,,,10889,2722
dry_bean,public_tabular,1,2,SVM-polynomial-2,0.9287288758265981,0.93894562122682,0.9401729743075488,,0.2187797729857266,28.76557166839373,379210,,,,10889,2722
dry_bean,public_tabular,1,2,SVM-RBF,0.9290962527553269,0.9390401106641845,0.9407532956082794,,0.48892779601737857,68.5469386739893,347349,,,,10889,2722
dry_bean,public_tabular,1,2,Random-forest,0.9213813372520205,0.9293544033767999,0.9321139051536765,,0.6743397819809616,16.76417487754892,42189530,,,,10889,2722
dry_bean,public_tabular,1,2,Hist-gradient-boosting,0.925789860396767,0.9339038834686878,0.9362405302622877,,3.5803926659282297,7.088276655820365,571696,,,,10889,2722
dry_bean,public_tabular,1,2,PVM-DECA-amplitude,0.6193975018368847,0.4824210887193759,0.4595207312322387,0.44634529263759937,0.15712500805966556,4.214331734183735,732262,20.0,0.11369946504776501,0.19232375621062717,10889,2722
dry_bean,public_tabular,1,2,Spectral-DECA-amplitude,0.494121969140338,0.3551511623250932,0.3156513000989759,0.44634529263759937,0.19175536301918328,4.658846062807193,732268,20.0,0.11369946504776501,0.19232375621062717,10889,2722
dry_bean,public_tabular,1,2,Spectral-DECA-affine,0.43350477590007347,0.34985057385872187,0.3395111786586934,0.4762565160328102,0.21721139689907432,7.179984215559393,747618,20.0,0.17072703337877043,0.26683780019922176,10889,2722
dry_bean,public_tabular,1,2,PGM-affine,0.8317413666421749,0.8478624322054278,0.8508148428373133,0.41014498519246656,0.07462871307507157,6.830417701644682,709623,,,,10889,2722
dry_bean,public_tabular,1,3,Logistic,0.9305657604702424,0.9406439773428106,0.9408042647103719,,0.18878802994731814,0.44982328642813885,2539,,,,10889,2722
dry_bean,public_tabular,1,3,LDA-shrinkage,0.9041146216017634,0.9188924283081971,0.9208426710652039,,0.03370986599475145,0.34336185953213744,5636,,,,10889,2722
dry_bean,public_tabular,1,3,QDA,0.9224834680382072,0.9347811164759007,0.9341305290996592,,0.02073575893882662,0.9459665700010436,17947,,,,10889,2722
dry_bean,public_tabular,1,3,SVM-polynomial-2,0.9327700220426157,0.9420448166371397,0.9420224855957741,,0.2955477440264076,22.142974647483257,386950,,,,10889,2722
dry_bean,public_tabular,1,3,SVM-RBF,0.9338721528288023,0.9424793443626542,0.9431590780701535,,0.21051469608210027,49.62143315615449,353289,,,,10889,2722
dry_bean,public_tabular,1,3,Random-forest,0.9294636296840558,0.9374700987461466,0.9383396071495925,,0.5981983810197562,16.448314833365146,43576226,,,,10889,2722
dry_bean,public_tabular,1,3,Hist-gradient-boosting,0.9290962527553269,0.9388018720484256,0.9397657797102602,,1.4421801359858364,4.014106190911906,583518,,,,10889,2722
dry_bean,public_tabular,1,3,PVM-DECA-amplitude,0.6168258633357825,0.48023025695249305,0.45677079974300777,0.44379964962404916,0.1496112080058083,3.774872533484341,732262,20.0,0.11532187728167581,0.1961492330998294,10889,2722
dry_bean,public_tabular,1,3,Spectral-DECA-amplitude,0.5091844232182219,0.36841983157734254,0.330442109096406,0.44379964962404916,0.15758348000235856,3.8129052309446654,732268,20.0,0.11532187728167581,0.1961492330998294,10889,2722
dry_bean,public_tabular,1,3,Spectral-DECA-affine,0.44158706833210876,0.35609940399814655,0.32842209318076077,0.4790904682294894,0.17596908600535244,4.422110929663658,747618,20.0,0.10021857420336522,0.2693838469308379,10889,2722
dry_bean,public_tabular,1,3,PGM-affine,0.8291697281410727,0.8504989176928645,0.8499833569834632,0.4115894888400793,0.049587936024181545,4.127904135339691,709623,,,,10889,2722
dry_bean,public_tabular,1,4,Logistic,0.9217487141807494,0.9343175553747848,0.9356787856200383,,0.0801696180133149,0.19530308262488144,2539,,,,10889,2722
dry_bean,public_tabular,1,4,LDA-shrinkage,0.8982365907421014,0.9155798518902255,0.9189023017916252,,0.016972423996776342,0.1644096125128031,5636,,,,10889,2722
dry_bean,public_tabular,1,4,QDA,0.9232182218956649,0.9362585331018506,0.936536341678616,,0.009124594973400235,0.4346065379235781,17947,,,,10889,2722
dry_bean,public_tabular,1,4,SVM-polynomial-2,0.9301983835415136,0.9391947074521385,0.9421068264115641,,0.14253355003893375,23.08598857935488,382450,,,,10889,2722
dry_bean,public_tabular,1,4,SVM-RBF,0.9309331373989713,0.9421164001503091,0.9435345564195307,,0.2399401959264651,84.92758853428072,353649,,,,10889,2722
dry_bean,public_tabular,1,4,Random-forest,0.9250551065393093,0.9384086542105113,0.9396411910190174,,0.9512572759995237,16.99029645745004,43037351,,,,10889,2722
dry_bean,public_tabular,1,4,Hist-gradient-boosting,0.9268919911829537,0.939390300283703,0.9404639655966862,,1.3394297449849546,81.1102340311978,585982,,,,10889,2722
dry_bean,public_tabular,1,4,PVM-DECA-amplitude,0.6083761939750184,0.4725379916561326,0.45098094144432643,0.44299179385653614,0.2631533509120345,3.90604262060262,732262,20.0,0.11491508630590153,0.19498464775646865,10889,2722
dry_bean,public_tabular,1,4,Spectral-DECA-amplitude,0.4878765613519471,0.3504392642640678,0.310451205255832,0.44299179385653614,0.16300778707955033,4.026953318798853,732268,20.0,0.11491508630590153,0.19498464775646865,10889,2722
dry_bean,public_tabular,1,4,Spectral-DECA-affine,0.44268919911829535,0.3545563624222695,0.31989055069936617,0.474204536579328,0.19422428007237613,4.711340947595373,747618,20.0,0.10063481831638288,0.27113385075913504,10889,2722
dry_bean,public_tabular,1,4,PGM-affine,0.8243938280675973,0.8387002310142184,0.8438145648837256,0.40932881746953936,0.05259783903602511,4.110110938702324,709623,,,,10889,2722
letter,public_tabular,0,0,Logistic,0.77475,0.7730256004483361,0.771921242778039,,2.258608282892965,1.1467384756542742,5164,,,,16000,4000
letter,public_tabular,0,0,LDA-shrinkage,0.69725,0.6960403010888145,0.6971917213046293,,0.11202433204744011,0.258729764027521,10684,,,,16000,4000
letter,public_tabular,0,0,QDA,0.8415,0.8403068560302349,0.8384327164176105,,0.016427894006483257,1.5706009871792048,62902,,,,16000,4000
letter,public_tabular,0,0,SVM-polynomial-2,0.93625,0.9357069298634896,0.9359908446856857,,0.7993579119211063,126.18130072951317,2380962,,,,16000,4000
letter,public_tabular,0,0,SVM-RBF,0.9685,0.9681877613621986,0.9683303238419494,,0.9770572050474584,217.9639097303152,2162505,,,,16000,4000
letter,public_tabular,0,0,Random-forest,0.95825,0.9580154078209419,0.9581882047273572,,0.46085143205709755,19.135306763928384,342341677,,,,16000,4000
letter,public_tabular,0,0,Hist-gradient-boosting,0.94025,0.9398696763537233,0.9401582698255211,,16.62290813808795,13.66745648556389,2261133,,,,16000,4000
letter,public_tabular,0,0,PVM-DECA-amplitude,0.32,0.32086190524931213,0.25445477038382985,0.1711377910401701,0.559784457902424,14.60990248597227,3764147,20.0,0.08219065754828753,0.07257977276446369,16000,4000
letter,public_tabular,0,0,Spectral-DECA-amplitude,0.339,0.3395748016268095,0.2533435287669311,0.1711377910401701,0.6127816189546138,22.584977763472125,3764153,20.0,0.08219065754828753,0.07257977276446369,16000,4000
letter,public_tabular,0,0,Spectral-DECA-affine,0.3415,0.3411702576322909,0.23783844629328202,0.16524907696282667,0.5968856419203803,17.461808252846822,3819631,20.0,0.09557874143448039,0.12121481278827483,16000,4000
letter,public_tabular,0,0,PGM-affine,0.61525,0.6142119185902847,0.5908346450992025,0.11792251659126932,0.27998014900367707,20.318932976806536,3693178,,,,16000,4000
letter,public_tabular,0,1,Logistic,0.77875,0.7771505143516078,0.7755544946661648,,1.8570895040174946,1.1266345100011677,5164,,,,16000,4000
letter,public_tabular,0,1,LDA-shrinkage,0.7065,0.7052887140445349,0.7044766323068228,,0.06805336603429168,0.43598577030934393,10684,,,,16000,4000
letter,public_tabular,0,1,QDA,0.85675,0.8557193077292471,0.8537185857396932,,0.026853858958929777,2.2594599868170917,62902,,,,16000,4000
letter,public_tabular,0,1,SVM-polynomial-2,0.93475,0.9344183950549739,0.9347430672056996,,1.3516153880627826,138.61456149606965,2396234,,,,16000,4000
letter,public_tabular,0,1,SVM-RBF,0.972,0.971842952250279,0.971875115744391,,0.9518990990472957,221.28449499723502,2194045,,,,16000,4000
letter,public_tabular,0,1,Random-forest,0.96875,0.9685556190491853,0.9686632966590405,,0.46069461898878217,22.41620750282891,344759757,,,,16000,4000
letter,public_tabular,0,1,Hist-gradient-boosting,0.946,0.94576132425197,0.9460129106479798,,5.13943694694899,9.678641246864572,2261125,,,,16000,4000
letter,public_tabular,0,1,PVM-DECA-amplitude,0.29725,0.2967410119518931,0.2344423047894953,0.16728224782807719,0.37646063207648695,13.82590050343424,3764147,20.0,0.07945048849165559,0.07187512168461009,16000,4000
letter,public_tabular,0,1,Spectral-DECA-amplitude,0.32625,0.32499057987641444,0.24717659442946902,0.16728224782807719,0.3777488940395415,21.54354174854234,3764153,20.0,0.07945048849165559,0.07187512168461009,16000,4000
letter,public_tabular,0,1,Spectral-DECA-affine,0.3735,0.3723817082681337,0.28236645618391015,0.16987253532471608,0.45757682994008064,16.472581977723166,3819631,20.0,0.09916157576616227,0.12188680491427345,16000,4000
letter,public_tabular,0,1,PGM-affine,0.62,0.6183695822430066,0.5965353479214751,0.11717989053912836,0.2774923429824412,14.752297516679391,3693178,,,,16000,4000
letter,public_tabular,0,2,Logistic,0.765,0.7637545347452357,0.7623297820614625,,1.8825660640140995,4.284633992938325,5164,,,,16000,4000
letter,public_tabular,0,2,LDA-shrinkage,0.69375,0.6927362140261102,0.6936051738262586,,0.05066233896650374,0.3351732448209077,10684,,,,16000,4000
letter,public_tabular,0,2,QDA,0.84675,0.8457535674863675,0.8446739676290976,,0.022249261033721268,1.9240727415308356,62902,,,,16000,4000
letter,public_tabular,0,2,SVM-polynomial-2,0.934,0.9337943637046405,0.9341344663039741,,0.7474053769838065,130.9255254745949,2384282,,,,16000,4000
letter,public_tabular,0,2,SVM-RBF,0.9725,0.9722358914517517,0.9723264460091958,,0.9147041940595955,221.5229017601814,2161841,,,,16000,4000
letter,public_tabular,0,2,Random-forest,0.96675,0.9664482700782133,0.9664701752547112,,0.6581601710058749,22.45776675408706,343352973,,,,16000,4000
letter,public_tabular,0,2,Hist-gradient-boosting,0.94575,0.9454680057058151,0.945600829447372,,21.001150352996774,24.953909509349614,2261133,,,,16000,4000
letter,public_tabular,0,2,PVM-DECA-amplitude,0.30375,0.30332427269202744,0.24063916458483897,0.16695738974060184,0.41962820605840534,13.164397998480126,3764147,20.0,0.0797145073414512,0.0722827682160414,16000,4000
letter,public_tabular,0,2,Spectral-DECA-amplitude,0.327,0.32594165415952514,0.2433153153255055,0.16695738974060184,0.3765807329909876,15.422667493112385,3764153,20.0,0.0797145073414512,0.0722827682160414,16000,4000
letter,public_tabular,0,2,Spectral-DECA-affine,0.37925,0.38049925273550056,0.29930994699284275,0.1674675950442225,0.44423399202059954,16.722265747375786,3819631,20.0,0.08838477815752414,0.12252726013840187,16000,4000
letter,public_tabular,0,2,PGM-affine,0.61225,0.6107646849349039,0.591693689184032,0.1173859241497476,0.27678768907207996,15.563984226901084,3693178,,,,16000,4000
letter,public_tabular,0,3,Logistic,0.76975,0.7682447087544415,0.7674956048589092,,1.5713668960379437,3.180047497153282,5164,,,,16000,4000
letter,public_tabular,0,3,LDA-shrinkage,0.70925,0.708346888697827,0.7086293638443435,,0.041231356910429895,0.2366800035815686,10684,,,,16000,4000
letter,public_tabular,0,3,QDA,0.8515,0.8508369126492051,0.8499749955902376,,0.016783403931185603,1.5535989950876683,62902,,,,16000,4000
letter,public_tabular,0,3,SVM-polynomial-2,0.9355,0.9349745993657985,0.9355249097069986,,0.84273198293522,149.97131397831254,2405530,,,,16000,4000
letter,public_tabular,0,3,SVM-RBF,0.972,0.971718875947643,0.9718731671047419,,0.9363252959446982,215.15857701888308,2180433,,,,16000,4000
letter,public_tabular,0,3,Random-forest,0.96875,0.9684510185542581,0.9685991394924055,,0.5599550149636343,22.167696268297732,345478925,,,,16000,4000
letter,public_tabular,0,3,Hist-gradient-boosting,0.94225,0.9419674872385966,0.9421777813798662,,8.603535357979126,67.77950099785812,2261125,,,,16000,4000
letter,public_tabular,0,3,PVM-DECA-amplitude,0.3235,0.3233852455768451,0.2585311151521918,0.17356177217362626,0.4721251919399947,15.594062977470458,3764147,20.0,0.08399919295516745,0.07227433860860022,16000,4000
letter,public_tabular,0,3,Spectral-DECA-amplitude,0.34225,0.34188931563409075,0.2530610155604439,0.17356177217362626,0.38032479491084814,15.736544271931052,3764153,20.0,0.08399919295516745,0.07227433860860022,16000,4000
letter,public_tabular,0,3,Spectral-DECA-affine,0.352,0.3532433818911814,0.27019932120166545,0.1650186164132718,0.5059328360948712,17.251708020921797,3819631,20.0,0.08965953262458484,0.12187194217288762,16000,4000
letter,public_tabular,0,3,PGM-affine,0.62225,0.6207103524450651,0.5936829692043452,0.11722476314229227,0.26440186495892704,14.40702099353075,3693178,,,,16000,4000
letter,public_tabular,0,4,Logistic,0.7745,0.7731548108118266,0.7730097855616166,,1.5350988389691338,1.3086010003462434,5164,,,,16000,4000
letter,public_tabular,0,4,LDA-shrinkage,0.70025,0.6993477271364757,0.701080132048194,,0.06550750404130667,0.3998117463197559,10684,,,,16000,4000
letter,public_tabular,0,4,QDA,0.84775,0.8468713128185311,0.8463364358917069,,0.022400635993108153,2.075320022413507,62902,,,,16000,4000
letter,public_tabular,0,4,SVM-polynomial-2,0.93725,0.9371126862023805,0.9374361346474748,,0.8888022799510509,170.0504947511945,2393910,,,,16000,4000
letter,public_tabular,0,4,SVM-RBF,0.971,0.9708460108066698,0.9708638000164777,,0.9859424480237067,218.32451451336965,2179769,,,,16000,4000
letter,public_tabular,0,4,Random-forest,0.967,0.9668419849395747,0.9669077154247088,,0.5430850960547104,25.127978005912155,343930157,,,,16000,4000
letter,public_tabular,0,4,Hist-gradient-boosting,0.9395,0.939299077292875,0.9394377381502022,,7.655076753930189,26.574841263936833,2261133,,,,16000,4000
letter,public_tabular,0,4,PVM-DECA-amplitude,0.31525,0.31579716462947194,0.25123085296699676,0.17244684628193732,0.7109726669732481,15.516610234044492,3764147,20.0,0.0814867262463239,0.07243240718451925,16000,4000
letter,public_tabular,0,4,Spectral-DECA-amplitude,0.33325,0.3331320323517573,0.24772494260051225,0.17244684628193732,0.5110272410092875,13.667430757777765,3764153,20.0,0.0814867262463239,0.07243240718451925,16000,4000
letter,public_tabular,0,4,Spectral-DECA-affine,0.34025,0.33984254305083844,0.23380545680182024,0.16540401478794103,0.5415938179939985,25.36454249639064,3819631,20.0,0.09558876035892291,0.12131247877621892,16000,4000
letter,public_tabular,0,4,PGM-affine,0.61425,0.6129068935237668,0.593887701181576,0.11726893926238642,0.35879271291196346,17.38733850652352,3693178,,,,16000,4000
letter,public_tabular,1,0,Logistic,0.76575,0.7641146228935509,0.7625785858882994,,1.810137378051877,1.5360367542598397,5164,,,,16000,4000
letter,public_tabular,1,0,LDA-shrinkage,0.69725,0.6964083040418648,0.695693602142246,,0.03984530107118189,0.291365256998688,10684,,,,16000,4000
letter,public_tabular,1,0,QDA,0.847,0.8459707611292091,0.8448109131270287,,0.023145506042055786,2.069503243546933,62902,,,,16000,4000
letter,public_tabular,1,0,SVM-polynomial-2,0.93275,0.9324364203132377,0.932717351451874,,0.8099956919904798,179.37754999729805,2387602,,,,16000,4000
letter,public_tabular,1,0,SVM-RBF,0.9715,0.9713253994696829,0.9713967229335014,,0.8897088919766247,214.66460652300157,2175453,,,,16000,4000
letter,public_tabular,1,0,Random-forest,0.9625,0.9622042614844447,0.9623608932662244,,0.5888889350462705,24.90069076884538,342439053,,,,16000,4000
letter,public_tabular,1,0,Hist-gradient-boosting,0.941,0.9406568301712988,0.9409488383363177,,5.900617919978686,12.957954226294532,2261125,,,,16000,4000
letter,public_tabular,1,0,PVM-DECA-amplitude,0.30825,0.3099219896266018,0.2394333103104689,0.1663761498793054,0.4209325909614563,13.937287993030623,3764147,20.0,0.0817648118376672,0.07207854608046632,16000,4000
letter,public_tabular,1,0,Spectral-DECA-amplitude,0.328,0.33011997130039217,0.2426611281221155,0.1663761498793054,0.37017895199824125,14.691320015117526,3764153,20.0,0.0817648118376672,0.07207854608046632,16000,4000
letter,public_tabular,1,0,Spectral-DECA-affine,0.35275,0.35230182892287826,0.24663291308369353,0.16575895170428634,0.4884342319564894,18.960485758725554,3819631,20.0,0.09494503749803626,0.12136823424944472,16000,4000
letter,public_tabular,1,0,PGM-affine,0.615,0.613946006775151,0.5939975741530608,0.11750885462340065,0.36219955107662827,19.205932738259435,3693178,,,,16000,4000
letter,public_tabular,1,1,Logistic,0.76925,0.7678597018128956,0.7667141531282046,,1.6561982330167666,1.3216965016908944,5164,,,,16000,4000
letter,public_tabular,1,1,LDA-shrinkage,0.69375,0.6926337629117604,0.6932060978437696,,0.05438434600364417,0.22085598902776837,10684,,,,16000,4000
letter,public_tabular,1,1,QDA,0.853,0.852199146144973,0.8508369874202651,,0.013977578026242554,1.389694749377668,62902,,,,16000,4000
letter,public_tabular,1,1,SVM-polynomial-2,0.943,0.9426042481846941,0.942819348692989,,0.8050134429940954,121.85324900201522,2393246,,,,16000,4000
letter,public_tabular,1,1,SVM-RBF,0.97375,0.9734590422011327,0.9735684281098874,,0.978170666960068,263.8618107594084,2162173,,,,16000,4000
letter,public_tabular,1,1,Random-forest,0.9665,0.966268734076076,0.966293564235962,,0.560670156031847,22.27075325208716,344025901,,,,16000,4000
letter,public_tabular,1,1,Hist-gradient-boosting,0.94175,0.9413829645698754,0.9414391042393254,,13.170251170056872,39.83491027611308,2261125,,,,16000,4000
letter,public_tabular,1,1,PVM-DECA-amplitude,0.3165,0.31617463893777015,0.2508891031173185,0.17280586357217512,0.384185103001073,14.18363451375626,3764147,20.0,0.08415111161052558,0.0722852219645409,16000,4000
letter,public_tabular,1,1,Spectral-DECA-amplitude,0.3435,0.34278647386812433,0.2526210813864113,0.17280586357217512,0.4271433720132336,19.781975250225514,3764153,20.0,0.08415111161052558,0.0722852219645409,16000,4000
letter,public_tabular,1,1,Spectral-DECA-affine,0.3465,0.3452299348683423,0.26724372619890635,0.16663782772105507,0.5780731569975615,31.718707992695272,3819631,20.0,0.09568542072992056,0.12088978398709746,16000,4000
letter,public_tabular,1,1,PGM-affine,0.61475,0.6133247444084329,0.5899339447773838,0.11713022028484213,0.33045559597667307,26.95186625351198,3693178,,,,16000,4000
letter,public_tabular,1,2,Logistic,0.774,0.77217384237777,0.7716371555249657,,2.1843448750441894,1.363366754958406,5164,,,,16000,4000
letter,public_tabular,1,2,LDA-shrinkage,0.70425,0.7026320856263091,0.7043108426192762,,0.06152448896318674,0.3573459980543703,10684,,,,16000,4000
letter,public_tabular,1,2,QDA,0.84825,0.8470499509459325,0.8462819602684744,,0.021352737094275653,1.9905920198652893,62902,,,,16000,4000
letter,public_tabular,1,2,SVM-polynomial-2,0.93525,0.9348571218473072,0.9353401756896658,,0.8134172330610454,154.34686749358661,2385610,,,,16000,4000
letter,public_tabular,1,2,SVM-RBF,0.9725,0.9723336602463923,0.9724647362221811,,1.0480245330836624,232.42041375488043,2175121,,,,16000,4000
letter,public_tabular,1,2,Random-forest,0.96675,0.9665770864520677,0.9668011436461235,,0.4908307440346107,19.08590373932384,343859981,,,,16000,4000
letter,public_tabular,1,2,Hist-gradient-boosting,0.9405,0.940156295384672,0.9405671506635027,,16.037328896927647,20.434106001630425,2261133,,,,16000,4000
letter,public_tabular,1,2,PVM-DECA-amplitude,0.31775,0.3177642395838357,0.25678460720879903,0.1724970115089244,0.4017408770741895,13.786869501927868,3764147,20.0,0.08105672428452318,0.07234788453708005,16000,4000
letter,public_tabular,1,2,Spectral-DECA-amplitude,0.34075,0.3403903754365821,0.2599571275870669,0.1724970115089244,0.3910700629930943,16.067096759798005,3764153,20.0,0.08105672428452318,0.07234788453708005,16000,4000
letter,public_tabular,1,2,Spectral-DECA-affine,0.337,0.33584741147867675,0.2310932084369931,0.1657756917793958,0.48004582501016557,17.602881009224802,3819631,20.0,0.09519492510258165,0.12120401211628179,16000,4000
letter,public_tabular,1,2,PGM-affine,0.621,0.6189957089344065,0.6000642962435365,0.11763278335855676,0.3969181519933045,18.28592925448902,3693178,,,,16000,4000
letter,public_tabular,1,3,Logistic,0.78175,0.7802779285599841,0.779134916316518,,1.7368493499234319,1.538347773021087,5164,,,,16000,4000
letter,public_tabular,1,3,LDA-shrinkage,0.70525,0.7042444810753982,0.7043803831523636,,0.06236509699374437,0.3783227293752134,10684,,,,16000,4000
letter,public_tabular,1,3,QDA,0.8465,0.8454473744676521,0.8443339447261256,,0.021166960010305047,1.7944955034181476,62902,,,,16000,4000
letter,public_tabular,1,3,SVM-polynomial-2,0.93775,0.9373824753497384,0.9377675776357095,,0.7405744430143386,125.8427242282778,2406526,,,,16000,4000
letter,public_tabular,1,3,SVM-RBF,0.9685,0.9681813015964453,0.9682844272275193,,0.9490651759551838,252.31191600323655,2179437,,,,16000,4000
letter,public_tabular,1,3,Random-forest,0.968,0.9677694861597751,0.9679028264748629,,0.7857549149775878,22.68942873342894,345209101,,,,16000,4000
letter,public_tabular,1,3,Hist-gradient-boosting,0.9485,0.9480906799345348,0.9483114127224284,,27.972174439928494,418.07335725752637,2261117,,,,16000,4000
letter,public_tabular,1,3,PVM-DECA-amplitude,0.31425,0.31538311661317575,0.252829291313962,0.17108826113069878,0.4166005289880559,15.112716268049553,3764147,20.0,0.0826961678236986,0.07193904578877496,16000,4000
letter,public_tabular,1,3,Spectral-DECA-amplitude,0.33375,0.33465904168006316,0.2462777482987157,0.17108826113069878,0.40593959006946534,16.54667899128981,3764153,20.0,0.0826961678236986,0.07193904578877496,16000,4000
letter,public_tabular,1,3,Spectral-DECA-affine,0.3595,0.3589163898251756,0.27027162333890076,0.16640671682427313,0.4658065550029278,17.362077749567106,3819631,20.0,0.09528695553418741,0.122045790257978,16000,4000
letter,public_tabular,1,3,PGM-affine,0.6155,0.6142431718806581,0.5919407126795307,0.11802677874361447,0.3487121680518612,21.301511267665774,3693178,,,,16000,4000
letter,public_tabular,1,4,Logistic,0.775,0.7739136464905193,0.7740031201496838,,1.9542562869610265,1.9217914959881455,5164,,,,16000,4000
letter,public_tabular,1,4,LDA-shrinkage,0.7045,0.7037675543001549,0.705443908520363,,0.061024869908578694,0.22088701371103525,10684,,,,16000,4000
letter,public_tabular,1,4,QDA,0.84725,0.8463980171583891,0.8454162504581191,,0.013972531072795391,1.4657832507509738,62902,,,,16000,4000
letter,public_tabular,1,4,SVM-polynomial-2,0.9315,0.9312247232195368,0.9317909762445898,,0.8856930340407416,141.98239674442448,2391918,,,,16000,4000
letter,public_tabular,1,4,SVM-RBF,0.9705,0.9701932212546638,0.9702926658342264,,1.1468341989675537,275.9880667726975,2184749,,,,16000,4000
letter,public_tabular,1,4,Random-forest,0.96425,0.9638983508502432,0.9639847212145141,,0.464118072995916,19.28363973274827,343685357,,,,16000,4000
letter,public_tabular,1,4,Hist-gradient-boosting,0.9425,0.9422954144936871,0.9426745201999152,,17.810181210981682,51.77481399732642,2261133,,,,16000,4000
letter,public_tabular,1,4,PVM-DECA-amplitude,0.29425,0.29345208099249426,0.224630896168973,0.16537724807200646,0.3807732119457796,13.270449009723961,3764147,20.0,0.07721693961063227,0.07211828931199114,16000,4000
letter,public_tabular,1,4,Spectral-DECA-amplitude,0.31375,0.3124096498441898,0.23110863750819277,0.16537724807200646,0.37065264000557363,14.89526400109753,3764153,20.0,0.07721693961063227,0.07211828931199114,16000,4000
letter,public_tabular,1,4,Spectral-DECA-affine,0.36675,0.3661928630513854,0.28117469608695284,0.16714039237314415,0.5206446369411424,20.19298999221064,3819631,20.0,0.09976211969618554,0.12208281625645231,16000,4000
letter,public_tabular,1,4,PGM-affine,0.615,0.6137802191521186,0.5908611358741985,0.11661333703619114,0.48578898306004703,16.90242125187069,3693178,,,,16000,4000
