observable,displacement_index,delta_row,delta_column,start_row,start_column,first_detector,second_detector,state,q,copies,method,exact_expectation,mean_estimate,bias,rmse,theoretical_estimator_standard_error
ZZ_d0_r0_c0,0,0,1,0,0,0,1,null_q035,0.35,64,native_all_z,0.72967688,0.7384033203125,0.008726440312500028,0.08579775033410707,0.08547401385010477
ZZ_d0_r0_c1,0,0,1,0,1,1,2,null_q035,0.35,64,native_all_z,0.72967688,0.740966796875,0.011289916875000028,0.08304853853867265,0.08547401385010477
ZZ_d0_r0_c2,0,0,1,0,2,2,3,null_q035,0.35,64,native_all_z,0.72967688,0.7362060546875,0.006529174687500028,0.0871780209760466,0.08547401385010477
ZZ_d0_r0_c3,0,0,1,0,3,3,4,null_q035,0.35,64,native_all_z,0.72967688,0.7303466796875,0.0006697996875000278,0.08313670369611889,0.08547401385010477
ZZ_d0_r0_c4,0,0,1,0,4,4,0,null_q035,0.35,64,native_all_z,0.72967688,0.7357177734375,0.006040893437500028,0.0786867888513537,0.08547401385010477
ZZ_d0_r1_c0,0,0,1,1,0,5,6,null_q035,0.35,64,native_all_z,0.72967688,0.7252197265625,-0.004457153437499972,0.08298449013531849,0.08547401385010477
ZZ_d0_r1_c1,0,0,1,1,1,6,7,null_q035,0.35,64,native_all_z,0.72967688,0.7379150390625,0.008238159062500028,0.079348472667957,0.08547401385010477
ZZ_d0_r1_c2,0,0,1,1,2,7,8,null_q035,0.35,64,native_all_z,0.72967688,0.73779296875,0.008116088750000028,0.08382991702121857,0.08547401385010477
ZZ_d0_r1_c3,0,0,1,1,3,8,9,null_q035,0.35,64,native_all_z,0.72967688,0.7340087890625,0.004331909062500028,0.08457017921462491,0.08547401385010477
ZZ_d0_r1_c4,0,0,1,1,4,9,5,null_q035,0.35,64,native_all_z,0.72967688,0.7344970703125,0.004820190312500028,0.08043666895386561,0.08547401385010477
ZZ_d0_r2_c0,0,0,1,2,0,10,11,null_q035,0.35,64,native_all_z,0.72967688,0.730712890625,0.0010360106250000278,0.09028352242451637,0.08547401385010477
ZZ_d0_r2_c1,0,0,1,2,1,11,12,null_q035,0.35,64,native_all_z,0.72967688,0.72998046875,0.00030358875000002783,0.08402891398930429,0.08547401385010477
ZZ_d0_r2_c2,0,0,1,2,2,12,13,null_q035,0.35,64,native_all_z,0.72967688,0.731689453125,0.002012573125000028,0.08121739073681754,0.08547401385010477
ZZ_d0_r2_c3,0,0,1,2,3,13,14,null_q035,0.35,64,native_all_z,0.72967688,0.7354736328125,0.005796752812500028,0.08429023715461521,0.08547401385010477
ZZ_d0_r2_c4,0,0,1,2,4,14,10,null_q035,0.35,64,native_all_z,0.72967688,0.7322998046875,0.002622924687500028,0.09339684816710914,0.08547401385010477
ZZ_d0_r3_c0,0,0,1,3,0,15,16,null_q035,0.35,64,native_all_z,0.72967688,0.718017578125,-0.011659301874999972,0.09642772272765054,0.08547401385010477
ZZ_d0_r3_c1,0,0,1,3,1,16,17,null_q035,0.35,64,native_all_z,0.72967688,0.719970703125,-0.009706176874999972,0.09464711405384688,0.08547401385010477
ZZ_d0_r3_c2,0,0,1,3,2,17,18,null_q035,0.35,64,native_all_z,0.72967688,0.7218017578125,-0.007875122187499972,0.0862657111907015,0.08547401385010477
ZZ_d0_r3_c3,0,0,1,3,3,18,19,null_q035,0.35,64,native_all_z,0.72967688,0.722900390625,-0.006776489374999972,0.07966074150912981,0.08547401385010477
ZZ_d0_r3_c4,0,0,1,3,4,19,15,null_q035,0.35,64,native_all_z,0.72967688,0.7205810546875,-0.009095825312499972,0.08486118707494475,0.08547401385010477
ZZ_d0_r4_c0,0,0,1,4,0,20,21,null_q035,0.35,64,native_all_z,0.72967688,0.724609375,-0.005067504999999972,0.08481447853423613,0.08547401385010477
ZZ_d0_r4_c1,0,0,1,4,1,21,22,null_q035,0.35,64,native_all_z,0.72967688,0.7247314453125,-0.004945434687499972,0.09156870818059264,0.08547401385010477
ZZ_d0_r4_c2,0,0,1,4,2,22,23,null_q035,0.35,64,native_all_z,0.72967688,0.728759765625,-0.0009171143749999722,0.08193714058542466,0.08547401385010477
ZZ_d0_r4_c3,0,0,1,4,3,23,24,null_q035,0.35,64,native_all_z,0.72967688,0.7294921875,-0.00018469249999997217,0.08258183303814859,0.08547401385010477
ZZ_d0_r4_c4,0,0,1,4,4,24,20,null_q035,0.35,64,native_all_z,0.72967688,0.7242431640625,-0.005433715937499972,0.08635440678835542,0.08547401385010477
ZZ_d1_r0_c0,1,1,0,0,0,0,5,null_q035,0.35,64,native_all_z,0.72967688,0.7362060546875,0.006529174687500028,0.08364977688751639,0.08547401385010477
ZZ_d1_r0_c1,1,1,0,0,1,1,6,null_q035,0.35,64,native_all_z,0.72967688,0.7318115234375,0.002134643437500028,0.08444802648515547,0.08547401385010477
ZZ_d1_r0_c2,1,1,0,0,2,2,7,null_q035,0.35,64,native_all_z,0.72967688,0.73876953125,0.009092651250000028,0.08891783836762958,0.08547401385010477
ZZ_d1_r0_c3,1,1,0,0,3,3,8,null_q035,0.35,64,native_all_z,0.72967688,0.7269287109375,-0.002748169062499972,0.08525663943566225,0.08547401385010477
ZZ_d1_r0_c4,1,1,0,0,4,4,9,null_q035,0.35,64,native_all_z,0.72967688,0.7286376953125,-0.0010391846874999722,0.08512699702532693,0.08547401385010477
ZZ_d1_r1_c0,1,1,0,1,0,5,10,null_q035,0.35,64,native_all_z,0.72967688,0.730224609375,0.0005477293750000278,0.08811955904907345,0.08547401385010477
ZZ_d1_r1_c1,1,1,0,1,1,6,11,null_q035,0.35,64,native_all_z,0.72967688,0.7320556640625,0.002378784062500028,0.08620504374955403,0.08547401385010477
ZZ_d1_r1_c2,1,1,0,1,2,7,12,null_q035,0.35,64,native_all_z,0.72967688,0.73876953125,0.009092651250000028,0.08818549922147434,0.08547401385010477
ZZ_d1_r1_c3,1,1,0,1,3,8,13,null_q035,0.35,64,native_all_z,0.72967688,0.74072265625,0.011045776250000028,0.0799451418814217,0.08547401385010477
ZZ_d1_r1_c4,1,1,0,1,4,9,14,null_q035,0.35,64,native_all_z,0.72967688,0.728759765625,-0.0009171143749999722,0.08137654620921586,0.08547401385010477
ZZ_d1_r2_c0,1,1,0,2,0,10,15,null_q035,0.35,64,native_all_z,0.72967688,0.7259521484375,-0.003724731562499972,0.0856048077097237,0.08547401385010477
ZZ_d1_r2_c1,1,1,0,2,1,11,16,null_q035,0.35,64,native_all_z,0.72967688,0.7222900390625,-0.007386840937499972,0.0871719497641014,0.08547401385010477
ZZ_d1_r2_c2,1,1,0,2,2,12,17,null_q035,0.35,64,native_all_z,0.72967688,0.7308349609375,0.0011580809375000278,0.09024761508649425,0.08547401385010477
ZZ_d1_r2_c3,1,1,0,2,3,13,18,null_q035,0.35,64,native_all_z,0.72967688,0.7314453125,0.0017684325000000278,0.08209098032234964,0.08547401385010477
ZZ_d1_r2_c4,1,1,0,2,4,14,19,null_q035,0.35,64,native_all_z,0.72967688,0.7239990234375,-0.005677856562499972,0.08611993146308392,0.08547401385010477
ZZ_d1_r3_c0,1,1,0,3,0,15,20,null_q035,0.35,64,native_all_z,0.72967688,0.7264404296875,-0.003236450312499972,0.09297863717116034,0.08547401385010477
ZZ_d1_r3_c1,1,1,0,3,1,16,21,null_q035,0.35,64,native_all_z,0.72967688,0.7205810546875,-0.009095825312499972,0.08928600069117794,0.08547401385010477
ZZ_d1_r3_c2,1,1,0,3,2,17,22,null_q035,0.35,64,native_all_z,0.72967688,0.72021484375,-0.009462036249999972,0.08986300928081113,0.08547401385010477
ZZ_d1_r3_c3,1,1,0,3,3,18,23,null_q035,0.35,64,native_all_z,0.72967688,0.7291259765625,-0.0005509034374999722,0.08456956604746337,0.08547401385010477
ZZ_d1_r3_c4,1,1,0,3,4,19,24,null_q035,0.35,64,native_all_z,0.72967688,0.7225341796875,-0.007142700312499972,0.08731627003700411,0.08547401385010477
ZZ_d1_r4_c0,1,1,0,4,0,20,0,null_q035,0.35,64,native_all_z,0.72967688,0.7340087890625,0.004331909062500028,0.08069229251774157,0.08547401385010477
ZZ_d1_r4_c1,1,1,0,4,1,21,1,null_q035,0.35,64,native_all_z,0.72967688,0.720947265625,-0.008729614374999972,0.08744922504196734,0.08547401385010477
ZZ_d1_r4_c2,1,1,0,4,2,22,2,null_q035,0.35,64,native_all_z,0.72967688,0.7359619140625,0.006285034062500028,0.0915200064443905,0.08547401385010477
ZZ_d1_r4_c3,1,1,0,4,3,23,3,null_q035,0.35,64,native_all_z,0.72967688,0.727783203125,-0.0018936768749999722,0.08525898302820145,0.08547401385010477
ZZ_d1_r4_c4,1,1,0,4,4,24,4,null_q035,0.35,64,native_all_z,0.72967688,0.7257080078125,-0.003968872187499972,0.08342468556496042,0.08547401385010477
ZZ_d2_r0_c0,2,0,2,0,0,0,2,null_q035,0.35,64,native_all_z,0.7158927199999999,0.7344970703125,0.018604350312500004,0.08162870586542473,0.08727628664289001
ZZ_d2_r0_c1,2,0,2,0,1,1,3,null_q035,0.35,64,native_all_z,0.7158927199999999,0.7188720703125,0.002979350312500073,0.08367318396603556,0.08727628664289001
ZZ_d2_r0_c2,2,0,2,0,2,2,4,null_q035,0.35,64,native_all_z,0.7158927199999999,0.72314453125,0.007251811250000106,0.07920935290772738,0.08727628664289001
ZZ_d2_r0_c3,2,0,2,0,3,3,0,null_q035,0.35,64,native_all_z,0.7158927199999999,0.726806640625,0.010913920625000116,0.09281371056751746,0.08727628664289001
ZZ_d2_r0_c4,2,0,2,0,4,4,1,null_q035,0.35,64,native_all_z,0.7158927199999999,0.715087890625,-0.0008048293749998965,0.08433914392164472,0.08727628664289001
ZZ_d2_r1_c0,2,0,2,1,0,5,7,null_q035,0.35,64,native_all_z,0.7158927199999999,0.716064453125,0.0001717331250000848,0.0881315514307569,0.08727628664289001
ZZ_d2_r1_c1,2,0,2,1,1,6,8,null_q035,0.35,64,native_all_z,0.7158927199999999,0.7218017578125,0.0059090378125000835,0.08742742099351054,0.08727628664289001
ZZ_d2_r1_c2,2,0,2,1,2,7,9,null_q035,0.35,64,native_all_z,0.7158927199999999,0.7215576171875,0.005664897187500096,0.09025352527402476,0.08727628664289001
ZZ_d2_r1_c3,2,0,2,1,3,8,5,null_q035,0.35,64,native_all_z,0.7158927199999999,0.717529296875,0.001636576875000073,0.0895526767890952,0.08727628664289001
ZZ_d2_r1_c4,2,0,2,1,4,9,6,null_q035,0.35,64,native_all_z,0.7158927199999999,0.718994140625,0.003101420625000081,0.08134257722319166,0.08727628664289001
ZZ_d2_r2_c0,2,0,2,2,0,10,12,null_q035,0.35,64,native_all_z,0.7158927199999999,0.719482421875,0.003589701875000094,0.0958671535972679,0.08727628664289001
ZZ_d2_r2_c1,2,0,2,2,1,11,13,null_q035,0.35,64,native_all_z,0.7158927199999999,0.72412109375,0.008228373750000132,0.09127984083009322,0.08727628664289001
ZZ_d2_r2_c2,2,0,2,2,2,12,14,null_q035,0.35,64,native_all_z,0.7158927199999999,0.7142333984375,-0.001659321562499927,0.08383376114658565,0.08727628664289001
ZZ_d2_r2_c3,2,0,2,2,3,13,10,null_q035,0.35,64,native_all_z,0.7158927199999999,0.726806640625,0.010913920625000094,0.08839286421159602,0.08727628664289001
ZZ_d2_r2_c4,2,0,2,2,4,14,11,null_q035,0.35,64,native_all_z,0.7158927199999999,0.7161865234375,0.00029380343750008654,0.08493960696990258,0.08727628664289001
ZZ_d2_r3_c0,2,0,2,3,0,15,17,null_q035,0.35,64,native_all_z,0.7158927199999999,0.70849609375,-0.007396626249999887,0.09565885892684431,0.08727628664289001
ZZ_d2_r3_c1,2,0,2,3,1,16,18,null_q035,0.35,64,native_all_z,0.7158927199999999,0.7054443359375,-0.01044838406249988,0.09834149761171038,0.08727628664289001
ZZ_d2_r3_c2,2,0,2,3,2,17,19,null_q035,0.35,64,native_all_z,0.7158927199999999,0.7142333984375,-0.0016593215624999135,0.08709216559923186,0.08727628664289001
ZZ_d2_r3_c3,2,0,2,3,3,18,15,null_q035,0.35,64,native_all_z,0.7158927199999999,0.7073974609375,-0.008495259062499897,0.09391533325545288,0.08727628664289001
ZZ_d2_r3_c4,2,0,2,3,4,19,16,null_q035,0.35,64,native_all_z,0.7158927199999999,0.7042236328125,-0.011669087187499878,0.09324774134420244,0.08727628664289001
ZZ_d2_r4_c0,2,0,2,4,0,20,22,null_q035,0.35,64,native_all_z,0.7158927199999999,0.7144775390625,-0.0014151809374999265,0.0874062138908486,0.08727628664289001
ZZ_d2_r4_c1,2,0,2,4,1,21,23,null_q035,0.35,64,native_all_z,0.7158927199999999,0.7088623046875,-0.007030415312499847,0.08735356785258701,0.08727628664289001
ZZ_d2_r4_c2,2,0,2,4,2,22,24,null_q035,0.35,64,native_all_z,0.7158927199999999,0.70947265625,-0.0064200637499999165,0.09090411847672057,0.08727628664289001
ZZ_d2_r4_c3,2,0,2,4,3,23,20,null_q035,0.35,64,native_all_z,0.7158927199999999,0.7147216796875,-0.0011710403124999109,0.08112185613716581,0.08727628664289001
ZZ_d2_r4_c4,2,0,2,4,4,24,21,null_q035,0.35,64,native_all_z,0.7158927199999999,0.7091064453125,-0.006786274687499863,0.08848957696044783,0.08727628664289001
ZZ_d3_r0_c0,3,2,0,0,0,0,10,null_q035,0.35,64,native_all_z,0.7158927199999999,0.7203369140625,0.004444194062500078,0.08729217728418753,0.08727628664289001
ZZ_d3_r0_c1,3,2,0,0,1,1,11,null_q035,0.35,64,native_all_z,0.7158927199999999,0.717529296875,0.001636576875000073,0.08217787067030059,0.08727628664289001
ZZ_d3_r0_c2,3,2,0,0,2,2,12,null_q035,0.35,64,native_all_z,0.7158927199999999,0.721923828125,0.006031108125000127,0.08256186900174255,0.08727628664289001
ZZ_d3_r0_c3,3,2,0,0,3,3,13,null_q035,0.35,64,native_all_z,0.7158927199999999,0.7271728515625,0.011280131562500106,0.08281245174629703,0.08727628664289001
ZZ_d3_r0_c4,3,2,0,0,4,4,14,null_q035,0.35,64,native_all_z,0.7158927199999999,0.7142333984375,-0.001659321562499907,0.0801584514571859,0.08727628664289001
ZZ_d3_r1_c0,3,2,0,1,0,5,15,null_q035,0.35,64,native_all_z,0.7158927199999999,0.7088623046875,-0.0070304153124998575,0.09035874851813755,0.08727628664289001
ZZ_d3_r1_c1,3,2,0,1,1,6,16,null_q035,0.35,64,native_all_z,0.7158927199999999,0.712890625,-0.0030020949999998913,0.08476118292608742,0.08727628664289001
ZZ_d3_r1_c2,3,2,0,1,2,7,17,null_q035,0.35,64,native_all_z,0.7158927199999999,0.7122802734375,-0.003612446562499924,0.09197224485891939,0.08727628664289001
ZZ_d3_r1_c3,3,2,0,1,3,8,18,null_q035,0.35,64,native_all_z,0.7158927199999999,0.71240234375,-0.003490376249999923,0.08853132636653058,0.08727628664289001
ZZ_d3_r1_c4,3,2,0,1,4,9,19,null_q035,0.35,64,native_all_z,0.7158927199999999,0.7113037109375,-0.004589009062499906,0.09068865068712582,0.08727628664289001
ZZ_d3_r2_c0,3,2,0,2,0,10,20,null_q035,0.35,64,native_all_z,0.7158927199999999,0.71533203125,-0.0005606887499998597,0.09175572362817294,0.08727628664289001
ZZ_d3_r2_c1,3,2,0,2,1,11,21,null_q035,0.35,64,native_all_z,0.7158927199999999,0.714111328125,-0.001781391874999927,0.09365211465977906,0.08727628664289001
ZZ_d3_r2_c2,3,2,0,2,2,12,22,null_q035,0.35,64,native_all_z,0.7158927199999999,0.7105712890625,-0.005321430937499896,0.09311487621237156,0.08727628664289001
ZZ_d3_r2_c3,3,2,0,2,3,13,23,null_q035,0.35,64,native_all_z,0.7158927199999999,0.7252197265625,0.009327006562500113,0.08434316642637103,0.08727628664289001
ZZ_d3_r2_c4,3,2,0,2,4,14,24,null_q035,0.35,64,native_all_z,0.7158927199999999,0.715087890625,-0.0008048293749999269,0.08714208542893985,0.08727628664289001
ZZ_d3_r3_c0,3,2,0,3,0,15,0,null_q035,0.35,64,native_all_z,0.7158927199999999,0.717529296875,0.001636576875000094,0.09699603973760813,0.08727628664289001
ZZ_d3_r3_c1,3,2,0,3,1,16,1,null_q035,0.35,64,native_all_z,0.7158927199999999,0.7088623046875,-0.007030415312499913,0.0933489145090292,0.08727628664289001
ZZ_d3_r3_c2,3,2,0,3,2,17,2,null_q035,0.35,64,native_all_z,0.7158927199999999,0.7193603515625,0.003467631562500133,0.09190183672767523,0.08727628664289001
ZZ_d3_r3_c3,3,2,0,3,3,18,3,null_q035,0.35,64,native_all_z,0.7158927199999999,0.7144775390625,-0.0014151809374999273,0.08844745160536156,0.08727628664289001
ZZ_d3_r3_c4,3,2,0,3,4,19,4,null_q035,0.35,64,native_all_z,0.7158927199999999,0.713623046875,-0.0022696731249999195,0.08433474761014671,0.08727628664289001
ZZ_d3_r4_c0,3,2,0,4,0,20,5,null_q035,0.35,64,native_all_z,0.7158927199999999,0.71044921875,-0.005443501249999833,0.08733996931763059,0.08727628664289001
ZZ_d3_r4_c1,3,2,0,4,1,21,6,null_q035,0.35,64,native_all_z,0.7158927199999999,0.7144775390625,-0.001415180937499927,0.0916667097689111,0.08727628664289001
ZZ_d3_r4_c2,3,2,0,4,2,22,7,null_q035,0.35,64,native_all_z,0.7158927199999999,0.7186279296875,0.0027352096875000917,0.0865778101091456,0.08727628664289001
ZZ_d3_r4_c3,3,2,0,4,3,23,8,null_q035,0.35,64,native_all_z,0.7158927199999999,0.7188720703125,0.0029793503125000874,0.08828736459009312,0.08727628664289001
ZZ_d3_r4_c4,3,2,0,4,4,24,9,null_q035,0.35,64,native_all_z,0.7158927199999999,0.717041015625,0.001148295625000073,0.08632680008131685,0.08727628664289001
ZZ_d0_r0_c0,0,0,1,0,0,0,1,null_q035,0.35,64,local_pauli_shadow,0.72967688,0.77178955078125,0.04211267078125033,0.3654520493725772,0.3637386521166645
ZZ_d0_r0_c1,0,0,1,0,1,1,2,null_q035,0.35,64,local_pauli_shadow,0.72967688,0.76025390625,0.030577026250000236,0.39461357346867104,0.3637386521166645
ZZ_d0_r0_c2,0,0,1,0,2,2,3,null_q035,0.35,64,local_pauli_shadow,0.72967688,0.72125244140625,-0.008424438593749924,0.35306057266937124,0.3637386521166645
ZZ_d0_r0_c3,0,0,1,0,3,3,4,null_q035,0.35,64,local_pauli_shadow,0.72967688,0.7371826171875,0.007505737187500023,0.3403664362424733,0.3637386521166645
ZZ_d0_r0_c4,0,0,1,0,4,4,0,null_q035,0.35,64,local_pauli_shadow,0.72967688,0.76190185546875,0.03222497546875019,0.36447813689627845,0.3637386521166645
ZZ_d0_r1_c0,0,0,1,1,0,5,6,null_q035,0.35,64,local_pauli_shadow,0.72967688,0.7119140625,-0.01776281749999996,0.38200429406752323,0.3637386521166645
ZZ_d0_r1_c1,0,0,1,1,1,6,7,null_q035,0.35,64,local_pauli_shadow,0.72967688,0.802001953125,0.07232507312500037,0.3803901490132206,0.3637386521166645
ZZ_d0_r1_c2,0,0,1,1,2,7,8,null_q035,0.35,64,local_pauli_shadow,0.72967688,0.74322509765625,0.013548217656250312,0.35096430991063216,0.3637386521166645
ZZ_d0_r1_c3,0,0,1,1,3,8,9,null_q035,0.35,64,local_pauli_shadow,0.72967688,0.72674560546875,-0.002931274531249972,0.3565683309188427,0.3637386521166645
ZZ_d0_r1_c4,0,0,1,1,4,9,5,null_q035,0.35,64,local_pauli_shadow,0.72967688,0.70037841796875,-0.029298462031249806,0.3554971702580979,0.3637386521166645
ZZ_d0_r2_c0,0,0,1,2,0,10,11,null_q035,0.35,64,local_pauli_shadow,0.72967688,0.7086181640625,-0.021058715937499937,0.34009813753069423,0.3637386521166645
ZZ_d0_r2_c1,0,0,1,2,1,11,12,null_q035,0.35,64,local_pauli_shadow,0.72967688,0.7064208984375,-0.023255981562499854,0.37504287720040885,0.3637386521166645
ZZ_d0_r2_c2,0,0,1,2,2,12,13,null_q035,0.35,64,local_pauli_shadow,0.72967688,0.70587158203125,-0.023805297968749847,0.36601337079080554,0.3637386521166645
ZZ_d0_r2_c3,0,0,1,2,3,13,14,null_q035,0.35,64,local_pauli_shadow,0.72967688,0.7086181640625,-0.021058715937499924,0.3635900627800943,0.3637386521166645
ZZ_d0_r2_c4,0,0,1,2,4,14,10,null_q035,0.35,64,local_pauli_shadow,0.72967688,0.740478515625,0.010801635625000031,0.3973052814123859,0.3637386521166645
ZZ_d0_r3_c0,0,0,1,3,0,15,16,null_q035,0.35,64,local_pauli_shadow,0.72967688,0.75201416015625,0.022337280156250118,0.3803255691378516,0.3637386521166645
ZZ_d0_r3_c1,0,0,1,3,1,16,17,null_q035,0.35,64,local_pauli_shadow,0.72967688,0.775634765625,0.04595788562500026,0.3820240398507891,0.3637386521166645
ZZ_d0_r3_c2,0,0,1,3,2,17,18,null_q035,0.35,64,local_pauli_shadow,0.72967688,0.72344970703125,-0.006227172968749972,0.3578945031851535,0.3637386521166645
ZZ_d0_r3_c3,0,0,1,3,3,18,19,null_q035,0.35,64,local_pauli_shadow,0.72967688,0.70587158203125,-0.023805297968749868,0.3634719311398806,0.3637386521166645
ZZ_d0_r3_c4,0,0,1,3,4,19,15,null_q035,0.35,64,local_pauli_shadow,0.72967688,0.7174072265625,-0.012269653437499905,0.3584502775314784,0.3637386521166645
ZZ_d0_r4_c0,0,0,1,4,0,20,21,null_q035,0.35,64,local_pauli_shadow,0.72967688,0.70806884765625,-0.021608032343749937,0.3590337823589747,0.3637386521166645
ZZ_d0_r4_c1,0,0,1,4,1,21,22,null_q035,0.35,64,local_pauli_shadow,0.72967688,0.77947998046875,0.049803100468750194,0.3722286166218524,0.3637386521166645
ZZ_d0_r4_c2,0,0,1,4,2,22,23,null_q035,0.35,64,local_pauli_shadow,0.72967688,0.753662109375,0.023985229375000146,0.38071809037445353,0.3637386521166645
ZZ_d0_r4_c3,0,0,1,4,3,23,24,null_q035,0.35,64,local_pauli_shadow,0.72967688,0.71356201171875,-0.01611486828124977,0.3725724560404211,0.3637386521166645
ZZ_d0_r4_c4,0,0,1,4,4,24,20,null_q035,0.35,64,local_pauli_shadow,0.72967688,0.692138671875,-0.03753820812499963,0.3562205035931639,0.3637386521166645
ZZ_d1_r0_c0,1,1,0,0,0,0,5,null_q035,0.35,64,local_pauli_shadow,0.72967688,0.75421142578125,0.024534545781250264,0.35820225481081786,0.3637386521166645
ZZ_d1_r0_c1,1,1,0,0,1,1,6,null_q035,0.35,64,local_pauli_shadow,0.72967688,0.73388671875,0.0042098387500000365,0.3693476778078377,0.3637386521166645
ZZ_d1_r0_c2,1,1,0,0,2,2,7,null_q035,0.35,64,local_pauli_shadow,0.72967688,0.7591552734375,0.029478393437500194,0.3522877940705096,0.3637386521166645
ZZ_d1_r0_c3,1,1,0,0,3,3,8,null_q035,0.35,64,local_pauli_shadow,0.72967688,0.731689453125,0.002012573125000045,0.3892562502728199,0.3637386521166645
ZZ_d1_r0_c4,1,1,0,0,4,4,9,null_q035,0.35,64,local_pauli_shadow,0.72967688,0.731689453125,0.0020125731250000625,0.36296699264734295,0.3637386521166645
ZZ_d1_r1_c0,1,1,0,1,0,5,10,null_q035,0.35,64,local_pauli_shadow,0.72967688,0.70037841796875,-0.029298462031249764,0.3814913468605594,0.3637386521166645
ZZ_d1_r1_c1,1,1,0,1,1,6,11,null_q035,0.35,64,local_pauli_shadow,0.72967688,0.76190185546875,0.032224975468750264,0.3763649039337721,0.3637386521166645
ZZ_d1_r1_c2,1,1,0,1,2,7,12,null_q035,0.35,64,local_pauli_shadow,0.72967688,0.73883056640625,0.009153686406250123,0.38807277033210374,0.3637386521166645
ZZ_d1_r1_c3,1,1,0,1,3,8,13,null_q035,0.35,64,local_pauli_shadow,0.72967688,0.77618408203125,0.046507202031250236,0.38046613773486104,0.3637386521166645
ZZ_d1_r1_c4,1,1,0,1,4,9,14,null_q035,0.35,64,local_pauli_shadow,0.72967688,0.73388671875,0.004209838750000028,0.34580012438248314,0.3637386521166645
ZZ_d1_r2_c0,1,1,0,2,0,10,15,null_q035,0.35,64,local_pauli_shadow,0.72967688,0.7119140625,-0.017762817499999924,0.36334929359064877,0.3637386521166645
ZZ_d1_r2_c1,1,1,0,2,1,11,16,null_q035,0.35,64,local_pauli_shadow,0.72967688,0.74542236328125,0.015745483281250278,0.3614270749242132,0.3637386521166645
ZZ_d1_r2_c2,1,1,0,2,2,12,17,null_q035,0.35,64,local_pauli_shadow,0.72967688,0.73004150390625,0.0003646239062501319,0.37201962007361655,0.3637386521166645
ZZ_d1_r2_c3,1,1,0,2,3,13,18,null_q035,0.35,64,local_pauli_shadow,0.72967688,0.72564697265625,-0.004029907343749972,0.35163322602467867,0.3637386521166645
ZZ_d1_r2_c4,1,1,0,2,4,14,19,null_q035,0.35,64,local_pauli_shadow,0.72967688,0.7459716796875,0.016294799687500104,0.3304584226260003,0.3637386521166645
ZZ_d1_r3_c0,1,1,0,3,0,15,20,null_q035,0.35,64,local_pauli_shadow,0.72967688,0.74542236328125,0.015745483281250153,0.3775257129138682,0.3637386521166645
ZZ_d1_r3_c1,1,1,0,3,1,16,21,null_q035,0.35,64,local_pauli_shadow,0.72967688,0.75311279296875,0.02343591296875038,0.39538694362664706,0.3637386521166645
ZZ_d1_r3_c2,1,1,0,3,2,17,22,null_q035,0.35,64,local_pauli_shadow,0.72967688,0.76519775390625,0.03552087390625016,0.3896494544378851,0.3637386521166645
ZZ_d1_r3_c3,1,1,0,3,3,18,23,null_q035,0.35,64,local_pauli_shadow,0.72967688,0.75091552734375,0.02123864734375007,0.3715677391609069,0.3637386521166645
ZZ_d1_r3_c4,1,1,0,3,4,19,24,null_q035,0.35,64,local_pauli_shadow,0.72967688,0.68609619140625,-0.04358068859374961,0.35438922895677494,0.3637386521166645
ZZ_d1_r4_c0,1,1,0,4,0,20,0,null_q035,0.35,64,local_pauli_shadow,0.72967688,0.72674560546875,-0.00293127453124996,0.34061314917026725,0.3637386521166645
ZZ_d1_r4_c1,1,1,0,4,1,21,1,null_q035,0.35,64,local_pauli_shadow,0.72967688,0.7349853515625,0.005308471562500047,0.37958415079100705,0.3637386521166645
ZZ_d1_r4_c2,1,1,0,4,2,22,2,null_q035,0.35,64,local_pauli_shadow,0.72967688,0.73773193359375,0.008055053593750078,0.37354405279682124,0.3637386521166645
ZZ_d1_r4_c3,1,1,0,4,3,23,3,null_q035,0.35,64,local_pauli_shadow,0.72967688,0.71685791015625,-0.01281896984374975,0.3436383907235818,0.3637386521166645
ZZ_d1_r4_c4,1,1,0,4,4,24,4,null_q035,0.35,64,local_pauli_shadow,0.72967688,0.700927734375,-0.028749145624999806,0.3546947052854203,0.3637386521166645
ZZ_d2_r0_c0,2,0,2,0,0,0,2,null_q035,0.35,64,local_pauli_shadow,0.7158927199999999,0.73773193359375,0.021839213593750035,0.3864860105315534,0.3641663771000446
ZZ_d2_r0_c1,2,0,2,0,1,1,3,null_q035,0.35,64,local_pauli_shadow,0.7158927199999999,0.7152099609375,-0.0006827590624998991,0.37414115235551476,0.3641663771000446
ZZ_d2_r0_c2,2,0,2,0,2,2,4,null_q035,0.35,64,local_pauli_shadow,0.7158927199999999,0.71905517578125,0.003162455781250073,0.40599802188325934,0.3641663771000446
ZZ_d2_r0_c3,2,0,2,0,3,3,0,null_q035,0.35,64,local_pauli_shadow,0.7158927199999999,0.744873046875,0.028980326875000142,0.3712595921742903,0.3641663771000446
ZZ_d2_r0_c4,2,0,2,0,4,4,1,null_q035,0.35,64,local_pauli_shadow,0.7158927199999999,0.740478515625,0.02458579562500007,0.3539453226860644,0.3641663771000446
ZZ_d2_r1_c0,2,0,2,1,0,5,7,null_q035,0.35,64,local_pauli_shadow,0.7158927199999999,0.7239990234375,0.008106303437499981,0.3684294954086661,0.3641663771000446
ZZ_d2_r1_c1,2,0,2,1,1,6,8,null_q035,0.35,64,local_pauli_shadow,0.7158927199999999,0.7767333984375,0.06084067843750035,0.3680695101378801,0.3641663771000446
ZZ_d2_r1_c2,2,0,2,1,2,7,9,null_q035,0.35,64,local_pauli_shadow,0.7158927199999999,0.71575927734375,-0.00013344265624990219,0.32375902754769226,0.3641663771000446
ZZ_d2_r1_c3,2,0,2,1,3,8,5,null_q035,0.35,64,local_pauli_shadow,0.7158927199999999,0.70367431640625,-0.012218403593749936,0.3694469329726329,0.3641663771000446
ZZ_d2_r1_c4,2,0,2,1,4,9,6,null_q035,0.35,64,local_pauli_shadow,0.7158927199999999,0.73553466796875,0.019641947968749917,0.36199808149967805,0.3641663771000446
ZZ_d2_r2_c0,2,0,2,2,0,10,12,null_q035,0.35,64,local_pauli_shadow,0.7158927199999999,0.69927978515625,-0.01661293484374988,0.3708506761588744,0.3641663771000446
ZZ_d2_r2_c1,2,0,2,2,1,11,13,null_q035,0.35,64,local_pauli_shadow,0.7158927199999999,0.69158935546875,-0.02430336453124992,0.3842060616724494,0.3641663771000446
ZZ_d2_r2_c2,2,0,2,2,2,12,14,null_q035,0.35,64,local_pauli_shadow,0.7158927199999999,0.692138671875,-0.023754048124999868,0.3848908989923293,0.3641663771000446
ZZ_d2_r2_c3,2,0,2,2,3,13,10,null_q035,0.35,64,local_pauli_shadow,0.7158927199999999,0.71575927734375,-0.00013344265624988874,0.33662612209661774,0.3641663771000446
ZZ_d2_r2_c4,2,0,2,2,4,14,11,null_q035,0.35,64,local_pauli_shadow,0.7158927199999999,0.70477294921875,-0.01111977078124987,0.33265940127187876,0.3641663771000446
ZZ_d2_r3_c0,2,0,2,3,0,15,17,null_q035,0.35,64,local_pauli_shadow,0.7158927199999999,0.7371826171875,0.021289897187500042,0.369229759980752,0.3641663771000446
ZZ_d2_r3_c1,2,0,2,3,1,16,18,null_q035,0.35,64,local_pauli_shadow,0.7158927199999999,0.75531005859375,0.039417338593750344,0.39909115777052684,0.3641663771000446
ZZ_d2_r3_c2,2,0,2,3,2,17,19,null_q035,0.35,64,local_pauli_shadow,0.7158927199999999,0.73773193359375,0.02183921359374997,0.3571940755405169,0.3641663771000446
ZZ_d2_r3_c3,2,0,2,3,3,18,15,null_q035,0.35,64,local_pauli_shadow,0.7158927199999999,0.73004150390625,0.014148783906250063,0.36706439744778496,0.3641663771000446
ZZ_d2_r3_c4,2,0,2,3,4,19,16,null_q035,0.35,64,local_pauli_shadow,0.7158927199999999,0.7305908203125,0.01469810031250007,0.35123616663453566,0.3641663771000446
ZZ_d2_r4_c0,2,0,2,4,0,20,22,null_q035,0.35,64,local_pauli_shadow,0.7158927199999999,0.69049072265625,-0.02540199734374995,0.3343642570465735,0.3641663771000446
ZZ_d2_r4_c1,2,0,2,4,1,21,23,null_q035,0.35,64,local_pauli_shadow,0.7158927199999999,0.71356201171875,-0.0023307082812498857,0.35458831532209745,0.3641663771000446
ZZ_d2_r4_c2,2,0,2,4,2,22,24,null_q035,0.35,64,local_pauli_shadow,0.7158927199999999,0.687744140625,-0.028148579375000066,0.36926560494220745,0.3641663771000446
ZZ_d2_r4_c3,2,0,2,4,3,23,20,null_q035,0.35,64,local_pauli_shadow,0.7158927199999999,0.70147705078125,-0.014415669218750074,0.3606360275660049,0.3641663771000446
ZZ_d2_r4_c4,2,0,2,4,4,24,21,null_q035,0.35,64,local_pauli_shadow,0.7158927199999999,0.69378662109375,-0.02210609890625,0.36643089267302603,0.3641663771000446
ZZ_d3_r0_c0,3,2,0,0,0,0,10,null_q035,0.35,64,local_pauli_shadow,0.7158927199999999,0.75970458984375,0.043811869843750115,0.358999260482561,0.3641663771000446
ZZ_d3_r0_c1,3,2,0,0,1,1,11,null_q035,0.35,64,local_pauli_shadow,0.7158927199999999,0.7393798828125,0.023487162812499962,0.35572645029245475,0.3641663771000446
ZZ_d3_r0_c2,3,2,0,0,2,2,12,null_q035,0.35,64,local_pauli_shadow,0.7158927199999999,0.692138671875,-0.0237540481249999,0.36574984193591487,0.3641663771000446
ZZ_d3_r0_c3,3,2,0,0,3,3,13,null_q035,0.35,64,local_pauli_shadow,0.7158927199999999,0.69927978515625,-0.016612934843749944,0.3471825855211277,0.3641663771000446
ZZ_d3_r0_c4,3,2,0,0,4,4,14,null_q035,0.35,64,local_pauli_shadow,0.7158927199999999,0.73992919921875,0.02403647921875005,0.35819544337275194,0.3641663771000446
ZZ_d3_r1_c0,3,2,0,1,0,5,15,null_q035,0.35,64,local_pauli_shadow,0.7158927199999999,0.7152099609375,-0.0006827590624998692,0.3611134130047349,0.3641663771000446
ZZ_d3_r1_c1,3,2,0,1,1,6,16,null_q035,0.35,64,local_pauli_shadow,0.7158927199999999,0.77618408203125,0.060291362031250476,0.3982288658526838,0.3641663771000446
ZZ_d3_r1_c2,3,2,0,1,2,7,17,null_q035,0.35,64,local_pauli_shadow,0.7158927199999999,0.703125,-0.012767719999999837,0.369152164371457,0.3641663771000446
ZZ_d3_r1_c3,3,2,0,1,3,8,18,null_q035,0.35,64,local_pauli_shadow,0.7158927199999999,0.73553466796875,0.01964194796875,0.33633489746908707,0.3641663771000446
ZZ_d3_r1_c4,3,2,0,1,4,9,19,null_q035,0.35,64,local_pauli_shadow,0.7158927199999999,0.67730712890625,-0.03858559109374984,0.34576274631872866,0.3641663771000446
ZZ_d3_r2_c0,3,2,0,2,0,10,20,null_q035,0.35,64,local_pauli_shadow,0.7158927199999999,0.69049072265625,-0.025401997343750045,0.33597756333587475,0.3641663771000446
ZZ_d3_r2_c1,3,2,0,2,1,11,21,null_q035,0.35,64,local_pauli_shadow,0.7158927199999999,0.718505859375,0.002613139375000059,0.37505988303923515,0.3641663771000446
ZZ_d3_r2_c2,3,2,0,2,2,12,22,null_q035,0.35,64,local_pauli_shadow,0.7158927199999999,0.71466064453125,-0.0012320754687498991,0.37467568245108973,0.3641663771000446
ZZ_d3_r2_c3,3,2,0,2,3,13,23,null_q035,0.35,64,local_pauli_shadow,0.7158927199999999,0.7294921875,0.013599467500000099,0.38163099098148995,0.3641663771000446
ZZ_d3_r2_c4,3,2,0,2,4,14,24,null_q035,0.35,64,local_pauli_shadow,0.7158927199999999,0.709716796875,-0.00617592312499988,0.3608797264113634,0.3641663771000446
ZZ_d3_r3_c0,3,2,0,3,0,15,0,null_q035,0.35,64,local_pauli_shadow,0.7158927199999999,0.73828125,0.02238852999999992,0.3907416754641183,0.3641663771000446
ZZ_d3_r3_c1,3,2,0,3,1,16,1,null_q035,0.35,64,local_pauli_shadow,0.7158927199999999,0.740478515625,0.02458579562500004,0.3482246620080762,0.3641663771000446
ZZ_d3_r3_c2,3,2,0,3,2,17,2,null_q035,0.35,64,local_pauli_shadow,0.7158927199999999,0.7196044921875,0.0037117721875001334,0.37584550383125526,0.3641663771000446
ZZ_d3_r3_c3,3,2,0,3,3,18,3,null_q035,0.35,64,local_pauli_shadow,0.7158927199999999,0.709716796875,-0.0061759231249999165,0.3701782914516792,0.3641663771000446
ZZ_d3_r3_c4,3,2,0,3,4,19,4,null_q035,0.35,64,local_pauli_shadow,0.7158927199999999,0.7020263671875,-0.013866352812499901,0.37190027244242296,0.3641663771000446
ZZ_d3_r4_c0,3,2,0,4,0,20,5,null_q035,0.35,64,local_pauli_shadow,0.7158927199999999,0.6767578125,-0.039134907499999864,0.3628963764764544,0.3641663771000446
ZZ_d3_r4_c1,3,2,0,4,1,21,6,null_q035,0.35,64,local_pauli_shadow,0.7158927199999999,0.77838134765625,0.06248862765625032,0.38272639416647786,0.3641663771000446
ZZ_d3_r4_c2,3,2,0,4,2,22,7,null_q035,0.35,64,local_pauli_shadow,0.7158927199999999,0.75201416015625,0.03612144015625025,0.3947208176983914,0.3641663771000446
ZZ_d3_r4_c3,3,2,0,4,3,23,8,null_q035,0.35,64,local_pauli_shadow,0.7158927199999999,0.74871826171875,0.03282554171875009,0.3632381093116781,0.3641663771000446
ZZ_d3_r4_c4,3,2,0,4,4,24,9,null_q035,0.35,64,local_pauli_shadow,0.7158927199999999,0.70367431640625,-0.01221840359375008,0.3516645154468769,0.3641663771000446
ZZ_d0_r0_c0,0,0,1,0,0,0,1,null_q035,0.35,128,native_all_z,0.72967688,0.73095703125,0.0012801512500000278,0.057786334682740095,0.06043925480864196
ZZ_d0_r0_c1,0,0,1,0,1,1,2,null_q035,0.35,128,native_all_z,0.72967688,0.731689453125,0.002012573125000028,0.0598712039872756,0.06043925480864196
ZZ_d0_r0_c2,0,0,1,0,2,2,3,null_q035,0.35,128,native_all_z,0.72967688,0.7310791015625,0.0014022215625000278,0.06053640842994324,0.06043925480864196
ZZ_d0_r0_c3,0,0,1,0,3,3,4,null_q035,0.35,128,native_all_z,0.72967688,0.72637939453125,-0.003297485468749972,0.05901029058158147,0.06043925480864196
ZZ_d0_r0_c4,0,0,1,0,4,4,0,null_q035,0.35,128,native_all_z,0.72967688,0.73480224609375,0.005125366093750028,0.05569278686491183,0.06043925480864196
ZZ_d0_r1_c0,0,0,1,1,0,5,6,null_q035,0.35,128,native_all_z,0.72967688,0.73028564453125,0.0006087645312500278,0.058396914173202426,0.06043925480864196
ZZ_d0_r1_c1,0,0,1,1,1,6,7,null_q035,0.35,128,native_all_z,0.72967688,0.73724365234375,0.007566772343750028,0.0589702132005075,0.06043925480864196
ZZ_d0_r1_c2,0,0,1,1,2,7,8,null_q035,0.35,128,native_all_z,0.72967688,0.73529052734375,0.005613647343750028,0.06310108984046103,0.06043925480864196
ZZ_d0_r1_c3,0,0,1,1,3,8,9,null_q035,0.35,128,native_all_z,0.72967688,0.735595703125,0.005918823125000028,0.057286622109750364,0.06043925480864196
ZZ_d0_r1_c4,0,0,1,1,4,9,5,null_q035,0.35,128,native_all_z,0.72967688,0.73419189453125,0.004515014531250028,0.06084807609324427,0.06043925480864196
ZZ_d0_r2_c0,0,0,1,2,0,10,11,null_q035,0.35,128,native_all_z,0.72967688,0.729248046875,-0.00042883312499997217,0.06131871888449694,0.06043925480864196
ZZ_d0_r2_c1,0,0,1,2,1,11,12,null_q035,0.35,128,native_all_z,0.72967688,0.7288818359375,-0.0007950440624999722,0.05865086876363992,0.06043925480864196
ZZ_d0_r2_c2,0,0,1,2,2,12,13,null_q035,0.35,128,native_all_z,0.72967688,0.73211669921875,0.002439819218750028,0.05775683405341957,0.06043925480864196
ZZ_d0_r2_c3,0,0,1,2,3,13,14,null_q035,0.35,128,native_all_z,0.72967688,0.7333984375,0.003721557500000028,0.0560951880255369,0.06043925480864196
ZZ_d0_r2_c4,0,0,1,2,4,14,10,null_q035,0.35,128,native_all_z,0.72967688,0.73028564453125,0.0006087645312500278,0.05965712680235065,0.06043925480864196
ZZ_d0_r3_c0,0,0,1,3,0,15,16,null_q035,0.35,128,native_all_z,0.72967688,0.72442626953125,-0.005250610468749972,0.06201074172943894,0.06043925480864196
ZZ_d0_r3_c1,0,0,1,3,1,16,17,null_q035,0.35,128,native_all_z,0.72967688,0.7220458984375,-0.007630981562499972,0.06407969119558786,0.06043925480864196
ZZ_d0_r3_c2,0,0,1,3,2,17,18,null_q035,0.35,128,native_all_z,0.72967688,0.722412109375,-0.007264770624999972,0.05995551433122645,0.06043925480864196
ZZ_d0_r3_c3,0,0,1,3,3,18,19,null_q035,0.35,128,native_all_z,0.72967688,0.72369384765625,-0.005983032343749972,0.06279613246786078,0.06043925480864196
ZZ_d0_r3_c4,0,0,1,3,4,19,15,null_q035,0.35,128,native_all_z,0.72967688,0.724853515625,-0.004823364374999972,0.060083062032931976,0.06043925480864196
ZZ_d0_r4_c0,0,0,1,4,0,20,21,null_q035,0.35,128,native_all_z,0.72967688,0.72308349609375,-0.006593383906249972,0.06876895321126156,0.06043925480864196
ZZ_d0_r4_c1,0,0,1,4,1,21,22,null_q035,0.35,128,native_all_z,0.72967688,0.7232666015625,-0.006410278437499972,0.06504006774742083,0.06043925480864196
ZZ_d0_r4_c2,0,0,1,4,2,22,23,null_q035,0.35,128,native_all_z,0.72967688,0.72509765625,-0.004579223749999972,0.058199666738629405,0.06043925480864196
ZZ_d0_r4_c3,0,0,1,4,3,23,24,null_q035,0.35,128,native_all_z,0.72967688,0.73077392578125,0.0010970457812500278,0.05955161331508099,0.06043925480864196
ZZ_d0_r4_c4,0,0,1,4,4,24,20,null_q035,0.35,128,native_all_z,0.72967688,0.7235107421875,-0.006166137812499972,0.0612212206980632,0.06043925480864196
ZZ_d1_r0_c0,1,1,0,0,0,0,5,null_q035,0.35,128,native_all_z,0.72967688,0.7352294921875,0.005552612187500028,0.059574823312749645,0.06043925480864196
ZZ_d1_r0_c1,1,1,0,0,1,1,6,null_q035,0.35,128,native_all_z,0.72967688,0.72857666015625,-0.0011002198437499722,0.05863455104427172,0.06043925480864196
ZZ_d1_r0_c2,1,1,0,0,2,2,7,null_q035,0.35,128,native_all_z,0.72967688,0.7303466796875,0.0006697996875000278,0.05528978128499165,0.06043925480864196
ZZ_d1_r0_c3,1,1,0,0,3,3,8,null_q035,0.35,128,native_all_z,0.72967688,0.72955322265625,-0.00012365734374997217,0.05910129405500191,0.06043925480864196
ZZ_d1_r0_c4,1,1,0,0,4,4,9,null_q035,0.35,128,native_all_z,0.72967688,0.73046875,0.0007918700000000278,0.0585991006514554,0.06043925480864196
ZZ_d1_r1_c0,1,1,0,1,0,5,10,null_q035,0.35,128,native_all_z,0.72967688,0.73028564453125,0.0006087645312500278,0.06292468507034714,0.06043925480864196
ZZ_d1_r1_c1,1,1,0,1,1,6,11,null_q035,0.35,128,native_all_z,0.72967688,0.7327880859375,0.003111205937500028,0.05796792391166129,0.06043925480864196
ZZ_d1_r1_c2,1,1,0,1,2,7,12,null_q035,0.35,128,native_all_z,0.72967688,0.73724365234375,0.007566772343750028,0.060471289190802656,0.06043925480864196
ZZ_d1_r1_c3,1,1,0,1,3,8,13,null_q035,0.35,128,native_all_z,0.72967688,0.73602294921875,0.006346069218750028,0.05756238472090136,0.06043925480864196
ZZ_d1_r1_c4,1,1,0,1,4,9,14,null_q035,0.35,128,native_all_z,0.72967688,0.73187255859375,0.002195678593750028,0.05590757439731608,0.06043925480864196
ZZ_d1_r2_c0,1,1,0,2,0,10,15,null_q035,0.35,128,native_all_z,0.72967688,0.727783203125,-0.0018936768749999722,0.05908160919780018,0.06043925480864196
ZZ_d1_r2_c1,1,1,0,2,1,11,16,null_q035,0.35,128,native_all_z,0.72967688,0.72381591796875,-0.005860962031249972,0.05898396552002922,0.06043925480864196
ZZ_d1_r2_c2,1,1,0,2,2,12,17,null_q035,0.35,128,native_all_z,0.72967688,0.72894287109375,-0.0007340089062499722,0.06097554537501484,0.06043925480864196
ZZ_d1_r2_c3,1,1,0,2,3,13,18,null_q035,0.35,128,native_all_z,0.72967688,0.7308349609375,0.0011580809375000278,0.056152476853026836,0.06043925480864196
ZZ_d1_r2_c4,1,1,0,2,4,14,19,null_q035,0.35,128,native_all_z,0.72967688,0.72576904296875,-0.003907837031249972,0.06205094452776932,0.06043925480864196
ZZ_d1_r3_c0,1,1,0,3,0,15,20,null_q035,0.35,128,native_all_z,0.72967688,0.72821044921875,-0.0014664307812499722,0.06563638658649679,0.06043925480864196
ZZ_d1_r3_c1,1,1,0,3,1,16,21,null_q035,0.35,128,native_all_z,0.72967688,0.72186279296875,-0.007814087031249972,0.06311394206202477,0.06043925480864196
ZZ_d1_r3_c2,1,1,0,3,2,17,22,null_q035,0.35,128,native_all_z,0.72967688,0.72003173828125,-0.009645141718749972,0.05942465115615314,0.06043925480864196
ZZ_d1_r3_c3,1,1,0,3,3,18,23,null_q035,0.35,128,native_all_z,0.72967688,0.72869873046875,-0.0009781495312499722,0.06225705112700485,0.06043925480864196
ZZ_d1_r3_c4,1,1,0,3,4,19,24,null_q035,0.35,128,native_all_z,0.72967688,0.72662353515625,-0.003053344843749972,0.06223831231261563,0.06043925480864196
ZZ_d1_r4_c0,1,1,0,4,0,20,0,null_q035,0.35,128,native_all_z,0.72967688,0.7340087890625,0.004331909062500028,0.061294654301884494,0.06043925480864196
ZZ_d1_r4_c1,1,1,0,4,1,21,1,null_q035,0.35,128,native_all_z,0.72967688,0.71990966796875,-0.009767212031249972,0.06505418095674073,0.06043925480864196
ZZ_d1_r4_c2,1,1,0,4,2,22,2,null_q035,0.35,128,native_all_z,0.72967688,0.72589111328125,-0.003785766718749972,0.06073995460117146,0.06043925480864196
ZZ_d1_r4_c3,1,1,0,4,3,23,3,null_q035,0.35,128,native_all_z,0.72967688,0.72698974609375,-0.002687133906249972,0.0628604416311383,0.06043925480864196
ZZ_d1_r4_c4,1,1,0,4,4,24,4,null_q035,0.35,128,native_all_z,0.72967688,0.72503662109375,-0.004640258906249972,0.05692728288879426,0.06043925480864196
ZZ_d2_r0_c0,2,0,2,0,0,0,2,null_q035,0.35,128,native_all_z,0.7158927199999999,0.7242431640625,0.008350444062500162,0.0568546979233161,0.06171365412196843
ZZ_d2_r0_c1,2,0,2,0,1,1,3,null_q035,0.35,128,native_all_z,0.7158927199999999,0.7113037109375,-0.004589009062499859,0.05994488204161197,0.06171365412196843
ZZ_d2_r0_c2,2,0,2,0,2,2,4,null_q035,0.35,128,native_all_z,0.7158927199999999,0.71868896484375,0.0027962448437500865,0.06039859373908102,0.06171365412196843
ZZ_d2_r0_c3,2,0,2,0,3,3,0,null_q035,0.35,128,native_all_z,0.7158927199999999,0.7225341796875,0.0066414596875001165,0.05717050768874653,0.06171365412196843
ZZ_d2_r0_c4,2,0,2,0,4,4,1,null_q035,0.35,128,native_all_z,0.7158927199999999,0.71356201171875,-0.0023307082812499083,0.06295968509250677,0.06171365412196843
ZZ_d2_r1_c0,2,0,2,1,0,5,7,null_q035,0.35,128,native_all_z,0.7158927199999999,0.7181396484375,0.002246928437500073,0.062001362535229525,0.06171365412196843
ZZ_d2_r1_c1,2,0,2,1,1,6,8,null_q035,0.35,128,native_all_z,0.7158927199999999,0.7210693359375,0.005176615937500078,0.05832014926864601,0.06171365412196843
ZZ_d2_r1_c2,2,0,2,1,2,7,9,null_q035,0.35,128,native_all_z,0.7158927199999999,0.72161865234375,0.005725932343750099,0.06026862429075965,0.06171365412196843
ZZ_d2_r1_c3,2,0,2,1,3,8,5,null_q035,0.35,128,native_all_z,0.7158927199999999,0.72125244140625,0.00535972140625008,0.06548472812683928,0.06171365412196843
ZZ_d2_r1_c4,2,0,2,1,4,9,6,null_q035,0.35,128,native_all_z,0.7158927199999999,0.719970703125,0.0040779831250000835,0.05539679585843581,0.06171365412196843
ZZ_d2_r2_c0,2,0,2,2,0,10,12,null_q035,0.35,128,native_all_z,0.7158927199999999,0.716552734375,0.0006600143750000831,0.06700239564116085,0.06171365412196843
ZZ_d2_r2_c1,2,0,2,2,1,11,13,null_q035,0.35,128,native_all_z,0.7158927199999999,0.72015380859375,0.004261088593750082,0.06633420708771179,0.06171365412196843
ZZ_d2_r2_c2,2,0,2,2,2,12,14,null_q035,0.35,128,native_all_z,0.7158927199999999,0.71575927734375,-0.0001334426562499269,0.05901249916161136,0.06171365412196843
ZZ_d2_r2_c3,2,0,2,2,3,13,10,null_q035,0.35,128,native_all_z,0.7158927199999999,0.72210693359375,0.0062142135937500835,0.06275640062191211,0.06171365412196843
ZZ_d2_r2_c4,2,0,2,2,4,14,11,null_q035,0.35,128,native_all_z,0.7158927199999999,0.71771240234375,0.0018196823437500913,0.05871848039681955,0.06171365412196843
ZZ_d2_r3_c0,2,0,2,3,0,15,17,null_q035,0.35,128,native_all_z,0.7158927199999999,0.71136474609375,-0.004527973906249897,0.06618548921841122,0.06171365412196843
ZZ_d2_r3_c1,2,0,2,3,1,16,18,null_q035,0.35,128,native_all_z,0.7158927199999999,0.706298828125,-0.009593891874999864,0.061670144794376276,0.06171365412196843
ZZ_d2_r3_c2,2,0,2,3,2,17,19,null_q035,0.35,128,native_all_z,0.7158927199999999,0.71307373046875,-0.002818989531249911,0.06267939619755285,0.06171365412196843
ZZ_d2_r3_c3,2,0,2,3,3,18,15,null_q035,0.35,128,native_all_z,0.7158927199999999,0.70989990234375,-0.005992817656249887,0.06317181585974815,0.06171365412196843
ZZ_d2_r3_c4,2,0,2,3,4,19,16,null_q035,0.35,128,native_all_z,0.7158927199999999,0.70587158203125,-0.010021137968749863,0.06937300400897214,0.06171365412196843
ZZ_d2_r4_c0,2,0,2,4,0,20,22,null_q035,0.35,128,native_all_z,0.7158927199999999,0.71185302734375,-0.0040396926562498645,0.06234900681686261,0.06171365412196843
ZZ_d2_r4_c1,2,0,2,4,1,21,23,null_q035,0.35,128,native_all_z,0.7158927199999999,0.71435546875,-0.001537251249999927,0.06222648229494486,0.06171365412196843
ZZ_d2_r4_c2,2,0,2,4,2,22,24,null_q035,0.35,128,native_all_z,0.7158927199999999,0.70745849609375,-0.00843422390624987,0.06437836155266326,0.06171365412196843
ZZ_d2_r4_c3,2,0,2,4,3,23,20,null_q035,0.35,128,native_all_z,0.7158927199999999,0.71429443359375,-0.001598286406249927,0.058876775771673606,0.06171365412196843
ZZ_d2_r4_c4,2,0,2,4,4,24,21,null_q035,0.35,128,native_all_z,0.7158927199999999,0.71087646484375,-0.005016255156249887,0.06469224419253337,0.06171365412196843
ZZ_d3_r0_c0,3,2,0,0,0,0,10,null_q035,0.35,128,native_all_z,0.7158927199999999,0.71795654296875,0.002063822968750073,0.05835568590811862,0.06171365412196843
ZZ_d3_r0_c1,3,2,0,0,1,1,11,null_q035,0.35,128,native_all_z,0.7158927199999999,0.71466064453125,-0.001232075468749927,0.05958677244870599,0.06171365412196843
ZZ_d3_r0_c2,3,2,0,0,2,2,12,null_q035,0.35,128,native_all_z,0.7158927199999999,0.71881103515625,0.002918315156250083,0.06349854155001412,0.06171365412196843
ZZ_d3_r0_c3,3,2,0,0,3,3,13,null_q035,0.35,128,native_all_z,0.7158927199999999,0.720703125,0.004810405000000075,0.057908295685114505,0.06171365412196843
ZZ_d3_r0_c4,3,2,0,0,4,4,14,null_q035,0.35,128,native_all_z,0.7158927199999999,0.71429443359375,-0.001598286406249927,0.062491318683596406,0.06171365412196843
ZZ_d3_r1_c0,3,2,0,1,0,5,15,null_q035,0.35,128,native_all_z,0.7158927199999999,0.71441650390625,-0.001476216093749927,0.06492189898220342,0.06171365412196843
ZZ_d3_r1_c1,3,2,0,1,1,6,16,null_q035,0.35,128,native_all_z,0.7158927199999999,0.71319580078125,-0.002696919218749927,0.06028072036504597,0.06171365412196843
ZZ_d3_r1_c2,3,2,0,1,2,7,17,null_q035,0.35,128,native_all_z,0.7158927199999999,0.7144775390625,-0.001415180937499927,0.06235456251142001,0.06171365412196843
ZZ_d3_r1_c3,3,2,0,1,3,8,18,null_q035,0.35,128,native_all_z,0.7158927199999999,0.71527099609375,-0.0006217239062499148,0.06365445259086698,0.06171365412196843
ZZ_d3_r1_c4,3,2,0,1,4,9,19,null_q035,0.35,128,native_all_z,0.7158927199999999,0.71337890625,-0.0025138137499999052,0.06366690380267216,0.06171365412196843
ZZ_d3_r2_c0,3,2,0,2,0,10,20,null_q035,0.35,128,native_all_z,0.7158927199999999,0.71417236328125,-0.001720356718749864,0.0664502578345905,0.06171365412196843
ZZ_d3_r2_c1,3,2,0,2,1,11,21,null_q035,0.35,128,native_all_z,0.7158927199999999,0.7130126953125,-0.002880024687499926,0.06863908895372109,0.06171365412196843
ZZ_d3_r2_c2,3,2,0,2,2,12,22,null_q035,0.35,128,native_all_z,0.7158927199999999,0.707275390625,-0.008617329374999854,0.06496748947471218,0.06171365412196843
ZZ_d3_r2_c3,3,2,0,2,3,13,23,null_q035,0.35,128,native_all_z,0.7158927199999999,0.72064208984375,0.004749369843750075,0.06210890140286702,0.06171365412196843
ZZ_d3_r2_c4,3,2,0,2,4,14,24,null_q035,0.35,128,native_all_z,0.7158927199999999,0.717041015625,0.001148295625000073,0.06126962879972598,0.06171365412196843
ZZ_d3_r3_c0,3,2,0,3,0,15,0,null_q035,0.35,128,native_all_z,0.7158927199999999,0.71905517578125,0.003162455781250108,0.06881398282401527,0.06171365412196843
ZZ_d3_r3_c1,3,2,0,3,1,16,1,null_q035,0.35,128,native_all_z,0.7158927199999999,0.7060546875,-0.009838032499999877,0.06488439111320388,0.06171365412196843
ZZ_d3_r3_c2,3,2,0,3,2,17,2,null_q035,0.35,128,native_all_z,0.7158927199999999,0.7137451171875,-0.002147602812499927,0.06504647145243518,0.06171365412196843
ZZ_d3_r3_c3,3,2,0,3,3,18,3,null_q035,0.35,128,native_all_z,0.7158927199999999,0.7132568359375,-0.002635884062499909,0.060889629323511635,0.06171365412196843
ZZ_d3_r3_c4,3,2,0,3,4,19,4,null_q035,0.35,128,native_all_z,0.7158927199999999,0.712890625,-0.0030020949999998974,0.06357002111179963,0.06171365412196843
ZZ_d3_r4_c0,3,2,0,4,0,20,5,null_q035,0.35,128,native_all_z,0.7158927199999999,0.71240234375,-0.003490376249999876,0.06070830070578766,0.06171365412196843
ZZ_d3_r4_c1,3,2,0,4,1,21,6,null_q035,0.35,128,native_all_z,0.7158927199999999,0.71484375,-0.001048969999999927,0.0648598803068003,0.06171365412196843
ZZ_d3_r4_c2,3,2,0,4,2,22,7,null_q035,0.35,128,native_all_z,0.7158927199999999,0.71600341796875,0.0001106979687500731,0.06079133089340426,0.06171365412196843
ZZ_d3_r4_c3,3,2,0,4,3,23,8,null_q035,0.35,128,native_all_z,0.7158927199999999,0.720703125,0.00481040500000008,0.06339586249911121,0.06171365412196843
ZZ_d3_r4_c4,3,2,0,4,4,24,9,null_q035,0.35,128,native_all_z,0.7158927199999999,0.71771240234375,0.001819682343750073,0.06011488394038841,0.06171365412196843
ZZ_d0_r0_c0,0,0,1,0,0,0,1,null_q035,0.35,128,local_pauli_shadow,0.72967688,0.76739501953125,0.03771813953125026,0.2730902160053931,0.25720206749134805
ZZ_d0_r0_c1,0,0,1,0,1,1,2,null_q035,0.35,128,local_pauli_shadow,0.72967688,0.75311279296875,0.02343591296875011,0.27185956861287436,0.25720206749134805
ZZ_d0_r0_c2,0,0,1,0,2,2,3,null_q035,0.35,128,local_pauli_shadow,0.72967688,0.730865478515625,0.0011885985156250278,0.23986354356815565,0.25720206749134805
ZZ_d0_r0_c3,0,0,1,0,3,3,4,null_q035,0.35,128,local_pauli_shadow,0.72967688,0.7349853515625,0.005308471562500028,0.2509464622611328,0.25720206749134805
ZZ_d0_r0_c4,0,0,1,0,4,4,0,null_q035,0.35,128,local_pauli_shadow,0.72967688,0.74652099609375,0.016844116093750063,0.2529500757757395,0.25720206749134805
ZZ_d0_r1_c0,0,0,1,1,0,5,6,null_q035,0.35,128,local_pauli_shadow,0.72967688,0.713836669921875,-0.01584021007812497,0.2760539183064956,0.25720206749134805
ZZ_d0_r1_c1,0,0,1,1,1,6,7,null_q035,0.35,128,local_pauli_shadow,0.72967688,0.7569580078125,0.02728112781250036,0.26594998838964884,0.25720206749134805
ZZ_d0_r1_c2,0,0,1,1,2,7,8,null_q035,0.35,128,local_pauli_shadow,0.72967688,0.741851806640625,0.012174926640625194,0.24209900458916128,0.25720206749134805
ZZ_d0_r1_c3,0,0,1,1,3,8,9,null_q035,0.35,128,local_pauli_shadow,0.72967688,0.749542236328125,0.01986535632812509,0.2562380389107565,0.25720206749134805
ZZ_d0_r1_c4,0,0,1,1,4,9,5,null_q035,0.35,128,local_pauli_shadow,0.72967688,0.717132568359375,-0.012544311640624972,0.25187175151899877,0.25720206749134805
ZZ_d0_r2_c0,0,0,1,2,0,10,11,null_q035,0.35,128,local_pauli_shadow,0.72967688,0.731414794921875,0.0017379149218750278,0.2505929183178387,0.25720206749134805
ZZ_d0_r2_c1,0,0,1,2,1,11,12,null_q035,0.35,128,local_pauli_shadow,0.72967688,0.70697021484375,-0.02270666515624986,0.25328412018826246,0.25720206749134805
ZZ_d0_r2_c2,0,0,1,2,2,12,13,null_q035,0.35,128,local_pauli_shadow,0.72967688,0.71795654296875,-0.011720337031249972,0.2601964216849598,0.25720206749134805
ZZ_d0_r2_c3,0,0,1,2,3,13,14,null_q035,0.35,128,local_pauli_shadow,0.72967688,0.72235107421875,-0.007325805781249972,0.2563047336148518,0.25720206749134805
ZZ_d0_r2_c4,0,0,1,2,4,14,10,null_q035,0.35,128,local_pauli_shadow,0.72967688,0.739654541015625,0.009977661015625028,0.2675637115860106,0.25720206749134805
ZZ_d0_r3_c0,0,0,1,3,0,15,16,null_q035,0.35,128,local_pauli_shadow,0.72967688,0.751190185546875,0.021513305546875125,0.26503566037907883,0.25720206749134805
ZZ_d0_r3_c1,0,0,1,3,1,16,17,null_q035,0.35,128,local_pauli_shadow,0.72967688,0.738006591796875,0.008329711796875028,0.2661355448668377,0.25720206749134805
ZZ_d0_r3_c2,0,0,1,3,2,17,18,null_q035,0.35,128,local_pauli_shadow,0.72967688,0.6910400390625,-0.03863684093749977,0.24974462697644703,0.25720206749134805
ZZ_d0_r3_c3,0,0,1,3,3,18,19,null_q035,0.35,128,local_pauli_shadow,0.72967688,0.6954345703125,-0.03424230968749966,0.2515136239956225,0.25720206749134805
ZZ_d0_r3_c4,0,0,1,3,4,19,15,null_q035,0.35,128,local_pauli_shadow,0.72967688,0.721527099609375,-0.008149780390624972,0.2440015392329785,0.25720206749134805
ZZ_d0_r4_c0,0,0,1,4,0,20,21,null_q035,0.35,128,local_pauli_shadow,0.72967688,0.72125244140625,-0.008424438593749972,0.25889195377697666,0.25720206749134805
ZZ_d0_r4_c1,0,0,1,4,1,21,22,null_q035,0.35,128,local_pauli_shadow,0.72967688,0.759429931640625,0.029753051640625146,0.27628565585674836,0.25720206749134805
ZZ_d0_r4_c2,0,0,1,4,2,22,23,null_q035,0.35,128,local_pauli_shadow,0.72967688,0.744873046875,0.015196166875000097,0.2696719980516972,0.25720206749134805
ZZ_d0_r4_c3,0,0,1,4,3,23,24,null_q035,0.35,128,local_pauli_shadow,0.72967688,0.720703125,-0.00897375499999997,0.24968401971231258,0.25720206749134805
ZZ_d0_r4_c4,0,0,1,4,4,24,20,null_q035,0.35,128,local_pauli_shadow,0.72967688,0.693511962890625,-0.03616491710937464,0.23803354750057654,0.25720206749134805
ZZ_d1_r0_c0,1,1,0,0,0,0,5,null_q035,0.35,128,local_pauli_shadow,0.72967688,0.76409912109375,0.03442224109375022,0.2770590709358445,0.25720206749134805
ZZ_d1_r0_c1,1,1,0,0,1,1,6,null_q035,0.35,128,local_pauli_shadow,0.72967688,0.737457275390625,0.0077803953906250296,0.26778167006740417,0.25720206749134805
ZZ_d1_r0_c2,1,1,0,0,2,2,7,null_q035,0.35,128,local_pauli_shadow,0.72967688,0.748443603515625,0.018766723515625104,0.25635185608462724,0.25720206749134805
ZZ_d1_r0_c3,1,1,0,0,3,3,8,null_q035,0.35,128,local_pauli_shadow,0.72967688,0.734710693359375,0.005033813359375028,0.27733120225244995,0.25720206749134805
ZZ_d1_r0_c4,1,1,0,0,4,4,9,null_q035,0.35,128,local_pauli_shadow,0.72967688,0.718231201171875,-0.011445678828124972,0.2555625719286137,0.25720206749134805
ZZ_d1_r1_c0,1,1,0,1,0,5,10,null_q035,0.35,128,local_pauli_shadow,0.72967688,0.7239990234375,-0.00567785656249996,0.27984252286336064,0.25720206749134805
ZZ_d1_r1_c1,1,1,0,1,1,6,11,null_q035,0.35,128,local_pauli_shadow,0.72967688,0.741302490234375,0.011625610234375146,0.2566393407585187,0.25720206749134805
ZZ_d1_r1_c2,1,1,0,1,2,7,12,null_q035,0.35,128,local_pauli_shadow,0.72967688,0.739105224609375,0.009428344609375083,0.2520855693471222,0.25720206749134805
ZZ_d1_r1_c3,1,1,0,1,3,8,13,null_q035,0.35,128,local_pauli_shadow,0.72967688,0.748443603515625,0.018766723515625083,0.2805931182789487,0.25720206749134805
ZZ_d1_r1_c4,1,1,0,1,4,9,14,null_q035,0.35,128,local_pauli_shadow,0.72967688,0.737457275390625,0.007780395390625028,0.2447994298005613,0.25720206749134805
ZZ_d1_r2_c0,1,1,0,2,0,10,15,null_q035,0.35,128,local_pauli_shadow,0.72967688,0.730865478515625,0.0011885985156250278,0.25188084967834257,0.25720206749134805
ZZ_d1_r2_c1,1,1,0,2,1,11,16,null_q035,0.35,128,local_pauli_shadow,0.72967688,0.738006591796875,0.008329711796875148,0.2655543969943879,0.25720206749134805
ZZ_d1_r2_c2,1,1,0,2,2,12,17,null_q035,0.35,128,local_pauli_shadow,0.72967688,0.730316162109375,0.0006392821093750278,0.2584468627113286,0.25720206749134805
ZZ_d1_r2_c3,1,1,0,2,3,13,18,null_q035,0.35,128,local_pauli_shadow,0.72967688,0.722900390625,-0.006776489374999972,0.2576008041203263,0.25720206749134805
ZZ_d1_r2_c4,1,1,0,2,4,14,19,null_q035,0.35,128,local_pauli_shadow,0.72967688,0.731689453125,0.002012573125000028,0.23451978093571965,0.25720206749134805
ZZ_d1_r3_c0,1,1,0,3,0,15,20,null_q035,0.35,128,local_pauli_shadow,0.72967688,0.731964111328125,0.002287231328125028,0.24906582976790462,0.25720206749134805
ZZ_d1_r3_c1,1,1,0,3,1,16,21,null_q035,0.35,128,local_pauli_shadow,0.72967688,0.748443603515625,0.018766723515625368,0.2671242226960026,0.25720206749134805
ZZ_d1_r3_c2,1,1,0,3,2,17,22,null_q035,0.35,128,local_pauli_shadow,0.72967688,0.744873046875,0.015196166875000028,0.2672983367125909,0.25720206749134805
ZZ_d1_r3_c3,1,1,0,3,3,18,23,null_q035,0.35,128,local_pauli_shadow,0.72967688,0.72235107421875,-0.007325805781249972,0.2508980390049989,0.25720206749134805
ZZ_d1_r3_c4,1,1,0,3,4,19,24,null_q035,0.35,128,local_pauli_shadow,0.72967688,0.7064208984375,-0.023255981562499632,0.2525017908811436,0.25720206749134805
ZZ_d1_r4_c0,1,1,0,4,0,20,0,null_q035,0.35,128,local_pauli_shadow,0.72967688,0.731964111328125,0.002287231328125028,0.2390158231405178,0.25720206749134805
ZZ_d1_r4_c1,1,1,0,4,1,21,1,null_q035,0.35,128,local_pauli_shadow,0.72967688,0.738006591796875,0.008329711796875028,0.26837560683828293,0.25720206749134805
ZZ_d1_r4_c2,1,1,0,4,2,22,2,null_q035,0.35,128,local_pauli_shadow,0.72967688,0.7294921875,-0.00018469249999997217,0.2715380029519084,0.25720206749134805
ZZ_d1_r4_c3,1,1,0,4,3,23,3,null_q035,0.35,128,local_pauli_shadow,0.72967688,0.738006591796875,0.008329711796875028,0.24989350033930904,0.25720206749134805
ZZ_d1_r4_c4,1,1,0,4,4,24,4,null_q035,0.35,128,local_pauli_shadow,0.72967688,0.711639404296875,-0.018037475703124847,0.24262004625059902,0.25720206749134805
ZZ_d2_r0_c0,2,0,2,0,0,0,2,null_q035,0.35,128,local_pauli_shadow,0.7158927199999999,0.7283935546875,0.012500834687500096,0.26531577793529454,0.257504514727579
ZZ_d2_r0_c1,2,0,2,0,1,1,3,null_q035,0.35,128,local_pauli_shadow,0.7158927199999999,0.744049072265625,0.028156352265624924,0.2578705813066263,0.257504514727579
ZZ_d2_r0_c2,2,0,2,0,2,2,4,null_q035,0.35,128,local_pauli_shadow,0.7158927199999999,0.68829345703125,-0.027599262968750097,0.27139752509620285,0.257504514727579
ZZ_d2_r0_c3,2,0,2,0,3,3,0,null_q035,0.35,128,local_pauli_shadow,0.7158927199999999,0.736083984375,0.020191264375000028,0.2666166370301815,0.257504514727579
ZZ_d2_r0_c4,2,0,2,0,4,4,1,null_q035,0.35,128,local_pauli_shadow,0.7158927199999999,0.749267578125,0.033374858125000066,0.2720150405740649,0.257504514727579
ZZ_d2_r1_c0,2,0,2,1,0,5,7,null_q035,0.35,128,local_pauli_shadow,0.7158927199999999,0.73333740234375,0.01744468234374992,0.2765585870594912,0.257504514727579
ZZ_d2_r1_c1,2,0,2,1,1,6,8,null_q035,0.35,128,local_pauli_shadow,0.7158927199999999,0.73004150390625,0.014148783906249995,0.23847572473475773,0.257504514727579
ZZ_d2_r1_c2,2,0,2,1,2,7,9,null_q035,0.35,128,local_pauli_shadow,0.7158927199999999,0.727020263671875,0.01112754367187512,0.2512905518751513,0.257504514727579
ZZ_d2_r1_c3,2,0,2,1,3,8,5,null_q035,0.35,128,local_pauli_shadow,0.7158927199999999,0.70477294921875,-0.011119770781249918,0.2584291572275583,0.257504514727579
ZZ_d2_r1_c4,2,0,2,1,4,9,6,null_q035,0.35,128,local_pauli_shadow,0.7158927199999999,0.73333740234375,0.01744468234374999,0.24485436789192924,0.257504514727579
ZZ_d2_r2_c0,2,0,2,2,0,10,12,null_q035,0.35,128,local_pauli_shadow,0.7158927199999999,0.698455810546875,-0.01743690945312494,0.25855440567961174,0.257504514727579
ZZ_d2_r2_c1,2,0,2,2,1,11,13,null_q035,0.35,128,local_pauli_shadow,0.7158927199999999,0.696807861328125,-0.01908485867187488,0.2544199843863023,0.257504514727579
ZZ_d2_r2_c2,2,0,2,2,2,12,14,null_q035,0.35,128,local_pauli_shadow,0.7158927199999999,0.688018798828125,-0.0278739211718749,0.2612960173391363,0.257504514727579
ZZ_d2_r2_c3,2,0,2,2,3,13,10,null_q035,0.35,128,local_pauli_shadow,0.7158927199999999,0.71026611328125,-0.005626606718749851,0.23587618181346495,0.257504514727579
ZZ_d2_r2_c4,2,0,2,2,4,14,11,null_q035,0.35,128,local_pauli_shadow,0.7158927199999999,0.719329833984375,0.0034371139843750527,0.24998719197522803,0.257504514727579
ZZ_d2_r3_c0,2,0,2,3,0,15,17,null_q035,0.35,128,local_pauli_shadow,0.7158927199999999,0.725921630859375,0.01002891085937514,0.265834562534648,0.257504514727579
ZZ_d2_r3_c1,2,0,2,3,1,16,18,null_q035,0.35,128,local_pauli_shadow,0.7158927199999999,0.72344970703125,0.0075569870312500575,0.2646794658239139,0.257504514727579
ZZ_d2_r3_c2,2,0,2,3,2,17,19,null_q035,0.35,128,local_pauli_shadow,0.7158927199999999,0.70477294921875,-0.011119770781249877,0.26169653596710446,0.257504514727579
ZZ_d2_r3_c3,2,0,2,3,3,18,15,null_q035,0.35,128,local_pauli_shadow,0.7158927199999999,0.720703125,0.004810405000000115,0.2596568661185078,0.257504514727579
ZZ_d2_r3_c4,2,0,2,3,4,19,16,null_q035,0.35,128,local_pauli_shadow,0.7158927199999999,0.710540771484375,-0.005351948515624856,0.2739325173479684,0.257504514727579
ZZ_d2_r4_c0,2,0,2,4,0,20,22,null_q035,0.35,128,local_pauli_shadow,0.7158927199999999,0.719879150390625,0.003986430390625089,0.23873623127182514,0.257504514727579
ZZ_d2_r4_c1,2,0,2,4,1,21,23,null_q035,0.35,128,local_pauli_shadow,0.7158927199999999,0.7064208984375,-0.009471821562499904,0.24664570804158803,0.257504514727579
ZZ_d2_r4_c2,2,0,2,4,2,22,24,null_q035,0.35,128,local_pauli_shadow,0.7158927199999999,0.71246337890625,-0.0034293410937498484,0.23860699559290668,0.257504514727579
ZZ_d2_r4_c3,2,0,2,4,3,23,20,null_q035,0.35,128,local_pauli_shadow,0.7158927199999999,0.691314697265625,-0.024578022734375066,0.26466089497995576,0.257504514727579
ZZ_d2_r4_c4,2,0,2,4,4,24,21,null_q035,0.35,128,local_pauli_shadow,0.7158927199999999,0.7064208984375,-0.009471821562499911,0.2535946532926848,0.257504514727579
ZZ_d3_r0_c0,3,2,0,0,0,0,10,null_q035,0.35,128,local_pauli_shadow,0.7158927199999999,0.7470703125,0.031177592499999896,0.2685462715293563,0.257504514727579
ZZ_d3_r0_c1,3,2,0,0,1,1,11,null_q035,0.35,128,local_pauli_shadow,0.7158927199999999,0.745147705078125,0.02925498507812493,0.2578910747601906,0.257504514727579
ZZ_d3_r0_c2,3,2,0,0,2,2,12,null_q035,0.35,128,local_pauli_shadow,0.7158927199999999,0.70587158203125,-0.01002113796874987,0.25483770555355645,0.257504514727579
ZZ_d3_r0_c3,3,2,0,0,3,3,13,null_q035,0.35,128,local_pauli_shadow,0.7158927199999999,0.705596923828125,-0.010295796171874866,0.2609542300667791,0.257504514727579
ZZ_d3_r0_c4,3,2,0,0,4,4,14,null_q035,0.35,128,local_pauli_shadow,0.7158927199999999,0.72344970703125,0.0075569870312501425,0.2525065120528112,0.257504514727579
ZZ_d3_r1_c0,3,2,0,1,0,5,15,null_q035,0.35,128,local_pauli_shadow,0.7158927199999999,0.734710693359375,0.018817973359375077,0.2558536898186114,0.257504514727579
ZZ_d3_r1_c1,3,2,0,1,1,6,16,null_q035,0.35,128,local_pauli_shadow,0.7158927199999999,0.74322509765625,0.027332377656250233,0.24107591879524792,0.257504514727579
ZZ_d3_r1_c2,3,2,0,1,2,7,17,null_q035,0.35,128,local_pauli_shadow,0.7158927199999999,0.71575927734375,-0.00013344265624990565,0.24842652065690893,0.257504514727579
ZZ_d3_r1_c3,3,2,0,1,3,8,18,null_q035,0.35,128,local_pauli_shadow,0.7158927199999999,0.71136474609375,-0.004527973906249889,0.23995694066888382,0.257504514727579
ZZ_d3_r1_c4,3,2,0,1,4,9,19,null_q035,0.35,128,local_pauli_shadow,0.7158927199999999,0.701751708984375,-0.014141011015624908,0.2514216139806017,0.257504514727579
ZZ_d3_r2_c0,3,2,0,2,0,10,20,null_q035,0.35,128,local_pauli_shadow,0.7158927199999999,0.684173583984375,-0.031719136015624906,0.23975379780630834,0.257504514727579
ZZ_d3_r2_c1,3,2,0,2,1,11,21,null_q035,0.35,128,local_pauli_shadow,0.7158927199999999,0.70697021484375,-0.008922505156249852,0.2556150699929378,0.257504514727579
ZZ_d3_r2_c2,3,2,0,2,2,12,22,null_q035,0.35,128,local_pauli_shadow,0.7158927199999999,0.73114013671875,0.015247416718749988,0.24370430579547875,0.257504514727579
ZZ_d3_r2_c3,3,2,0,2,3,13,23,null_q035,0.35,128,local_pauli_shadow,0.7158927199999999,0.711639404296875,-0.004253315703124888,0.2571526661946269,0.257504514727579
ZZ_d3_r2_c4,3,2,0,2,4,14,24,null_q035,0.35,128,local_pauli_shadow,0.7158927199999999,0.74322509765625,0.027332377656250025,0.24965494966603083,0.257504514727579
ZZ_d3_r3_c0,3,2,0,3,0,15,0,null_q035,0.35,128,local_pauli_shadow,0.7158927199999999,0.736358642578125,0.020465922578124927,0.26772390008241903,0.257504514727579
ZZ_d3_r3_c1,3,2,0,3,1,16,1,null_q035,0.35,128,local_pauli_shadow,0.7158927199999999,0.7393798828125,0.02348716281250007,0.22435804125048472,0.257504514727579
ZZ_d3_r3_c2,3,2,0,3,2,17,2,null_q035,0.35,128,local_pauli_shadow,0.7158927199999999,0.718505859375,0.002613139375000116,0.25329064061463663,0.257504514727579
ZZ_d3_r3_c3,3,2,0,3,3,18,3,null_q035,0.35,128,local_pauli_shadow,0.7158927199999999,0.692413330078125,-0.023479389921875073,0.2485768769794306,0.257504514727579
ZZ_d3_r3_c4,3,2,0,3,4,19,4,null_q035,0.35,128,local_pauli_shadow,0.7158927199999999,0.692962646484375,-0.02293007351562505,0.26661728169418697,0.257504514727579
ZZ_d3_r4_c0,3,2,0,4,0,20,5,null_q035,0.35,128,local_pauli_shadow,0.7158927199999999,0.699005126953125,-0.016887593046874965,0.26171965436746614,0.257504514727579
ZZ_d3_r4_c1,3,2,0,4,1,21,6,null_q035,0.35,128,local_pauli_shadow,0.7158927199999999,0.752838134765625,0.03694541476562528,0.2513620881122213,0.257504514727579
ZZ_d3_r4_c2,3,2,0,4,2,22,7,null_q035,0.35,128,local_pauli_shadow,0.7158927199999999,0.731964111328125,0.016071391328124893,0.25356514717208223,0.257504514727579
ZZ_d3_r4_c3,3,2,0,4,3,23,8,null_q035,0.35,128,local_pauli_shadow,0.7158927199999999,0.727020263671875,0.01112754367187512,0.24866389349486734,0.257504514727579
ZZ_d3_r4_c4,3,2,0,4,4,24,9,null_q035,0.35,128,local_pauli_shadow,0.7158927199999999,0.719879150390625,0.003986430390625147,0.2580936201568593,0.257504514727579
ZZ_d0_r0_c0,0,0,1,0,0,0,1,null_q035,0.35,256,native_all_z,0.72967688,0.728240966796875,-0.0014359132031249722,0.04149480485491507,0.04273700692505238
ZZ_d0_r0_c1,0,0,1,0,1,1,2,null_q035,0.35,256,native_all_z,0.72967688,0.72662353515625,-0.003053344843749972,0.045572854940340364,0.04273700692505238
ZZ_d0_r0_c2,0,0,1,0,2,2,3,null_q035,0.35,256,native_all_z,0.72967688,0.72894287109375,-0.0007340089062499722,0.04451800805025889,0.04273700692505238
ZZ_d0_r0_c3,0,0,1,0,3,3,4,null_q035,0.35,256,native_all_z,0.72967688,0.727447509765625,-0.002229370234374972,0.04056721294926387,0.04273700692505238
ZZ_d0_r0_c4,0,0,1,0,4,4,0,null_q035,0.35,256,native_all_z,0.72967688,0.73406982421875,0.004392944218750028,0.04070213296525279,0.04273700692505238
ZZ_d0_r1_c0,0,0,1,1,0,5,6,null_q035,0.35,256,native_all_z,0.72967688,0.730804443359375,0.0011275633593750278,0.04258657942859409,0.04273700692505238
ZZ_d0_r1_c1,0,0,1,1,1,6,7,null_q035,0.35,256,native_all_z,0.72967688,0.734344482421875,0.004667602421875028,0.04285867734480749,0.04273700692505238
ZZ_d0_r1_c2,0,0,1,1,2,7,8,null_q035,0.35,256,native_all_z,0.72967688,0.7314453125,0.0017684325000000278,0.04362709512386205,0.04273700692505238
ZZ_d0_r1_c3,0,0,1,1,3,8,9,null_q035,0.35,256,native_all_z,0.72967688,0.7313232421875,0.0016463621875000278,0.04041336746383331,0.04273700692505238
ZZ_d0_r1_c4,0,0,1,1,4,9,5,null_q035,0.35,256,native_all_z,0.72967688,0.7314453125,0.0017684325000000278,0.04355599322584513,0.04273700692505238
ZZ_d0_r2_c0,0,0,1,2,0,10,11,null_q035,0.35,256,native_all_z,0.72967688,0.73150634765625,0.0018294676562500278,0.043573520872002496,0.04273700692505238
ZZ_d0_r2_c1,0,0,1,2,1,11,12,null_q035,0.35,256,native_all_z,0.72967688,0.73065185546875,0.0009749754687500278,0.0430016031648506,0.04273700692505238
ZZ_d0_r2_c2,0,0,1,2,2,12,13,null_q035,0.35,256,native_all_z,0.72967688,0.729461669921875,-0.00021521007812497217,0.04337174620097402,0.04273700692505238
ZZ_d0_r2_c3,0,0,1,2,3,13,14,null_q035,0.35,256,native_all_z,0.72967688,0.735687255859375,0.006010375859375028,0.04086215408649072,0.04273700692505238
ZZ_d0_r2_c4,0,0,1,2,4,14,10,null_q035,0.35,256,native_all_z,0.72967688,0.731201171875,0.0015242918750000278,0.04205883417568766,0.04273700692505238
ZZ_d0_r3_c0,0,0,1,3,0,15,16,null_q035,0.35,256,native_all_z,0.72967688,0.7296142578125,-6.262218749997217e-05,0.04172149405759196,0.04273700692505238
ZZ_d0_r3_c1,0,0,1,3,1,16,17,null_q035,0.35,256,native_all_z,0.72967688,0.726776123046875,-0.002900756953124972,0.04280781826723946,0.04273700692505238
ZZ_d0_r3_c2,0,0,1,3,2,17,18,null_q035,0.35,256,native_all_z,0.72967688,0.727325439453125,-0.002351440546874972,0.04266737249813668,0.04273700692505238
ZZ_d0_r3_c3,0,0,1,3,3,18,19,null_q035,0.35,256,native_all_z,0.72967688,0.72662353515625,-0.003053344843749972,0.04301613019864549,0.04273700692505238
ZZ_d0_r3_c4,0,0,1,3,4,19,15,null_q035,0.35,256,native_all_z,0.72967688,0.7264404296875,-0.003236450312499972,0.040746978745017384,0.04273700692505238
ZZ_d0_r4_c0,0,0,1,4,0,20,21,null_q035,0.35,256,native_all_z,0.72967688,0.725677490234375,-0.003999389765624972,0.04357155301954908,0.04273700692505238
ZZ_d0_r4_c1,0,0,1,4,1,21,22,null_q035,0.35,256,native_all_z,0.72967688,0.723388671875,-0.006288208124999972,0.04519068511575881,0.04273700692505238
ZZ_d0_r4_c2,0,0,1,4,2,22,23,null_q035,0.35,256,native_all_z,0.72967688,0.7281494140625,-0.0015274659374999722,0.04453602400387196,0.04273700692505238
ZZ_d0_r4_c3,0,0,1,4,3,23,24,null_q035,0.35,256,native_all_z,0.72967688,0.7320556640625,0.002378784062500028,0.04189319797547714,0.04273700692505238
ZZ_d0_r4_c4,0,0,1,4,4,24,20,null_q035,0.35,256,native_all_z,0.72967688,0.726898193359375,-0.002778686640624972,0.042508274793206444,0.04273700692505238
ZZ_d1_r0_c0,1,1,0,0,0,0,5,null_q035,0.35,256,native_all_z,0.72967688,0.734527587890625,0.004850707890625028,0.044284691218684176,0.04273700692505238
ZZ_d1_r0_c1,1,1,0,0,1,1,6,null_q035,0.35,256,native_all_z,0.72967688,0.726043701171875,-0.003633178828124972,0.04265475835150879,0.04273700692505238
ZZ_d1_r0_c2,1,1,0,0,2,2,7,null_q035,0.35,256,native_all_z,0.72967688,0.73028564453125,0.0006087645312500278,0.040203708731809944,0.04273700692505238
ZZ_d1_r0_c3,1,1,0,0,3,3,8,null_q035,0.35,256,native_all_z,0.72967688,0.72918701171875,-0.0004898682812499722,0.0395420873391126,0.04273700692505238
ZZ_d1_r0_c4,1,1,0,0,4,4,9,null_q035,0.35,256,native_all_z,0.72967688,0.731597900390625,0.0019210203906250278,0.04003349649563769,0.04273700692505238
ZZ_d1_r1_c0,1,1,0,1,0,5,10,null_q035,0.35,256,native_all_z,0.72967688,0.73175048828125,0.002073608281250028,0.0445090369213625,0.04273700692505238
ZZ_d1_r1_c1,1,1,0,1,1,6,11,null_q035,0.35,256,native_all_z,0.72967688,0.731475830078125,0.0017989500781250278,0.03968413989056251,0.04273700692505238
ZZ_d1_r1_c2,1,1,0,1,2,7,12,null_q035,0.35,256,native_all_z,0.72967688,0.736328125,0.006651245000000028,0.04353528348586414,0.04273700692505238
ZZ_d1_r1_c3,1,1,0,1,3,8,13,null_q035,0.35,256,native_all_z,0.72967688,0.728729248046875,-0.0009476319531249722,0.04393195083663732,0.04273700692505238
ZZ_d1_r1_c4,1,1,0,1,4,9,14,null_q035,0.35,256,native_all_z,0.72967688,0.7322998046875,0.002622924687500028,0.04046786272846379,0.04273700692505238
ZZ_d1_r2_c0,1,1,0,2,0,10,15,null_q035,0.35,256,native_all_z,0.72967688,0.731719970703125,0.002043090703125028,0.04245784896329609,0.04273700692505238
ZZ_d1_r2_c1,1,1,0,2,1,11,16,null_q035,0.35,256,native_all_z,0.72967688,0.729156494140625,-0.0005203858593749722,0.03999709943543739,0.04273700692505238
ZZ_d1_r2_c2,1,1,0,2,2,12,17,null_q035,0.35,256,native_all_z,0.72967688,0.72955322265625,-0.00012365734374997217,0.043751058594795826,0.04273700692505238
ZZ_d1_r2_c3,1,1,0,2,3,13,18,null_q035,0.35,256,native_all_z,0.72967688,0.7286376953125,-0.0010391846874999722,0.043097471625819346,0.04273700692505238
ZZ_d1_r2_c4,1,1,0,2,4,14,19,null_q035,0.35,256,native_all_z,0.72967688,0.727874755859375,-0.0018021241406249722,0.04238607221757427,0.04273700692505238
ZZ_d1_r3_c0,1,1,0,3,0,15,20,null_q035,0.35,256,native_all_z,0.72967688,0.7322998046875,0.002622924687500028,0.04558254721745236,0.04273700692505238
ZZ_d1_r3_c1,1,1,0,3,1,16,21,null_q035,0.35,256,native_all_z,0.72967688,0.724212646484375,-0.005464233515624972,0.046407460244280094,0.04273700692505238
ZZ_d1_r3_c2,1,1,0,3,2,17,22,null_q035,0.35,256,native_all_z,0.72967688,0.72442626953125,-0.005250610468749972,0.04596200449202605,0.04273700692505238
ZZ_d1_r3_c3,1,1,0,3,3,18,23,null_q035,0.35,256,native_all_z,0.72967688,0.732269287109375,0.002592407109375028,0.044346558164763655,0.04273700692505238
ZZ_d1_r3_c4,1,1,0,3,4,19,24,null_q035,0.35,256,native_all_z,0.72967688,0.725677490234375,-0.003999389765624972,0.042079542228224597,0.04273700692505238
ZZ_d1_r4_c0,1,1,0,4,0,20,0,null_q035,0.35,256,native_all_z,0.72967688,0.7322998046875,0.002622924687500028,0.04476448202883385,0.04273700692505238
ZZ_d1_r4_c1,1,1,0,4,1,21,1,null_q035,0.35,256,native_all_z,0.72967688,0.71954345703125,-0.010133422968749972,0.05064033739978522,0.04273700692505238
ZZ_d1_r4_c2,1,1,0,4,2,22,2,null_q035,0.35,256,native_all_z,0.72967688,0.72442626953125,-0.005250610468749972,0.04274202146788744,0.04273700692505238
ZZ_d1_r4_c3,1,1,0,4,3,23,3,null_q035,0.35,256,native_all_z,0.72967688,0.730224609375,0.0005477293750000278,0.04431003253379223,0.04273700692505238
ZZ_d1_r4_c4,1,1,0,4,4,24,4,null_q035,0.35,256,native_all_z,0.72967688,0.725189208984375,-0.004487671015624972,0.03964278377936598,0.04273700692505238
ZZ_d2_r0_c0,2,0,2,0,0,0,2,null_q035,0.35,256,native_all_z,0.7158927199999999,0.718536376953125,0.0026436569531251004,0.04374989716002826,0.04363814332144501
ZZ_d2_r0_c1,2,0,2,0,1,1,3,null_q035,0.35,256,native_all_z,0.7158927199999999,0.71124267578125,-0.004650044218749871,0.04669741353996619,0.04363814332144501
ZZ_d2_r0_c2,2,0,2,0,2,2,4,null_q035,0.35,256,native_all_z,0.7158927199999999,0.716033935546875,0.0001412155468750731,0.0444420231419165,0.04363814332144501
ZZ_d2_r0_c3,2,0,2,0,3,3,0,null_q035,0.35,256,native_all_z,0.7158927199999999,0.720245361328125,0.004352641328125099,0.04149265766596451,0.04363814332144501
ZZ_d2_r0_c4,2,0,2,0,4,4,1,null_q035,0.35,256,native_all_z,0.7158927199999999,0.712066650390625,-0.003826069609374915,0.044743862107972605,0.04363814332144501
ZZ_d2_r1_c0,2,0,2,1,0,5,7,null_q035,0.35,256,native_all_z,0.7158927199999999,0.718994140625,0.003101420625000073,0.045070486529764114,0.04363814332144501
ZZ_d2_r1_c1,2,0,2,1,1,6,8,null_q035,0.35,256,native_all_z,0.7158927199999999,0.716094970703125,0.0002022507031250731,0.03931075035292411,0.04363814332144501
ZZ_d2_r1_c2,2,0,2,1,2,7,9,null_q035,0.35,256,native_all_z,0.7158927199999999,0.719482421875,0.003589701875000092,0.0427958324640767,0.04363814332144501
ZZ_d2_r1_c3,2,0,2,1,3,8,5,null_q035,0.35,256,native_all_z,0.7158927199999999,0.71612548828125,0.0002327682812500731,0.0425150738712023,0.04363814332144501
ZZ_d2_r1_c4,2,0,2,1,4,9,6,null_q035,0.35,256,native_all_z,0.7158927199999999,0.716644287109375,0.0007515671093750731,0.040379328697780006,0.04363814332144501
ZZ_d2_r2_c0,2,0,2,2,0,10,12,null_q035,0.35,256,native_all_z,0.7158927199999999,0.71832275390625,0.002430033906250073,0.04767186146626284,0.04363814332144501
ZZ_d2_r2_c1,2,0,2,2,1,11,13,null_q035,0.35,256,native_all_z,0.7158927199999999,0.719635009765625,0.003742289765625078,0.0441090021880207,0.04363814332144501
ZZ_d2_r2_c2,2,0,2,2,2,12,14,null_q035,0.35,256,native_all_z,0.7158927199999999,0.71575927734375,-0.0001334426562499269,0.04358182754388354,0.04363814332144501
ZZ_d2_r2_c3,2,0,2,2,3,13,10,null_q035,0.35,256,native_all_z,0.7158927199999999,0.720428466796875,0.004535746796875082,0.04445095655189305,0.04363814332144501
ZZ_d2_r2_c4,2,0,2,2,4,14,11,null_q035,0.35,256,native_all_z,0.7158927199999999,0.71978759765625,0.0038948776562500796,0.04214269524628729,0.04363814332144501
ZZ_d2_r3_c0,2,0,2,3,0,15,17,null_q035,0.35,256,native_all_z,0.7158927199999999,0.712921142578125,-0.0029715774218749256,0.0470717634947453,0.04363814332144501
ZZ_d2_r3_c1,2,0,2,3,1,16,18,null_q035,0.35,256,native_all_z,0.7158927199999999,0.71112060546875,-0.004772114531249875,0.04556837927628698,0.04363814332144501
ZZ_d2_r3_c2,2,0,2,3,2,17,19,null_q035,0.35,256,native_all_z,0.7158927199999999,0.712188720703125,-0.003703999296874906,0.04619351678502217,0.04363814332144501
ZZ_d2_r3_c3,2,0,2,3,3,18,15,null_q035,0.35,256,native_all_z,0.7158927199999999,0.71673583984375,0.0008431198437500731,0.04444155014533882,0.04363814332144501
ZZ_d2_r3_c4,2,0,2,3,4,19,16,null_q035,0.35,256,native_all_z,0.7158927199999999,0.70672607421875,-0.009166645781249871,0.04762193241765559,0.04363814332144501
ZZ_d2_r4_c0,2,0,2,4,0,20,22,null_q035,0.35,256,native_all_z,0.7158927199999999,0.715118408203125,-0.0007743117968749269,0.043273396038856285,0.04363814332144501
ZZ_d2_r4_c1,2,0,2,4,1,21,23,null_q035,0.35,256,native_all_z,0.7158927199999999,0.71435546875,-0.001537251249999927,0.045420424046682235,0.04363814332144501
ZZ_d2_r4_c2,2,0,2,4,2,22,24,null_q035,0.35,256,native_all_z,0.7158927199999999,0.7103271484375,-0.0055655715624998835,0.04360862376384428,0.04363814332144501
ZZ_d2_r4_c3,2,0,2,4,3,23,20,null_q035,0.35,256,native_all_z,0.7158927199999999,0.717376708984375,0.001483988984375073,0.041839539723528496,0.04363814332144501
ZZ_d2_r4_c4,2,0,2,4,4,24,21,null_q035,0.35,256,native_all_z,0.7158927199999999,0.71197509765625,-0.003917622343749889,0.04520191659748832,0.04363814332144501
ZZ_d3_r0_c0,3,2,0,0,0,0,10,null_q035,0.35,256,native_all_z,0.7158927199999999,0.717803955078125,0.001911235078125073,0.04216377758148317,0.04363814332144501
ZZ_d3_r0_c1,3,2,0,0,1,1,11,null_q035,0.35,256,native_all_z,0.7158927199999999,0.71343994140625,-0.002452778593749926,0.04376854591482789,0.04363814332144501
ZZ_d3_r0_c2,3,2,0,0,2,2,12,null_q035,0.35,256,native_all_z,0.7158927199999999,0.71697998046875,0.001087260468750073,0.04699644913837201,0.04363814332144501
ZZ_d3_r0_c3,3,2,0,0,3,3,13,null_q035,0.35,256,native_all_z,0.7158927199999999,0.717926025390625,0.002033305390625073,0.04491522163282231,0.04363814332144501
ZZ_d3_r0_c4,3,2,0,0,4,4,14,null_q035,0.35,256,native_all_z,0.7158927199999999,0.717498779296875,0.001606059296875073,0.04326528011497338,0.04363814332144501
ZZ_d3_r1_c0,3,2,0,1,0,5,15,null_q035,0.35,256,native_all_z,0.7158927199999999,0.717315673828125,0.001422953828125073,0.044881689817326965,0.04363814332144501
ZZ_d3_r1_c1,3,2,0,1,1,6,16,null_q035,0.35,256,native_all_z,0.7158927199999999,0.7154541015625,-0.0004386184374999269,0.04497821605354894,0.04363814332144501
ZZ_d3_r1_c2,3,2,0,1,2,7,17,null_q035,0.35,256,native_all_z,0.7158927199999999,0.71453857421875,-0.001354145781249927,0.04447730431682396,0.04363814332144501
ZZ_d3_r1_c3,3,2,0,1,3,8,18,null_q035,0.35,256,native_all_z,0.7158927199999999,0.713348388671875,-0.0025443313281249265,0.043040194488419045,0.04363814332144501
ZZ_d3_r1_c4,3,2,0,1,4,9,19,null_q035,0.35,256,native_all_z,0.7158927199999999,0.713714599609375,-0.002178120390624927,0.045029356695423406,0.04363814332144501
ZZ_d3_r2_c0,3,2,0,2,0,10,20,null_q035,0.35,256,native_all_z,0.7158927199999999,0.717742919921875,0.001850199921875073,0.04501493471571753,0.04363814332144501
ZZ_d3_r2_c1,3,2,0,2,1,11,21,null_q035,0.35,256,native_all_z,0.7158927199999999,0.71270751953125,-0.003185200468749913,0.048870617971860396,0.04363814332144501
ZZ_d3_r2_c2,3,2,0,2,2,12,22,null_q035,0.35,256,native_all_z,0.7158927199999999,0.7110595703125,-0.004833149687499918,0.04636850396903617,0.04363814332144501
ZZ_d3_r2_c3,3,2,0,2,3,13,23,null_q035,0.35,256,native_all_z,0.7158927199999999,0.718292236328125,0.002399516328125073,0.04546071652935816,0.04363814332144501
ZZ_d3_r2_c4,3,2,0,2,4,14,24,null_q035,0.35,256,native_all_z,0.7158927199999999,0.71722412109375,0.001331401093750073,0.04357939376261617,0.04363814332144501
ZZ_d3_r3_c0,3,2,0,3,0,15,0,null_q035,0.35,256,native_all_z,0.7158927199999999,0.720947265625,0.005054545625000104,0.04798815577211274,0.04363814332144501
ZZ_d3_r3_c1,3,2,0,3,1,16,1,null_q035,0.35,256,native_all_z,0.7158927199999999,0.709625244140625,-0.00626747585937488,0.04546140962333638,0.04363814332144501
ZZ_d3_r3_c2,3,2,0,3,2,17,2,null_q035,0.35,256,native_all_z,0.7158927199999999,0.71282958984375,-0.003063130156249927,0.047677703904793534,0.04363814332144501
ZZ_d3_r3_c3,3,2,0,3,3,18,3,null_q035,0.35,256,native_all_z,0.7158927199999999,0.715484619140625,-0.0004081008593749269,0.04312652996945623,0.04363814332144501
ZZ_d3_r3_c4,3,2,0,3,4,19,4,null_q035,0.35,256,native_all_z,0.7158927199999999,0.7127685546875,-0.0031241653124999213,0.04608732436593917,0.04363814332144501
ZZ_d3_r4_c0,3,2,0,4,0,20,5,null_q035,0.35,256,native_all_z,0.7158927199999999,0.717681884765625,0.001789164765625073,0.046869001067171574,0.04363814332144501
ZZ_d3_r4_c1,3,2,0,4,1,21,6,null_q035,0.35,256,native_all_z,0.7158927199999999,0.713653564453125,-0.002239155546874927,0.04591684323029736,0.04363814332144501
ZZ_d3_r4_c2,3,2,0,4,2,22,7,null_q035,0.35,256,native_all_z,0.7158927199999999,0.71661376953125,0.0007210495312500731,0.044988274757416416,0.04363814332144501
ZZ_d3_r4_c3,3,2,0,4,3,23,8,null_q035,0.35,256,native_all_z,0.7158927199999999,0.71697998046875,0.001087260468750073,0.04316201213936069,0.04363814332144501
ZZ_d3_r4_c4,3,2,0,4,4,24,9,null_q035,0.35,256,native_all_z,0.7158927199999999,0.714599609375,-0.001293110624999927,0.04411524069520709,0.04363814332144501
ZZ_d0_r0_c0,0,0,1,0,0,0,1,null_q035,0.35,256,local_pauli_shadow,0.72967688,0.73992919921875,0.010252319218750028,0.186692707927465,0.18186932605833225
ZZ_d0_r0_c1,0,0,1,0,1,1,2,null_q035,0.35,256,local_pauli_shadow,0.72967688,0.732513427734375,0.002836547734375028,0.18805276911509228,0.18186932605833225
ZZ_d0_r0_c2,0,0,1,0,2,2,3,null_q035,0.35,256,local_pauli_shadow,0.72967688,0.72894287109375,-0.0007340089062499722,0.17728610283119065,0.18186932605833225
ZZ_d0_r0_c3,0,0,1,0,3,3,4,null_q035,0.35,256,local_pauli_shadow,0.72967688,0.7244110107421875,-0.005265869257812472,0.17408246267027627,0.18186932605833225
ZZ_d0_r0_c4,0,0,1,0,4,4,0,null_q035,0.35,256,local_pauli_shadow,0.72967688,0.7310028076171875,0.0013259276171875278,0.1613815164955887,0.18186932605833225
ZZ_d0_r1_c0,0,0,1,1,0,5,6,null_q035,0.35,256,local_pauli_shadow,0.72967688,0.7422637939453125,0.01258691394531254,0.19130765336234537,0.18186932605833225
ZZ_d0_r1_c1,0,0,1,1,1,6,7,null_q035,0.35,256,local_pauli_shadow,0.72967688,0.7525634765625,0.022886596562500278,0.18784040603971694,0.18186932605833225
ZZ_d0_r1_c2,0,0,1,1,2,7,8,null_q035,0.35,256,local_pauli_shadow,0.72967688,0.748992919921875,0.019316039921875236,0.17585697176519346,0.18186932605833225
ZZ_d0_r1_c3,0,0,1,1,3,8,9,null_q035,0.35,256,local_pauli_shadow,0.72967688,0.74102783203125,0.011350952031250028,0.17806156484466376,0.18186932605833225
ZZ_d0_r1_c4,0,0,1,1,4,9,5,null_q035,0.35,256,local_pauli_shadow,0.72967688,0.734161376953125,0.004484496953125028,0.17851549080100595,0.18186932605833225
ZZ_d0_r2_c0,0,0,1,2,0,10,11,null_q035,0.35,256,local_pauli_shadow,0.72967688,0.7158966064453125,-0.013780273554687448,0.1824199941948946,0.18186932605833225
ZZ_d0_r2_c1,0,0,1,2,1,11,12,null_q035,0.35,256,local_pauli_shadow,0.72967688,0.70806884765625,-0.02160803234374982,0.19134697103261317,0.18186932605833225
ZZ_d0_r2_c2,0,0,1,2,2,12,13,null_q035,0.35,256,local_pauli_shadow,0.72967688,0.7249603271484375,-0.004716552851562472,0.1887456773069209,0.18186932605833225
ZZ_d0_r2_c3,0,0,1,2,3,13,14,null_q035,0.35,256,local_pauli_shadow,0.72967688,0.724822998046875,-0.004853881953124972,0.1860211398131644,0.18186932605833225
ZZ_d0_r2_c4,0,0,1,2,4,14,10,null_q035,0.35,256,local_pauli_shadow,0.72967688,0.7183685302734375,-0.011308349726562437,0.19096448223793175,0.18186932605833225
ZZ_d0_r3_c0,0,0,1,3,0,15,16,null_q035,0.35,256,local_pauli_shadow,0.72967688,0.7406158447265625,0.010938964726562528,0.18606385116335397,0.18186932605833225
ZZ_d0_r3_c1,0,0,1,3,1,16,17,null_q035,0.35,256,local_pauli_shadow,0.72967688,0.73223876953125,0.002561889531250028,0.18448916489621484,0.18186932605833225
ZZ_d0_r3_c2,0,0,1,3,2,17,18,null_q035,0.35,256,local_pauli_shadow,0.72967688,0.7131500244140625,-0.016526855585937403,0.17821920293013246,0.18186932605833225
ZZ_d0_r3_c3,0,0,1,3,3,18,19,null_q035,0.35,256,local_pauli_shadow,0.72967688,0.6999664306640625,-0.029710449335937257,0.16655456145561529,0.18186932605833225
ZZ_d0_r3_c4,0,0,1,3,4,19,15,null_q035,0.35,256,local_pauli_shadow,0.72967688,0.729217529296875,-0.00045935070312497217,0.17973348185439225,0.18186932605833225
ZZ_d0_r4_c0,0,0,1,4,0,20,21,null_q035,0.35,256,local_pauli_shadow,0.72967688,0.722625732421875,-0.007051147578124972,0.18547749484189696,0.18186932605833225
ZZ_d0_r4_c1,0,0,1,4,1,21,22,null_q035,0.35,256,local_pauli_shadow,0.72967688,0.742950439453125,0.013273559453125028,0.1839149049320255,0.18186932605833225
ZZ_d0_r4_c2,0,0,1,4,2,22,23,null_q035,0.35,256,local_pauli_shadow,0.72967688,0.7294921875,-0.00018469249999997217,0.18626290902150133,0.18186932605833225
ZZ_d0_r4_c3,0,0,1,4,3,23,24,null_q035,0.35,256,local_pauli_shadow,0.72967688,0.7202911376953125,-0.009385742304687472,0.1800445812563323,0.18186932605833225
ZZ_d0_r4_c4,0,0,1,4,4,24,20,null_q035,0.35,256,local_pauli_shadow,0.72967688,0.7134246826171875,-0.016252197382812326,0.16834175861510253,0.18186932605833225
ZZ_d1_r0_c0,1,1,0,0,0,0,5,null_q035,0.35,256,local_pauli_shadow,0.72967688,0.743499755859375,0.013822875859375028,0.18267637937509992,0.18186932605833225
ZZ_d1_r0_c1,1,1,0,0,1,1,6,null_q035,0.35,256,local_pauli_shadow,0.72967688,0.73443603515625,0.004759155156250028,0.1948471528551558,0.18186932605833225
ZZ_d1_r0_c2,1,1,0,0,2,2,7,null_q035,0.35,256,local_pauli_shadow,0.72967688,0.748443603515625,0.018766723515625125,0.1874456526501486,0.18186932605833225
ZZ_d1_r0_c3,1,1,0,0,3,3,8,null_q035,0.35,256,local_pauli_shadow,0.72967688,0.72235107421875,-0.007325805781249972,0.18577687154396494,0.18186932605833225
ZZ_d1_r0_c4,1,1,0,0,4,4,9,null_q035,0.35,256,local_pauli_shadow,0.72967688,0.728668212890625,-0.0010086671093749722,0.18526311416887345,0.18186932605833225
ZZ_d1_r1_c0,1,1,0,1,0,5,10,null_q035,0.35,256,local_pauli_shadow,0.72967688,0.7090301513671875,-0.0206467286328123,0.186522779323505,0.18186932605833225
ZZ_d1_r1_c1,1,1,0,1,1,6,11,null_q035,0.35,256,local_pauli_shadow,0.72967688,0.749542236328125,0.01986535632812518,0.18716103067136855,0.18186932605833225
ZZ_d1_r1_c2,1,1,0,1,2,7,12,null_q035,0.35,256,local_pauli_shadow,0.72967688,0.73663330078125,0.006956420781250033,0.1842228790504611,0.18186932605833225
ZZ_d1_r1_c3,1,1,0,1,3,8,13,null_q035,0.35,256,local_pauli_shadow,0.72967688,0.7436370849609375,0.013960204960937531,0.18852263569193714,0.18186932605833225
ZZ_d1_r1_c4,1,1,0,1,4,9,14,null_q035,0.35,256,local_pauli_shadow,0.72967688,0.7332000732421875,0.003523193242187528,0.19268683308986406,0.18186932605833225
ZZ_d1_r2_c0,1,1,0,2,0,10,15,null_q035,0.35,256,local_pauli_shadow,0.72967688,0.7152099609375,-0.014466919062499972,0.17227318898056065,0.18186932605833225
ZZ_d1_r2_c1,1,1,0,2,1,11,16,null_q035,0.35,256,local_pauli_shadow,0.72967688,0.7364959716796875,0.006819091679687573,0.17561598202741846,0.18186932605833225
ZZ_d1_r2_c2,1,1,0,2,2,12,17,null_q035,0.35,256,local_pauli_shadow,0.72967688,0.727569580078125,-0.002107299921874972,0.18539446338091797,0.18186932605833225
ZZ_d1_r2_c3,1,1,0,2,3,13,18,null_q035,0.35,256,local_pauli_shadow,0.72967688,0.734710693359375,0.005033813359375028,0.18210292467576542,0.18186932605833225
ZZ_d1_r2_c4,1,1,0,2,4,14,19,null_q035,0.35,256,local_pauli_shadow,0.72967688,0.7191925048828125,-0.010484375117187472,0.1757303633926846,0.18186932605833225
ZZ_d1_r3_c0,1,1,0,3,0,15,20,null_q035,0.35,256,local_pauli_shadow,0.72967688,0.73388671875,0.004209838750000028,0.18298976459497568,0.18186932605833225
ZZ_d1_r3_c1,1,1,0,3,1,16,21,null_q035,0.35,256,local_pauli_shadow,0.72967688,0.73388671875,0.004209838750000028,0.18092011954214154,0.18186932605833225
ZZ_d1_r3_c2,1,1,0,3,2,17,22,null_q035,0.35,256,local_pauli_shadow,0.72967688,0.736907958984375,0.007231078984375028,0.18494190007538816,0.18186932605833225
ZZ_d1_r3_c3,1,1,0,3,3,18,23,null_q035,0.35,256,local_pauli_shadow,0.72967688,0.724822998046875,-0.004853881953124972,0.17171549043977907,0.18186932605833225
ZZ_d1_r3_c4,1,1,0,3,4,19,24,null_q035,0.35,256,local_pauli_shadow,0.72967688,0.7169952392578125,-0.012681640742187472,0.17046113117469017,0.18186932605833225
ZZ_d1_r4_c0,1,1,0,4,0,20,0,null_q035,0.35,256,local_pauli_shadow,0.72967688,0.7255096435546875,-0.004167236445312472,0.18237055530340504,0.18186932605833225
ZZ_d1_r4_c1,1,1,0,4,1,21,1,null_q035,0.35,256,local_pauli_shadow,0.72967688,0.731689453125,0.002012573125000028,0.18264867423989295,0.18186932605833225
ZZ_d1_r4_c2,1,1,0,4,2,22,2,null_q035,0.35,256,local_pauli_shadow,0.72967688,0.725372314453125,-0.004304565546874972,0.18764857194427517,0.18186932605833225
ZZ_d1_r4_c3,1,1,0,4,3,23,3,null_q035,0.35,256,local_pauli_shadow,0.72967688,0.7470703125,0.01739343250000004,0.17268693681002004,0.18186932605833225
ZZ_d1_r4_c4,1,1,0,4,4,24,4,null_q035,0.35,256,local_pauli_shadow,0.72967688,0.7076568603515625,-0.02202001964843723,0.18024513812993662,0.18186932605833225
ZZ_d2_r0_c0,2,0,2,0,0,0,2,null_q035,0.35,256,local_pauli_shadow,0.7158927199999999,0.72509765625,0.009204936250000115,0.19390231080019174,0.1820831885500223
ZZ_d2_r0_c1,2,0,2,0,1,1,3,null_q035,0.35,256,local_pauli_shadow,0.7158927199999999,0.7327880859375,0.01689536593750011,0.18882266874951956,0.1820831885500223
ZZ_d2_r0_c2,2,0,2,0,2,2,4,null_q035,0.35,256,local_pauli_shadow,0.7158927199999999,0.696807861328125,-0.01908485867187503,0.19757287004055335,0.1820831885500223
ZZ_d2_r0_c3,2,0,2,0,3,3,0,null_q035,0.35,256,local_pauli_shadow,0.7158927199999999,0.727020263671875,0.011127543671875104,0.19327672508120844,0.1820831885500223
ZZ_d2_r0_c4,2,0,2,0,4,4,1,null_q035,0.35,256,local_pauli_shadow,0.7158927199999999,0.719329833984375,0.0034371139843751325,0.18806920457496445,0.1820831885500223
ZZ_d2_r1_c0,2,0,2,1,0,5,7,null_q035,0.35,256,local_pauli_shadow,0.7158927199999999,0.730865478515625,0.01497275851562505,0.1801897632724877,0.1820831885500223
ZZ_d2_r1_c1,2,0,2,1,1,6,8,null_q035,0.35,256,local_pauli_shadow,0.7158927199999999,0.7364959716796875,0.020603251679687472,0.17923902098185757,0.1820831885500223
ZZ_d2_r1_c2,2,0,2,1,2,7,9,null_q035,0.35,256,local_pauli_shadow,0.7158927199999999,0.736907958984375,0.021015238984375042,0.18200316864504798,0.1820831885500223
ZZ_d2_r1_c3,2,0,2,1,3,8,5,null_q035,0.35,256,local_pauli_shadow,0.7158927199999999,0.7087554931640625,-0.007137226835937382,0.17989399739017073,0.1820831885500223
ZZ_d2_r1_c4,2,0,2,1,4,9,6,null_q035,0.35,256,local_pauli_shadow,0.7158927199999999,0.7169952392578125,0.0011025192578126217,0.17569064596241885,0.1820831885500223
ZZ_d2_r2_c0,2,0,2,2,0,10,12,null_q035,0.35,256,local_pauli_shadow,0.7158927199999999,0.707244873046875,-0.008647846953124873,0.18172295831742905,0.1820831885500223
ZZ_d2_r2_c1,2,0,2,2,1,11,13,null_q035,0.35,256,local_pauli_shadow,0.7158927199999999,0.6998291015625,-0.016063618437499896,0.1815265486125472,0.1820831885500223
ZZ_d2_r2_c2,2,0,2,2,2,12,14,null_q035,0.35,256,local_pauli_shadow,0.7158927199999999,0.691864013671875,-0.024028706328124927,0.18775148882909903,0.1820831885500223
ZZ_d2_r2_c3,2,0,2,2,3,13,10,null_q035,0.35,256,local_pauli_shadow,0.7158927199999999,0.7016143798828125,-0.01427834011718751,0.1737473722623156,0.1820831885500223
ZZ_d2_r2_c4,2,0,2,2,4,14,11,null_q035,0.35,256,local_pauli_shadow,0.7158927199999999,0.714385986328125,-0.001506733671874887,0.17237271685200292,0.1820831885500223
ZZ_d2_r3_c0,2,0,2,3,0,15,17,null_q035,0.35,256,local_pauli_shadow,0.7158927199999999,0.7218017578125,0.005909037812500146,0.19934639756732667,0.1820831885500223
ZZ_d2_r3_c1,2,0,2,3,1,16,18,null_q035,0.35,256,local_pauli_shadow,0.7158927199999999,0.718231201171875,0.0023384811718751342,0.18919295397113395,0.1820831885500223
ZZ_d2_r3_c2,2,0,2,3,2,17,19,null_q035,0.35,256,local_pauli_shadow,0.7158927199999999,0.6920013427734375,-0.023891377226562528,0.17230819528233615,0.1820831885500223
ZZ_d2_r3_c3,2,0,2,3,3,18,15,null_q035,0.35,256,local_pauli_shadow,0.7158927199999999,0.7274322509765625,0.01153953097656264,0.1744883782746311,0.1820831885500223
ZZ_d2_r3_c4,2,0,2,3,4,19,16,null_q035,0.35,256,local_pauli_shadow,0.7158927199999999,0.7197418212890625,0.003849101289062617,0.18061573273599635,0.1820831885500223
ZZ_d2_r4_c0,2,0,2,4,0,20,22,null_q035,0.35,256,local_pauli_shadow,0.7158927199999999,0.718780517578125,0.002887797578125128,0.179947357670289,0.1820831885500223
ZZ_d2_r4_c1,2,0,2,4,1,21,23,null_q035,0.35,256,local_pauli_shadow,0.7158927199999999,0.70697021484375,-0.008922505156249901,0.18237869929515116,0.1820831885500223
ZZ_d2_r4_c2,2,0,2,4,2,22,24,null_q035,0.35,256,local_pauli_shadow,0.7158927199999999,0.6947479248046875,-0.021144795195312427,0.17516316322414682,0.1820831885500223
ZZ_d2_r4_c3,2,0,2,4,3,23,20,null_q035,0.35,256,local_pauli_shadow,0.7158927199999999,0.717681884765625,0.0017891647656251186,0.1848940260155783,0.1820831885500223
ZZ_d2_r4_c4,2,0,2,4,4,24,21,null_q035,0.35,256,local_pauli_shadow,0.7158927199999999,0.710540771484375,-0.005351948515624885,0.17559633745597736,0.1820831885500223
ZZ_d3_r0_c0,3,2,0,0,0,0,10,null_q035,0.35,256,local_pauli_shadow,0.7158927199999999,0.724273681640625,0.008380961640625104,0.1878361152549716,0.1820831885500223
ZZ_d3_r0_c1,3,2,0,0,1,1,11,null_q035,0.35,256,local_pauli_shadow,0.7158927199999999,0.7175445556640625,0.0016518356640625874,0.1805839400088414,0.1820831885500223
ZZ_d3_r0_c2,3,2,0,0,2,2,12,null_q035,0.35,256,local_pauli_shadow,0.7158927199999999,0.6969451904296875,-0.01894752957031236,0.19194910519792682,0.1820831885500223
ZZ_d3_r0_c3,3,2,0,0,3,3,13,null_q035,0.35,256,local_pauli_shadow,0.7158927199999999,0.7093048095703125,-0.0065879104296873835,0.19059400743929647,0.1820831885500223
ZZ_d3_r0_c4,3,2,0,0,4,4,14,null_q035,0.35,256,local_pauli_shadow,0.7158927199999999,0.7071075439453125,-0.008785176054687401,0.18924186276175434,0.1820831885500223
ZZ_d3_r1_c0,3,2,0,1,0,5,15,null_q035,0.35,256,local_pauli_shadow,0.7158927199999999,0.739105224609375,0.023212504609375035,0.1764044864981518,0.1820831885500223
ZZ_d3_r1_c1,3,2,0,1,1,6,16,null_q035,0.35,256,local_pauli_shadow,0.7158927199999999,0.73883056640625,0.022937846406249976,0.1864560281936609,0.1820831885500223
ZZ_d3_r1_c2,3,2,0,1,2,7,17,null_q035,0.35,256,local_pauli_shadow,0.7158927199999999,0.709442138671875,-0.006450581328124826,0.18154192210796158,0.1820831885500223
ZZ_d3_r1_c3,3,2,0,1,3,8,18,null_q035,0.35,256,local_pauli_shadow,0.7158927199999999,0.7196044921875,0.0037117721875001165,0.1786230142310891,0.1820831885500223
ZZ_d3_r1_c4,3,2,0,1,4,9,19,null_q035,0.35,256,local_pauli_shadow,0.7158927199999999,0.713287353515625,-0.0026053664843749013,0.17616556194668295,0.1820831885500223
ZZ_d3_r2_c0,3,2,0,2,0,10,20,null_q035,0.35,256,local_pauli_shadow,0.7158927199999999,0.6821136474609375,-0.03377907253906249,0.19124915724645333,0.1820831885500223
ZZ_d3_r2_c1,3,2,0,2,1,11,21,null_q035,0.35,256,local_pauli_shadow,0.7158927199999999,0.709991455078125,-0.0059012649218749165,0.17475442851490394,0.1820831885500223
ZZ_d3_r2_c2,3,2,0,2,2,12,22,null_q035,0.35,256,local_pauli_shadow,0.7158927199999999,0.720428466796875,0.0045357467968751355,0.1744336316147349,0.1820831885500223
ZZ_d3_r2_c3,3,2,0,2,3,13,23,null_q035,0.35,256,local_pauli_shadow,0.7158927199999999,0.714935302734375,-0.0009574172656249269,0.18573458172417376,0.1820831885500223
ZZ_d3_r2_c4,3,2,0,2,4,14,24,null_q035,0.35,256,local_pauli_shadow,0.7158927199999999,0.722625732421875,0.006733012421875122,0.1799964824907214,0.1820831885500223
ZZ_d3_r3_c0,3,2,0,3,0,15,0,null_q035,0.35,256,local_pauli_shadow,0.7158927199999999,0.7241363525390625,0.008243632539062625,0.1808662534145722,0.1820831885500223
ZZ_d3_r3_c1,3,2,0,3,1,16,1,null_q035,0.35,256,local_pauli_shadow,0.7158927199999999,0.7252349853515625,0.009342265351562669,0.17613552659794995,0.1820831885500223
ZZ_d3_r3_c2,3,2,0,3,2,17,2,null_q035,0.35,256,local_pauli_shadow,0.7158927199999999,0.70751953125,-0.008373188749999882,0.17443745241204164,0.1820831885500223
ZZ_d3_r3_c3,3,2,0,3,3,18,3,null_q035,0.35,256,local_pauli_shadow,0.7158927199999999,0.704498291015625,-0.011394428984374856,0.18530781588162495,0.1820831885500223
ZZ_d3_r3_c4,3,2,0,3,4,19,4,null_q035,0.35,256,local_pauli_shadow,0.7158927199999999,0.6988677978515625,-0.017024922148437545,0.1891599570527297,0.1820831885500223
ZZ_d3_r4_c0,3,2,0,4,0,20,5,null_q035,0.35,256,local_pauli_shadow,0.7158927199999999,0.7109527587890625,-0.004939961210937375,0.18813730873391316,0.1820831885500223
ZZ_d3_r4_c1,3,2,0,4,1,21,6,null_q035,0.35,256,local_pauli_shadow,0.7158927199999999,0.7389678955078125,0.023075175507812427,0.1823490804246941,0.1820831885500223
ZZ_d3_r4_c2,3,2,0,4,2,22,7,null_q035,0.35,256,local_pauli_shadow,0.7158927199999999,0.7235870361328125,0.007694316132812606,0.17902712640436397,0.1820831885500223
ZZ_d3_r4_c3,3,2,0,4,3,23,8,null_q035,0.35,256,local_pauli_shadow,0.7158927199999999,0.7194671630859375,0.003574443085937593,0.16682340381487681,0.1820831885500223
ZZ_d3_r4_c4,3,2,0,4,4,24,9,null_q035,0.35,256,local_pauli_shadow,0.7158927199999999,0.72454833984375,0.008655619843750096,0.18441925849701604,0.1820831885500223
ZZ_d0_r0_c0,0,0,1,0,0,0,1,null_q035,0.35,512,native_all_z,0.72967688,0.7263641357421875,-0.003312744257812472,0.031800623883884306,0.03021962740432098
ZZ_d0_r0_c1,0,0,1,0,1,1,2,null_q035,0.35,512,native_all_z,0.72967688,0.7255706787109375,-0.004106201289062472,0.030888734078402823,0.03021962740432098
ZZ_d0_r0_c2,0,0,1,0,2,2,3,null_q035,0.35,512,native_all_z,0.72967688,0.7276458740234375,-0.002031005976562472,0.029177117662481808,0.03021962740432098
ZZ_d0_r0_c3,0,0,1,0,3,3,4,null_q035,0.35,512,native_all_z,0.72967688,0.7256011962890625,-0.004075683710937472,0.027435351747966415,0.03021962740432098
ZZ_d0_r0_c4,0,0,1,0,4,4,0,null_q035,0.35,512,native_all_z,0.72967688,0.73004150390625,0.00036462390625002783,0.028805663955746137,0.03021962740432098
ZZ_d0_r1_c0,0,0,1,1,0,5,6,null_q035,0.35,512,native_all_z,0.72967688,0.7316436767578125,0.001966796757812528,0.029755863954154974,0.03021962740432098
ZZ_d0_r1_c1,0,0,1,1,1,6,7,null_q035,0.35,512,native_all_z,0.72967688,0.7295074462890625,-0.00016943371093747217,0.030711277595618716,0.03021962740432098
ZZ_d0_r1_c2,0,0,1,1,2,7,8,null_q035,0.35,512,native_all_z,0.72967688,0.728424072265625,-0.0012528077343749722,0.03234673644958924,0.03021962740432098
ZZ_d0_r1_c3,0,0,1,1,3,8,9,null_q035,0.35,512,native_all_z,0.72967688,0.7286376953125,-0.0010391846874999722,0.029511611096407323,0.03021962740432098
ZZ_d0_r1_c4,0,0,1,1,4,9,5,null_q035,0.35,512,native_all_z,0.72967688,0.731475830078125,0.0017989500781250278,0.03036120008653406,0.03021962740432098
ZZ_d0_r2_c0,0,0,1,2,0,10,11,null_q035,0.35,512,native_all_z,0.72967688,0.7330169677734375,0.003340087773437528,0.03175070026483046,0.03021962740432098
ZZ_d0_r2_c1,0,0,1,2,1,11,12,null_q035,0.35,512,native_all_z,0.72967688,0.7329254150390625,0.003248535039062528,0.030201286442480192,0.03021962740432098
ZZ_d0_r2_c2,0,0,1,2,2,12,13,null_q035,0.35,512,native_all_z,0.72967688,0.73004150390625,0.00036462390625002783,0.029664008273196193,0.03021962740432098
ZZ_d0_r2_c3,0,0,1,2,3,13,14,null_q035,0.35,512,native_all_z,0.72967688,0.7324371337890625,0.002760253789062528,0.03044798874235482,0.03021962740432098
ZZ_d0_r2_c4,0,0,1,2,4,14,10,null_q035,0.35,512,native_all_z,0.72967688,0.7287750244140625,-0.0009018555859374722,0.03141219650575843,0.03021962740432098
ZZ_d0_r3_c0,0,0,1,3,0,15,16,null_q035,0.35,512,native_all_z,0.72967688,0.73052978515625,0.0008529051562500278,0.028990239004033115,0.03021962740432098
ZZ_d0_r3_c1,0,0,1,3,1,16,17,null_q035,0.35,512,native_all_z,0.72967688,0.729278564453125,-0.00039831554687497217,0.029842030908909103,0.03021962740432098
ZZ_d0_r3_c2,0,0,1,3,2,17,18,null_q035,0.35,512,native_all_z,0.72967688,0.7289886474609375,-0.0006882325390624722,0.029715226785316788,0.03021962740432098
ZZ_d0_r3_c3,0,0,1,3,3,18,19,null_q035,0.35,512,native_all_z,0.72967688,0.7259979248046875,-0.003678955195312472,0.031744597402634474,0.03021962740432098
ZZ_d0_r3_c4,0,0,1,3,4,19,15,null_q035,0.35,512,native_all_z,0.72967688,0.728759765625,-0.0009171143749999722,0.029171598297114756,0.03021962740432098
ZZ_d0_r4_c0,0,0,1,4,0,20,21,null_q035,0.35,512,native_all_z,0.72967688,0.729278564453125,-0.00039831554687497217,0.028633122429533836,0.03021962740432098
ZZ_d0_r4_c1,0,0,1,4,1,21,22,null_q035,0.35,512,native_all_z,0.72967688,0.72662353515625,-0.003053344843749972,0.030930169955960707,0.03021962740432098
ZZ_d0_r4_c2,0,0,1,4,2,22,23,null_q035,0.35,512,native_all_z,0.72967688,0.728546142578125,-0.0011307374218749722,0.032007045599508385,0.03021962740432098
ZZ_d0_r4_c3,0,0,1,4,3,23,24,null_q035,0.35,512,native_all_z,0.72967688,0.732574462890625,0.002897582890625028,0.02909114641598229,0.03021962740432098
ZZ_d0_r4_c4,0,0,1,4,4,24,20,null_q035,0.35,512,native_all_z,0.72967688,0.729705810546875,2.893054687502783e-05,0.030553931879339684,0.03021962740432098
ZZ_d1_r0_c0,1,1,0,0,0,0,5,null_q035,0.35,512,native_all_z,0.72967688,0.7341461181640625,0.004469238164062528,0.030490447620182267,0.03021962740432098
ZZ_d1_r0_c1,1,1,0,0,1,1,6,null_q035,0.35,512,native_all_z,0.72967688,0.7261810302734375,-0.003495849726562472,0.032847206623899394,0.03021962740432098
ZZ_d1_r0_c2,1,1,0,0,2,2,7,null_q035,0.35,512,native_all_z,0.72967688,0.7288970947265625,-0.0007797852734374722,0.027469628894810874,0.03021962740432098
ZZ_d1_r0_c3,1,1,0,0,3,3,8,null_q035,0.35,512,native_all_z,0.72967688,0.727813720703125,-0.0018631592968749722,0.027151219259304384,0.03021962740432098
ZZ_d1_r0_c4,1,1,0,0,4,4,9,null_q035,0.35,512,native_all_z,0.72967688,0.7278289794921875,-0.0018479005078124722,0.02839112956430209,0.03021962740432098
ZZ_d1_r1_c0,1,1,0,1,0,5,10,null_q035,0.35,512,native_all_z,0.72967688,0.730743408203125,0.0010665282031250278,0.03190481601808231,0.03021962740432098
ZZ_d1_r1_c1,1,1,0,1,1,6,11,null_q035,0.35,512,native_all_z,0.72967688,0.734130859375,0.004453979375000028,0.032388753196280894,0.03021962740432098
ZZ_d1_r1_c2,1,1,0,1,2,7,12,null_q035,0.35,512,native_all_z,0.72967688,0.7322998046875,0.002622924687500028,0.029359037223704344,0.03021962740432098
ZZ_d1_r1_c3,1,1,0,1,3,8,13,null_q035,0.35,512,native_all_z,0.72967688,0.72735595703125,-0.002320922968749972,0.029180484797988366,0.03021962740432098
ZZ_d1_r1_c4,1,1,0,1,4,9,14,null_q035,0.35,512,native_all_z,0.72967688,0.7296600341796875,-1.684582031247217e-05,0.030542013756971416,0.03021962740432098
ZZ_d1_r2_c0,1,1,0,2,0,10,15,null_q035,0.35,512,native_all_z,0.72967688,0.729949951171875,0.00027307117187502783,0.029775884883729432,0.03021962740432098
ZZ_d1_r2_c1,1,1,0,2,1,11,16,null_q035,0.35,512,native_all_z,0.72967688,0.7317657470703125,0.002088867070312528,0.029495564927014814,0.03021962740432098
ZZ_d1_r2_c2,1,1,0,2,2,12,17,null_q035,0.35,512,native_all_z,0.72967688,0.7322998046875,0.002622924687500028,0.029044704097512104,0.03021962740432098
ZZ_d1_r2_c3,1,1,0,2,3,13,18,null_q035,0.35,512,native_all_z,0.72967688,0.7270355224609375,-0.002641357539062472,0.028124212534939106,0.03021962740432098
ZZ_d1_r2_c4,1,1,0,2,4,14,19,null_q035,0.35,512,native_all_z,0.72967688,0.7294158935546875,-0.00026098644531247217,0.03075934032706056,0.03021962740432098
ZZ_d1_r3_c0,1,1,0,3,0,15,20,null_q035,0.35,512,native_all_z,0.72967688,0.733001708984375,0.003324828984375028,0.029974486811463037,0.03021962740432098
ZZ_d1_r3_c1,1,1,0,3,1,16,21,null_q035,0.35,512,native_all_z,0.72967688,0.7288818359375,-0.0007950440624999722,0.02981951103240369,0.03021962740432098
ZZ_d1_r3_c2,1,1,0,3,2,17,22,null_q035,0.35,512,native_all_z,0.72967688,0.728515625,-0.0011612549999999722,0.03274455009936299,0.03021962740432098
ZZ_d1_r3_c3,1,1,0,3,3,18,23,null_q035,0.35,512,native_all_z,0.72967688,0.7295074462890625,-0.00016943371093747217,0.029274464217299286,0.03021962740432098
ZZ_d1_r3_c4,1,1,0,3,4,19,24,null_q035,0.35,512,native_all_z,0.72967688,0.72711181640625,-0.002565063593749972,0.03134077625519272,0.03021962740432098
ZZ_d1_r4_c0,1,1,0,4,0,20,0,null_q035,0.35,512,native_all_z,0.72967688,0.7307891845703125,0.0011123045703125278,0.03323007228402373,0.03021962740432098
ZZ_d1_r4_c1,1,1,0,4,1,21,1,null_q035,0.35,512,native_all_z,0.72967688,0.7237548828125,-0.005921997187499972,0.03313855147319253,0.03021962740432098
ZZ_d1_r4_c2,1,1,0,4,2,22,2,null_q035,0.35,512,native_all_z,0.72967688,0.7279205322265625,-0.0017563477734374722,0.030053911481849795,0.03021962740432098
ZZ_d1_r4_c3,1,1,0,4,3,23,3,null_q035,0.35,512,native_all_z,0.72967688,0.72772216796875,-0.001954712031249972,0.033213482800659916,0.03021962740432098
ZZ_d1_r4_c4,1,1,0,4,4,24,4,null_q035,0.35,512,native_all_z,0.72967688,0.7270050048828125,-0.002671875117187472,0.027603534944648043,0.03021962740432098
ZZ_d2_r0_c0,2,0,2,0,0,0,2,null_q035,0.35,512,native_all_z,0.7158927199999999,0.71649169921875,0.0005989792187500731,0.031139614423977478,0.030856827060984214
ZZ_d2_r0_c1,2,0,2,0,1,1,3,null_q035,0.35,512,native_all_z,0.7158927199999999,0.711273193359375,-0.004619526640624896,0.030103772221715244,0.030856827060984214
ZZ_d2_r0_c2,2,0,2,0,2,2,4,null_q035,0.35,512,native_all_z,0.7158927199999999,0.713104248046875,-0.002788471953124927,0.030463513526171593,0.030856827060984214
ZZ_d2_r0_c3,2,0,2,0,3,3,0,null_q035,0.35,512,native_all_z,0.7158927199999999,0.7179412841796875,0.002048564179687573,0.029512183743947765,0.030856827060984214
ZZ_d2_r0_c4,2,0,2,0,4,4,1,null_q035,0.35,512,native_all_z,0.7158927199999999,0.7103424072265625,-0.005550312773437408,0.031547935296200175,0.030856827060984214
ZZ_d2_r1_c0,2,0,2,1,0,5,7,null_q035,0.35,512,native_all_z,0.7158927199999999,0.718109130859375,0.002216410859375073,0.030233568150560913,0.030856827060984214
ZZ_d2_r1_c1,2,0,2,1,1,6,8,null_q035,0.35,512,native_all_z,0.7158927199999999,0.7165679931640625,0.0006752731640625731,0.02964552009412193,0.030856827060984214
ZZ_d2_r1_c2,2,0,2,1,2,7,9,null_q035,0.35,512,native_all_z,0.7158927199999999,0.71600341796875,0.0001106979687500731,0.031004555106711316,0.030856827060984214
ZZ_d2_r1_c3,2,0,2,1,3,8,5,null_q035,0.35,512,native_all_z,0.7158927199999999,0.716766357421875,0.0008736374218750731,0.030443062793562587,0.030856827060984214
ZZ_d2_r1_c4,2,0,2,1,4,9,6,null_q035,0.35,512,native_all_z,0.7158927199999999,0.7159271240234375,3.4404023437573095e-05,0.03132746484292151,0.030856827060984214
ZZ_d2_r2_c0,2,0,2,2,0,10,12,null_q035,0.35,512,native_all_z,0.7158927199999999,0.717254638671875,0.001361918671875073,0.033143475195673906,0.030856827060984214
ZZ_d2_r2_c1,2,0,2,2,1,11,13,null_q035,0.35,512,native_all_z,0.7158927199999999,0.7198944091796875,0.004001689179687578,0.031119732726540256,0.030856827060984214
ZZ_d2_r2_c2,2,0,2,2,2,12,14,null_q035,0.35,512,native_all_z,0.7158927199999999,0.7165679931640625,0.0006752731640625731,0.030080633084645314,0.030856827060984214
ZZ_d2_r2_c3,2,0,2,2,3,13,10,null_q035,0.35,512,native_all_z,0.7158927199999999,0.7159423828125,4.9662812500073095e-05,0.03273286818652123,0.030856827060984214
ZZ_d2_r2_c4,2,0,2,2,4,14,11,null_q035,0.35,512,native_all_z,0.7158927199999999,0.71875,0.002857280000000073,0.03313031461068533,0.030856827060984214
ZZ_d2_r3_c0,2,0,2,3,0,15,17,null_q035,0.35,512,native_all_z,0.7158927199999999,0.714935302734375,-0.0009574172656249269,0.03100608830258969,0.030856827060984214
ZZ_d2_r3_c1,2,0,2,3,1,16,18,null_q035,0.35,512,native_all_z,0.7158927199999999,0.7133026123046875,-0.002590107695312427,0.03232232397325179,0.030856827060984214
ZZ_d2_r3_c2,2,0,2,3,2,17,19,null_q035,0.35,512,native_all_z,0.7158927199999999,0.714019775390625,-0.001872944609374927,0.031739654541241086,0.030856827060984214
ZZ_d2_r3_c3,2,0,2,3,3,18,15,null_q035,0.35,512,native_all_z,0.7158927199999999,0.7156829833984375,-0.0002097366015624269,0.031515823460202014,0.030856827060984214
ZZ_d2_r3_c4,2,0,2,3,4,19,16,null_q035,0.35,512,native_all_z,0.7158927199999999,0.71099853515625,-0.004894184843749904,0.03150057743939765,0.030856827060984214
ZZ_d2_r4_c0,2,0,2,4,0,20,22,null_q035,0.35,512,native_all_z,0.7158927199999999,0.7154541015625,-0.0004386184374999269,0.03190403093446877,0.030856827060984214
ZZ_d2_r4_c1,2,0,2,4,1,21,23,null_q035,0.35,512,native_all_z,0.7158927199999999,0.716949462890625,0.001056742890625073,0.032041394171881656,0.030856827060984214
ZZ_d2_r4_c2,2,0,2,4,2,22,24,null_q035,0.35,512,native_all_z,0.7158927199999999,0.7156982421875,-0.0001944778124999269,0.03035443162696922,0.030856827060984214
ZZ_d2_r4_c3,2,0,2,4,3,23,20,null_q035,0.35,512,native_all_z,0.7158927199999999,0.716156005859375,0.0002632858593750731,0.030242187478596635,0.030856827060984214
ZZ_d2_r4_c4,2,0,2,4,4,24,21,null_q035,0.35,512,native_all_z,0.7158927199999999,0.715789794921875,-0.0001029250781249269,0.02971820458719024,0.030856827060984214
ZZ_d3_r0_c0,3,2,0,0,0,0,10,null_q035,0.35,512,native_all_z,0.7158927199999999,0.7165069580078125,0.0006142380078125731,0.030556537330831503,0.030856827060984214
ZZ_d3_r0_c1,3,2,0,0,1,1,11,null_q035,0.35,512,native_all_z,0.7158927199999999,0.7169342041015625,0.001041484101562573,0.03466958627942136,0.030856827060984214
ZZ_d3_r0_c2,3,2,0,0,2,2,12,null_q035,0.35,512,native_all_z,0.7158927199999999,0.7181854248046875,0.002292704804687573,0.028259044487643263,0.030856827060984214
ZZ_d3_r0_c3,3,2,0,0,3,3,13,null_q035,0.35,512,native_all_z,0.7158927199999999,0.7147216796875,-0.001171040312499927,0.03011626482433688,0.030856827060984214
ZZ_d3_r0_c4,3,2,0,0,4,4,14,null_q035,0.35,512,native_all_z,0.7158927199999999,0.7147216796875,-0.001171040312499927,0.030947900806326492,0.030856827060984214
ZZ_d3_r1_c0,3,2,0,1,0,5,15,null_q035,0.35,512,native_all_z,0.7158927199999999,0.717010498046875,0.001117778046875073,0.030440524104204152,0.030856827060984214
ZZ_d3_r1_c1,3,2,0,1,1,6,16,null_q035,0.35,512,native_all_z,0.7158927199999999,0.7173309326171875,0.001438212617187573,0.03107203139034005,0.030856827060984214
ZZ_d3_r1_c2,3,2,0,1,2,7,17,null_q035,0.35,512,native_all_z,0.7158927199999999,0.714813232421875,-0.001079487578124927,0.03155703842442236,0.030856827060984214
ZZ_d3_r1_c3,3,2,0,1,3,8,18,null_q035,0.35,512,native_all_z,0.7158927199999999,0.7127227783203125,-0.0031699416796874265,0.027926223333341778,0.030856827060984214
ZZ_d3_r1_c4,3,2,0,1,4,9,19,null_q035,0.35,512,native_all_z,0.7158927199999999,0.71417236328125,-0.001720356718749927,0.033772769422345895,0.030856827060984214
ZZ_d3_r2_c0,3,2,0,2,0,10,20,null_q035,0.35,512,native_all_z,0.7158927199999999,0.71612548828125,0.0002327682812500731,0.03072812769022924,0.030856827060984214
ZZ_d3_r2_c1,3,2,0,2,1,11,21,null_q035,0.35,512,native_all_z,0.7158927199999999,0.7176055908203125,0.001712870820312573,0.03453209307360407,0.030856827060984214
ZZ_d3_r2_c2,3,2,0,2,2,12,22,null_q035,0.35,512,native_all_z,0.7158927199999999,0.715545654296875,-0.0003470657031249269,0.031023881392597766,0.030856827060984214
ZZ_d3_r2_c3,3,2,0,2,3,13,23,null_q035,0.35,512,native_all_z,0.7158927199999999,0.716796875,0.0009041550000000731,0.03197190468419295,0.030856827060984214
ZZ_d3_r2_c4,3,2,0,2,4,14,24,null_q035,0.35,512,native_all_z,0.7158927199999999,0.7170257568359375,0.001133036835937573,0.033135431933867344,0.030856827060984214
ZZ_d3_r3_c0,3,2,0,3,0,15,0,null_q035,0.35,512,native_all_z,0.7158927199999999,0.7197723388671875,0.003879618867187596,0.03401360506273027,0.030856827060984214
ZZ_d3_r3_c1,3,2,0,3,1,16,1,null_q035,0.35,512,native_all_z,0.7158927199999999,0.71087646484375,-0.005016255156249915,0.03197039848071164,0.030856827060984214
ZZ_d3_r3_c2,3,2,0,3,2,17,2,null_q035,0.35,512,native_all_z,0.7158927199999999,0.7151031494140625,-0.0007895705859374269,0.030080196135358096,0.030856827060984214
ZZ_d3_r3_c3,3,2,0,3,3,18,3,null_q035,0.35,512,native_all_z,0.7158927199999999,0.7129669189453125,-0.002925801054687427,0.029942352761753506,0.030856827060984214
ZZ_d3_r3_c4,3,2,0,3,4,19,4,null_q035,0.35,512,native_all_z,0.7158927199999999,0.7138214111328125,-0.002071308867187427,0.03355974159431299,0.030856827060984214
ZZ_d3_r4_c0,3,2,0,4,0,20,5,null_q035,0.35,512,native_all_z,0.7158927199999999,0.718841552734375,0.002948832734375073,0.03253740393693744,0.030856827060984214
ZZ_d3_r4_c1,3,2,0,4,1,21,6,null_q035,0.35,512,native_all_z,0.7158927199999999,0.7171783447265625,0.001285624726562573,0.033100002587346355,0.030856827060984214
ZZ_d3_r4_c2,3,2,0,4,2,22,7,null_q035,0.35,512,native_all_z,0.7158927199999999,0.716766357421875,0.0008736374218750731,0.032735597734835906,0.030856827060984214
ZZ_d3_r4_c3,3,2,0,4,3,23,8,null_q035,0.35,512,native_all_z,0.7158927199999999,0.716217041015625,0.0003243210156250731,0.031171819234354275,0.030856827060984214
ZZ_d3_r4_c4,3,2,0,4,4,24,9,null_q035,0.35,512,native_all_z,0.7158927199999999,0.71514892578125,-0.0007437942187499269,0.031702315067307266,0.030856827060984214
ZZ_d0_r0_c0,0,0,1,0,0,0,1,null_q035,0.35,512,local_pauli_shadow,0.72967688,0.7439804077148438,0.014303527714843778,0.12903017621651533,0.12860103374567403
ZZ_d0_r0_c1,0,0,1,0,1,1,2,null_q035,0.35,512,local_pauli_shadow,0.72967688,0.7354660034179688,0.005789123417968778,0.1306412546755487,0.12860103374567403
ZZ_d0_r0_c2,0,0,1,0,2,2,3,null_q035,0.35,512,local_pauli_shadow,0.72967688,0.7343673706054688,0.004690490605468778,0.1357002159503148,0.12860103374567403
ZZ_d0_r0_c3,0,0,1,0,3,3,4,null_q035,0.35,512,local_pauli_shadow,0.72967688,0.7208404541015625,-0.008836425898437472,0.12628389216717179,0.12860103374567403
ZZ_d0_r0_c4,0,0,1,0,4,4,0,null_q035,0.35,512,local_pauli_shadow,0.72967688,0.7271575927734375,-0.002519287226562472,0.11922440390839191,0.12860103374567403
ZZ_d0_r1_c0,0,0,1,1,0,5,6,null_q035,0.35,512,local_pauli_shadow,0.72967688,0.72674560546875,-0.002931274531249972,0.1348988178464044,0.12860103374567403
ZZ_d0_r1_c1,0,0,1,1,1,6,7,null_q035,0.35,512,local_pauli_shadow,0.72967688,0.7412338256835938,0.011556945683593813,0.12072187516412161,0.12860103374567403
ZZ_d0_r1_c2,0,0,1,1,2,7,8,null_q035,0.35,512,local_pauli_shadow,0.72967688,0.7405471801757812,0.010870300175781278,0.1270460667053153,0.12860103374567403
ZZ_d0_r1_c3,0,0,1,1,3,8,9,null_q035,0.35,512,local_pauli_shadow,0.72967688,0.7327194213867188,0.003042541386718778,0.12643846445840956,0.12860103374567403
ZZ_d0_r1_c4,0,0,1,1,4,9,5,null_q035,0.35,512,local_pauli_shadow,0.72967688,0.7323760986328125,0.002699218632812528,0.12918700652107515,0.12860103374567403
ZZ_d0_r2_c0,0,0,1,2,0,10,11,null_q035,0.35,512,local_pauli_shadow,0.72967688,0.7264022827148438,-0.003274597285156222,0.13173049014917423,0.12860103374567403
ZZ_d0_r2_c1,0,0,1,2,1,11,12,null_q035,0.35,512,local_pauli_shadow,0.72967688,0.7142486572265625,-0.015428222773437469,0.13321435165983653,0.12860103374567403
ZZ_d0_r2_c2,0,0,1,2,2,12,13,null_q035,0.35,512,local_pauli_shadow,0.72967688,0.7284622192382812,-0.0012146607617187222,0.13393565707774013,0.12860103374567403
ZZ_d0_r2_c3,0,0,1,2,3,13,14,null_q035,0.35,512,local_pauli_shadow,0.72967688,0.7186431884765625,-0.011033691523437472,0.129635638765391,0.12860103374567403
ZZ_d0_r2_c4,0,0,1,2,4,14,10,null_q035,0.35,512,local_pauli_shadow,0.72967688,0.7284622192382812,-0.0012146607617187222,0.1423666350177604,0.12860103374567403
ZZ_d0_r3_c0,0,0,1,3,0,15,16,null_q035,0.35,512,local_pauli_shadow,0.72967688,0.7503662109375,0.02068933093750014,0.1322730183010109,0.12860103374567403
ZZ_d0_r3_c1,0,0,1,3,1,16,17,null_q035,0.35,512,local_pauli_shadow,0.72967688,0.7291488647460938,-0.0005280152539062222,0.13602712898106561,0.12860103374567403
ZZ_d0_r3_c2,0,0,1,3,2,17,18,null_q035,0.35,512,local_pauli_shadow,0.72967688,0.71905517578125,-0.010621704218749972,0.12180078963472811,0.12860103374567403
ZZ_d0_r3_c3,0,0,1,3,3,18,19,null_q035,0.35,512,local_pauli_shadow,0.72967688,0.7128067016601562,-0.0168701783398437,0.12358097874943821,0.12860103374567403
ZZ_d0_r3_c4,0,0,1,3,4,19,15,null_q035,0.35,512,local_pauli_shadow,0.72967688,0.7292861938476562,-0.00039068615234372217,0.13783394594499918,0.12860103374567403
ZZ_d0_r4_c0,0,0,1,4,0,20,21,null_q035,0.35,512,local_pauli_shadow,0.72967688,0.7294235229492188,-0.00025335705078122217,0.13346489337566542,0.12860103374567403
ZZ_d0_r4_c1,0,0,1,4,1,21,22,null_q035,0.35,512,local_pauli_shadow,0.72967688,0.7334747314453125,0.003797851445312528,0.12407650545776464,0.12860103374567403
ZZ_d0_r4_c2,0,0,1,4,2,22,23,null_q035,0.35,512,local_pauli_shadow,0.72967688,0.7351226806640625,0.005445800664062528,0.1340975978027082,0.12860103374567403
ZZ_d0_r4_c3,0,0,1,4,3,23,24,null_q035,0.35,512,local_pauli_shadow,0.72967688,0.7239303588867188,-0.005746521113281222,0.12755373167260478,0.12860103374567403
ZZ_d0_r4_c4,0,0,1,4,4,24,20,null_q035,0.35,512,local_pauli_shadow,0.72967688,0.7249603271484375,-0.004716552851562472,0.12554933892683706,0.12860103374567403
ZZ_d1_r0_c0,1,1,0,0,0,0,5,null_q035,0.35,512,local_pauli_shadow,0.72967688,0.7427444458007812,0.013067565800781278,0.1263378656932935,0.12860103374567403
ZZ_d1_r0_c1,1,1,0,0,1,1,6,null_q035,0.35,512,local_pauli_shadow,0.72967688,0.7216644287109375,-0.008012451289062472,0.12612966838620618,0.12860103374567403
ZZ_d1_r0_c2,1,1,0,0,2,2,7,null_q035,0.35,512,local_pauli_shadow,0.72967688,0.7408218383789062,0.011144958378906278,0.13215854525882723,0.12860103374567403
ZZ_d1_r0_c3,1,1,0,0,3,3,8,null_q035,0.35,512,local_pauli_shadow,0.72967688,0.7202224731445312,-0.009454406855468722,0.13150990480212787,0.12860103374567403
ZZ_d1_r0_c4,1,1,0,0,4,4,9,null_q035,0.35,512,local_pauli_shadow,0.72967688,0.7277755737304688,-0.0019013062695312222,0.13142584659836729,0.12860103374567403
ZZ_d1_r1_c0,1,1,0,1,0,5,10,null_q035,0.35,512,local_pauli_shadow,0.72967688,0.7332000732421875,0.003523193242187528,0.13579960846904543,0.12860103374567403
ZZ_d1_r1_c1,1,1,0,1,1,6,11,null_q035,0.35,512,local_pauli_shadow,0.72967688,0.73443603515625,0.004759155156250028,0.13256868175343162,0.12860103374567403
ZZ_d1_r1_c2,1,1,0,1,2,7,12,null_q035,0.35,512,local_pauli_shadow,0.72967688,0.7356719970703125,0.005995117070312528,0.12915426138572345,0.12860103374567403
ZZ_d1_r1_c3,1,1,0,1,3,8,13,null_q035,0.35,512,local_pauli_shadow,0.72967688,0.7327194213867188,0.003042541386718778,0.1265434279757267,0.12860103374567403
ZZ_d1_r1_c4,1,1,0,1,4,9,14,null_q035,0.35,512,local_pauli_shadow,0.72967688,0.7255783081054688,-0.004098571894531222,0.13079372925043325,0.12860103374567403
ZZ_d1_r2_c0,1,1,0,2,0,10,15,null_q035,0.35,512,local_pauli_shadow,0.72967688,0.7248916625976562,-0.004785217402343722,0.12691675290850127,0.12860103374567403
ZZ_d1_r2_c1,1,1,0,2,1,11,16,null_q035,0.35,512,local_pauli_shadow,0.72967688,0.73114013671875,0.0014632567187500278,0.11934977687784082,0.12860103374567403
ZZ_d1_r2_c2,1,1,0,2,2,12,17,null_q035,0.35,512,local_pauli_shadow,0.72967688,0.7291488647460938,-0.0005280152539062222,0.13014108318756495,0.12860103374567403
ZZ_d1_r2_c3,1,1,0,2,3,13,18,null_q035,0.35,512,local_pauli_shadow,0.72967688,0.72674560546875,-0.002931274531249972,0.12802192765076736,0.12860103374567403
ZZ_d1_r2_c4,1,1,0,2,4,14,19,null_q035,0.35,512,local_pauli_shadow,0.72967688,0.7185745239257812,-0.011102356074218722,0.12448711838700993,0.12860103374567403
ZZ_d1_r3_c0,1,1,0,3,0,15,20,null_q035,0.35,512,local_pauli_shadow,0.72967688,0.7323760986328125,0.002699218632812528,0.12958813272345837,0.12860103374567403
ZZ_d1_r3_c1,1,1,0,3,1,16,21,null_q035,0.35,512,local_pauli_shadow,0.72967688,0.7343673706054688,0.004690490605468778,0.12345101959820626,0.12860103374567403
ZZ_d1_r3_c2,1,1,0,3,2,17,22,null_q035,0.35,512,local_pauli_shadow,0.72967688,0.739654541015625,0.009977661015625028,0.12908312912732908,0.12860103374567403
ZZ_d1_r3_c3,1,1,0,3,3,18,23,null_q035,0.35,512,local_pauli_shadow,0.72967688,0.7294921875,-0.00018469249999997217,0.13485926203898702,0.12860103374567403
ZZ_d1_r3_c4,1,1,0,3,4,19,24,null_q035,0.35,512,local_pauli_shadow,0.72967688,0.7252349853515625,-0.004441894648437472,0.12696379519819467,0.12860103374567403
ZZ_d1_r4_c0,1,1,0,4,0,20,0,null_q035,0.35,512,local_pauli_shadow,0.72967688,0.7314834594726562,0.0018065794726562778,0.13393149083028238,0.12860103374567403
ZZ_d1_r4_c1,1,1,0,4,1,21,1,null_q035,0.35,512,local_pauli_shadow,0.72967688,0.721527099609375,-0.008149780390624972,0.12784076749979684,0.12860103374567403
ZZ_d1_r4_c2,1,1,0,4,2,22,2,null_q035,0.35,512,local_pauli_shadow,0.72967688,0.7323074340820312,0.002630554082031278,0.1284374905098163,0.12860103374567403
ZZ_d1_r4_c3,1,1,0,4,3,23,3,null_q035,0.35,512,local_pauli_shadow,0.72967688,0.7408218383789062,0.011144958378906278,0.12378311532768649,0.12860103374567403
ZZ_d1_r4_c4,1,1,0,4,4,24,4,null_q035,0.35,512,local_pauli_shadow,0.72967688,0.7203598022460938,-0.009317077753906222,0.1301813736500905,0.12860103374567403
ZZ_d2_r0_c0,2,0,2,0,0,0,2,null_q035,0.35,512,local_pauli_shadow,0.7158927199999999,0.7235870361328125,0.007694316132812604,0.1329307518863131,0.1287522573637895
ZZ_d2_r0_c1,2,0,2,0,1,1,3,null_q035,0.35,512,local_pauli_shadow,0.7158927199999999,0.7239990234375,0.00810630343750015,0.12687873821326004,0.1287522573637895
ZZ_d2_r0_c2,2,0,2,0,2,2,4,null_q035,0.35,512,local_pauli_shadow,0.7158927199999999,0.709442138671875,-0.006450581328124835,0.13982195643321238,0.1287522573637895
ZZ_d2_r0_c3,2,0,2,0,3,3,0,null_q035,0.35,512,local_pauli_shadow,0.7158927199999999,0.7257843017578125,0.009891581757812608,0.1383827051789847,0.1287522573637895
ZZ_d2_r0_c4,2,0,2,0,4,4,1,null_q035,0.35,512,local_pauli_shadow,0.7158927199999999,0.7172698974609375,0.001377177460937594,0.12550313923896167,0.1287522573637895
ZZ_d2_r1_c0,2,0,2,1,0,5,7,null_q035,0.35,512,local_pauli_shadow,0.7158927199999999,0.7334060668945312,0.017513346894531392,0.12873907212823404,0.1287522573637895
ZZ_d2_r1_c1,2,0,2,1,1,6,8,null_q035,0.35,512,local_pauli_shadow,0.7158927199999999,0.7293548583984375,0.013462138398437634,0.12247727682782437,0.1287522573637895
ZZ_d2_r1_c2,2,0,2,1,2,7,9,null_q035,0.35,512,local_pauli_shadow,0.7158927199999999,0.7283248901367188,0.012432170136718905,0.12986622340033294,0.1287522573637895
ZZ_d2_r1_c3,2,0,2,1,3,8,5,null_q035,0.35,512,local_pauli_shadow,0.7158927199999999,0.7151412963867188,-0.0007514236132811596,0.12712771519450766,0.1287522573637895
ZZ_d2_r1_c4,2,0,2,1,4,9,6,null_q035,0.35,512,local_pauli_shadow,0.7158927199999999,0.7095794677734375,-0.006313252226562408,0.1295665247205386,0.1287522573637895
ZZ_d2_r2_c0,2,0,2,2,0,10,12,null_q035,0.35,512,local_pauli_shadow,0.7158927199999999,0.7148666381835938,-0.0010260818164061483,0.12729760135345558,0.1287522573637895
ZZ_d2_r2_c1,2,0,2,2,1,11,13,null_q035,0.35,512,local_pauli_shadow,0.7158927199999999,0.7104721069335938,-0.0054206130664061596,0.12847251329467824,0.1287522573637895
ZZ_d2_r2_c2,2,0,2,2,2,12,14,null_q035,0.35,512,local_pauli_shadow,0.7158927199999999,0.7008590698242188,-0.015033650175781154,0.13052940048154088,0.1287522573637895
ZZ_d2_r2_c3,2,0,2,2,3,13,10,null_q035,0.35,512,local_pauli_shadow,0.7158927199999999,0.7073135375976562,-0.008579182402343587,0.12160354018501872,0.1287522573637895
ZZ_d2_r2_c4,2,0,2,2,4,14,11,null_q035,0.35,512,local_pauli_shadow,0.7158927199999999,0.7191238403320312,0.003231120332031372,0.11766959190301511,0.1287522573637895
ZZ_d2_r3_c0,2,0,2,3,0,15,17,null_q035,0.35,512,local_pauli_shadow,0.7158927199999999,0.7327194213867188,0.016826701386718764,0.13913199799314627,0.1287522573637895
ZZ_d2_r3_c1,2,0,2,3,1,16,18,null_q035,0.35,512,local_pauli_shadow,0.7158927199999999,0.7131500244140625,-0.002742695585937396,0.13187697740680446,0.1287522573637895
ZZ_d2_r3_c2,2,0,2,3,2,17,19,null_q035,0.35,512,local_pauli_shadow,0.7158927199999999,0.7092361450195312,-0.006656574980468651,0.11384915945056323,0.1287522573637895
ZZ_d2_r3_c3,2,0,2,3,3,18,15,null_q035,0.35,512,local_pauli_shadow,0.7158927199999999,0.7121200561523438,-0.0037726638476561236,0.1345803085347456,0.1287522573637895
ZZ_d2_r3_c4,2,0,2,3,4,19,16,null_q035,0.35,512,local_pauli_shadow,0.7158927199999999,0.7233123779296875,0.00741965792968763,0.128347256482321,0.1287522573637895
ZZ_d2_r4_c0,2,0,2,4,0,20,22,null_q035,0.35,512,local_pauli_shadow,0.7158927199999999,0.7238616943359375,0.007968974335937663,0.12343054418137508,0.1287522573637895
ZZ_d2_r4_c1,2,0,2,4,1,21,23,null_q035,0.35,512,local_pauli_shadow,0.7158927199999999,0.7115020751953125,-0.0043906448046873905,0.12448935621732404,0.1287522573637895
ZZ_d2_r4_c2,2,0,2,4,2,22,24,null_q035,0.35,512,local_pauli_shadow,0.7158927199999999,0.7188491821289062,0.002956462128906348,0.1335794472519789,0.1287522573637895
ZZ_d2_r4_c3,2,0,2,4,3,23,20,null_q035,0.35,512,local_pauli_shadow,0.7158927199999999,0.7227630615234375,0.006870341523437663,0.12486575067887459,0.1287522573637895
ZZ_d2_r4_c4,2,0,2,4,4,24,21,null_q035,0.35,512,local_pauli_shadow,0.7158927199999999,0.7148666381835938,-0.0010260818164061721,0.12245518063980891,0.1287522573637895
ZZ_d3_r0_c0,3,2,0,0,0,0,10,null_q035,0.35,512,local_pauli_shadow,0.7158927199999999,0.7210464477539062,0.005153727753906332,0.13045036747911945,0.1287522573637895
ZZ_d3_r0_c1,3,2,0,0,1,1,11,null_q035,0.35,512,local_pauli_shadow,0.7158927199999999,0.727294921875,0.011402201875000142,0.1309527640299801,0.1287522573637895
ZZ_d3_r0_c2,3,2,0,0,2,2,12,null_q035,0.35,512,local_pauli_shadow,0.7158927199999999,0.7040863037109375,-0.011806416289062349,0.13120601844039417,0.1287522573637895
ZZ_d3_r0_c3,3,2,0,0,3,3,13,null_q035,0.35,512,local_pauli_shadow,0.7158927199999999,0.7128067016601562,-0.0030860183398436656,0.14057877306515007,0.1287522573637895
ZZ_d3_r0_c4,3,2,0,0,4,4,14,null_q035,0.35,512,local_pauli_shadow,0.7158927199999999,0.7000350952148438,-0.015857624785156135,0.1280528492506012,0.1287522573637895
ZZ_d3_r1_c0,3,2,0,1,0,5,15,null_q035,0.35,512,local_pauli_shadow,0.7158927199999999,0.7285995483398438,0.012706828339843884,0.13160278945318302,0.1287522573637895
ZZ_d3_r1_c1,3,2,0,1,1,6,16,null_q035,0.35,512,local_pauli_shadow,0.7158927199999999,0.7206344604492188,0.004741740449218871,0.12834563251803374,0.1287522573637895
ZZ_d3_r1_c2,3,2,0,1,2,7,17,null_q035,0.35,512,local_pauli_shadow,0.7158927199999999,0.717681884765625,0.001789164765625073,0.12534572120488904,0.1287522573637895
ZZ_d3_r1_c3,3,2,0,1,3,8,18,null_q035,0.35,512,local_pauli_shadow,0.7158927199999999,0.713287353515625,-0.0026053664843749234,0.1241798296765538,0.1287522573637895
ZZ_d3_r1_c4,3,2,0,1,4,9,19,null_q035,0.35,512,local_pauli_shadow,0.7158927199999999,0.7128753662109375,-0.0030173537890624265,0.11845267945396423,0.1287522573637895
ZZ_d3_r2_c0,3,2,0,2,0,10,20,null_q035,0.35,512,local_pauli_shadow,0.7158927199999999,0.7036056518554688,-0.012287068144531114,0.12672856694039733,0.1287522573637895
ZZ_d3_r2_c1,3,2,0,2,1,11,21,null_q035,0.35,512,local_pauli_shadow,0.7158927199999999,0.7055282592773438,-0.010364460722656127,0.11736985157735547,0.1287522573637895
ZZ_d3_r2_c2,3,2,0,2,2,12,22,null_q035,0.35,512,local_pauli_shadow,0.7158927199999999,0.7182998657226562,0.0024071457226563695,0.12716177913590265,0.1287522573637895
ZZ_d3_r2_c3,3,2,0,2,3,13,23,null_q035,0.35,512,local_pauli_shadow,0.7158927199999999,0.7192611694335938,0.0033684494335938253,0.1382998412140404,0.1287522573637895
ZZ_d3_r2_c4,3,2,0,2,4,14,24,null_q035,0.35,512,local_pauli_shadow,0.7158927199999999,0.7174072265625,0.0015145065625000887,0.13262505091545768,0.1287522573637895
ZZ_d3_r3_c0,3,2,0,3,0,15,0,null_q035,0.35,512,local_pauli_shadow,0.7158927199999999,0.7178878784179688,0.0019951584179688283,0.11946201803253484,0.1287522573637895
ZZ_d3_r3_c1,3,2,0,3,1,16,1,null_q035,0.35,512,local_pauli_shadow,0.7158927199999999,0.7144546508789062,-0.0014380691210936678,0.12282285272037193,0.1287522573637895
ZZ_d3_r3_c2,3,2,0,3,2,17,2,null_q035,0.35,512,local_pauli_shadow,0.7158927199999999,0.71575927734375,-0.00013344265624989178,0.12951648334659183,0.1287522573637895
ZZ_d3_r3_c3,3,2,0,3,3,18,3,null_q035,0.35,512,local_pauli_shadow,0.7158927199999999,0.7057342529296875,-0.010158467070312366,0.1289471862932785,0.1287522573637895
ZZ_d3_r3_c4,3,2,0,3,4,19,4,null_q035,0.35,512,local_pauli_shadow,0.7158927199999999,0.7158279418945312,-6.477810546864525e-05,0.13606784521984575,0.1287522573637895
ZZ_d3_r4_c0,3,2,0,4,0,20,5,null_q035,0.35,512,local_pauli_shadow,0.7158927199999999,0.7218017578125,0.005909037812500155,0.131009043147879,0.1287522573637895
ZZ_d3_r4_c1,3,2,0,4,1,21,6,null_q035,0.35,512,local_pauli_shadow,0.7158927199999999,0.7180252075195312,0.002132487519531326,0.12137196015202983,0.1287522573637895
ZZ_d3_r4_c2,3,2,0,4,2,22,7,null_q035,0.35,512,local_pauli_shadow,0.7158927199999999,0.733612060546875,0.017719340546875,0.1295458471041238,0.1287522573637895
ZZ_d3_r4_c3,3,2,0,4,3,23,8,null_q035,0.35,512,local_pauli_shadow,0.7158927199999999,0.719329833984375,0.003437113984375081,0.11909010050427737,0.1287522573637895
ZZ_d3_r4_c4,3,2,0,4,4,24,9,null_q035,0.35,512,local_pauli_shadow,0.7158927199999999,0.7147293090820312,-0.0011634109179686756,0.12959469580555183,0.1287522573637895
ZZ_d0_r0_c0,0,0,1,0,0,0,1,null_q035,0.35,1024,native_all_z,0.72967688,0.7274932861328125,-0.002183593867187472,0.02140719333482521,0.02136850346252619
ZZ_d0_r0_c1,0,0,1,0,1,1,2,null_q035,0.35,1024,native_all_z,0.72967688,0.726806640625,-0.002870239374999972,0.021962773525573777,0.02136850346252619
ZZ_d0_r0_c2,0,0,1,0,2,2,3,null_q035,0.35,1024,native_all_z,0.72967688,0.7291107177734375,-0.0005661622265624722,0.022062582308932082,0.02136850346252619
ZZ_d0_r0_c3,0,0,1,0,3,3,4,null_q035,0.35,1024,native_all_z,0.72967688,0.7275848388671875,-0.002092041132812472,0.021051226404645025,0.02136850346252619
ZZ_d0_r0_c4,0,0,1,0,4,4,0,null_q035,0.35,1024,native_all_z,0.72967688,0.730255126953125,0.0005782469531250278,0.01987287316395148,0.02136850346252619
ZZ_d0_r1_c0,0,0,1,1,0,5,6,null_q035,0.35,1024,native_all_z,0.72967688,0.730712890625,0.0010360106250000278,0.023081307359237618,0.02136850346252619
ZZ_d0_r1_c1,0,0,1,1,1,6,7,null_q035,0.35,1024,native_all_z,0.72967688,0.7287979125976562,-0.0008789674023437222,0.022143399763252976,0.02136850346252619
ZZ_d0_r1_c2,0,0,1,1,2,7,8,null_q035,0.35,1024,native_all_z,0.72967688,0.728302001953125,-0.0013748780468749722,0.022580629853497527,0.02136850346252619
ZZ_d0_r1_c3,0,0,1,1,3,8,9,null_q035,0.35,1024,native_all_z,0.72967688,0.7297134399414062,3.655994140627783e-05,0.022847964188831647,0.02136850346252619
ZZ_d0_r1_c4,0,0,1,1,4,9,5,null_q035,0.35,1024,native_all_z,0.72967688,0.732635498046875,0.002958618046875028,0.021417816275132652,0.02136850346252619
ZZ_d0_r2_c0,0,0,1,2,0,10,11,null_q035,0.35,1024,native_all_z,0.72967688,0.7323532104492188,0.002676330449218778,0.022096873564344803,0.02136850346252619
ZZ_d0_r2_c1,0,0,1,2,1,11,12,null_q035,0.35,1024,native_all_z,0.72967688,0.731231689453125,0.0015548094531250278,0.021971017952617564,0.02136850346252619
ZZ_d0_r2_c2,0,0,1,2,2,12,13,null_q035,0.35,1024,native_all_z,0.72967688,0.72967529296875,-1.5870312499721706e-06,0.020844287834286376,0.02136850346252619
ZZ_d0_r2_c3,0,0,1,2,3,13,14,null_q035,0.35,1024,native_all_z,0.72967688,0.7300872802734375,0.00041040027343752783,0.021931771251934216,0.02136850346252619
ZZ_d0_r2_c4,0,0,1,2,4,14,10,null_q035,0.35,1024,native_all_z,0.72967688,0.7296218872070312,-5.499279296872217e-05,0.022043435955509436,0.02136850346252619
ZZ_d0_r3_c0,0,0,1,3,0,15,16,null_q035,0.35,1024,native_all_z,0.72967688,0.7309799194335938,0.0013030394335937778,0.02097955443482364,0.02136850346252619
ZZ_d0_r3_c1,0,0,1,3,1,16,17,null_q035,0.35,1024,native_all_z,0.72967688,0.73040771484375,0.0007308348437500278,0.020191327909259295,0.02136850346252619
ZZ_d0_r3_c2,0,0,1,3,2,17,18,null_q035,0.35,1024,native_all_z,0.72967688,0.7304534912109375,0.0007766112109375278,0.01953218816670173,0.02136850346252619
ZZ_d0_r3_c3,0,0,1,3,3,18,19,null_q035,0.35,1024,native_all_z,0.72967688,0.7284927368164062,-0.0011841431835937222,0.02127845729683292,0.02136850346252619
ZZ_d0_r3_c4,0,0,1,3,4,19,15,null_q035,0.35,1024,native_all_z,0.72967688,0.7303924560546875,0.0007155760546875278,0.02026145551864087,0.02136850346252619
ZZ_d0_r4_c0,0,0,1,4,0,20,21,null_q035,0.35,1024,native_all_z,0.72967688,0.7281341552734375,-0.0015427247265624722,0.020387552491453523,0.02136850346252619
ZZ_d0_r4_c1,0,0,1,4,1,21,22,null_q035,0.35,1024,native_all_z,0.72967688,0.7257461547851562,-0.003930725214843722,0.020986563575465793,0.02136850346252619
ZZ_d0_r4_c2,0,0,1,4,2,22,23,null_q035,0.35,1024,native_all_z,0.72967688,0.7291412353515625,-0.0005356446484374722,0.020840440981967048,0.02136850346252619
ZZ_d0_r4_c3,0,0,1,4,3,23,24,null_q035,0.35,1024,native_all_z,0.72967688,0.7305908203125,0.0009139403125000278,0.020261853664451667,0.02136850346252619
ZZ_d0_r4_c4,0,0,1,4,4,24,20,null_q035,0.35,1024,native_all_z,0.72967688,0.7301254272460938,0.00044854724609377783,0.02092307653920701,0.02136850346252619
ZZ_d1_r0_c0,1,1,0,0,0,0,5,null_q035,0.35,1024,native_all_z,0.72967688,0.733154296875,0.003477416875000028,0.021095752308191912,0.02136850346252619
ZZ_d1_r0_c1,1,1,0,0,1,1,6,null_q035,0.35,1024,native_all_z,0.72967688,0.7263641357421875,-0.003312744257812472,0.022672184066948115,0.02136850346252619
ZZ_d1_r0_c2,1,1,0,0,2,2,7,null_q035,0.35,1024,native_all_z,0.72967688,0.7295608520507812,-0.00011602794921872217,0.021014037177157247,0.02136850346252619
ZZ_d1_r0_c3,1,1,0,0,3,3,8,null_q035,0.35,1024,native_all_z,0.72967688,0.7289352416992188,-0.0007416383007812222,0.02034223848346649,0.02136850346252619
ZZ_d1_r0_c4,1,1,0,0,4,4,9,null_q035,0.35,1024,native_all_z,0.72967688,0.7298126220703125,0.00013574207031252783,0.021563417828715972,0.02136850346252619
ZZ_d1_r1_c0,1,1,0,1,0,5,10,null_q035,0.35,1024,native_all_z,0.72967688,0.7313919067382812,0.0017150267382812778,0.02121116912638926,0.02136850346252619
ZZ_d1_r1_c1,1,1,0,1,1,6,11,null_q035,0.35,1024,native_all_z,0.72967688,0.73114013671875,0.0014632567187500278,0.02202327007014388,0.02136850346252619
ZZ_d1_r1_c2,1,1,0,1,2,7,12,null_q035,0.35,1024,native_all_z,0.72967688,0.7312698364257812,0.0015929564257812778,0.02147265826350529,0.02136850346252619
ZZ_d1_r1_c3,1,1,0,1,3,8,13,null_q035,0.35,1024,native_all_z,0.72967688,0.7291488647460938,-0.0005280152539062222,0.021582224504910482,0.02136850346252619
ZZ_d1_r1_c4,1,1,0,1,4,9,14,null_q035,0.35,1024,native_all_z,0.72967688,0.7299957275390625,0.00031884753906252783,0.022619535661593904,0.02136850346252619
ZZ_d1_r2_c0,1,1,0,2,0,10,15,null_q035,0.35,1024,native_all_z,0.72967688,0.7308197021484375,0.0011428221484375278,0.022172949614040253,0.02136850346252619
ZZ_d1_r2_c1,1,1,0,2,1,11,16,null_q035,0.35,1024,native_all_z,0.72967688,0.73052978515625,0.0008529051562500278,0.0209856470975028,0.02136850346252619
ZZ_d1_r2_c2,1,1,0,2,2,12,17,null_q035,0.35,1024,native_all_z,0.72967688,0.73162841796875,0.0019515379687500278,0.02079547013306974,0.02136850346252619
ZZ_d1_r2_c3,1,1,0,2,3,13,18,null_q035,0.35,1024,native_all_z,0.72967688,0.727630615234375,-0.002046264765624972,0.021838114737803928,0.02136850346252619
ZZ_d1_r2_c4,1,1,0,2,4,14,19,null_q035,0.35,1024,native_all_z,0.72967688,0.7305221557617188,0.0008452757617187778,0.021704759716342243,0.02136850346252619
ZZ_d1_r3_c0,1,1,0,3,0,15,20,null_q035,0.35,1024,native_all_z,0.72967688,0.7304916381835938,0.0008147581835937778,0.019543267856112604,0.02136850346252619
ZZ_d1_r3_c1,1,1,0,3,1,16,21,null_q035,0.35,1024,native_all_z,0.72967688,0.728546142578125,-0.0011307374218749722,0.021530012966791152,0.02136850346252619
ZZ_d1_r3_c2,1,1,0,3,2,17,22,null_q035,0.35,1024,native_all_z,0.72967688,0.7296371459960938,-3.973400390622217e-05,0.02183752112015869,0.02136850346252619
ZZ_d1_r3_c3,1,1,0,3,3,18,23,null_q035,0.35,1024,native_all_z,0.72967688,0.7282333374023438,-0.0014435425976562222,0.02110563396136608,0.02136850346252619
ZZ_d1_r3_c4,1,1,0,3,4,19,24,null_q035,0.35,1024,native_all_z,0.72967688,0.729339599609375,-0.00033728039062497217,0.02145316602890002,0.02136850346252619
ZZ_d1_r4_c0,1,1,0,4,0,20,0,null_q035,0.35,1024,native_all_z,0.72967688,0.729766845703125,8.996570312502783e-05,0.021738622022696243,0.02136850346252619
ZZ_d1_r4_c1,1,1,0,4,1,21,1,null_q035,0.35,1024,native_all_z,0.72967688,0.72491455078125,-0.004762329218749972,0.022556851222755952,0.02136850346252619
ZZ_d1_r4_c2,1,1,0,4,2,22,2,null_q035,0.35,1024,native_all_z,0.72967688,0.7282791137695312,-0.0013977662304687222,0.020975629926436718,0.02136850346252619
ZZ_d1_r4_c3,1,1,0,4,3,23,3,null_q035,0.35,1024,native_all_z,0.72967688,0.7284469604492188,-0.0012299195507812222,0.02278833994844451,0.02136850346252619
ZZ_d1_r4_c4,1,1,0,4,4,24,4,null_q035,0.35,1024,native_all_z,0.72967688,0.7283706665039062,-0.0013062134960937222,0.0191506848133392,0.02136850346252619
ZZ_d2_r0_c0,2,0,2,0,0,0,2,null_q035,0.35,1024,native_all_z,0.7158927199999999,0.716522216796875,0.0006294967968750731,0.02075393863852902,0.021819071660722503
ZZ_d2_r0_c1,2,0,2,0,1,1,3,null_q035,0.35,1024,native_all_z,0.7158927199999999,0.7130584716796875,-0.002834248320312427,0.021075146006071525,0.021819071660722503
ZZ_d2_r0_c2,2,0,2,0,2,2,4,null_q035,0.35,1024,native_all_z,0.7158927199999999,0.71466064453125,-0.001232075468749927,0.02317845620207714,0.021819071660722503
ZZ_d2_r0_c3,2,0,2,0,3,3,0,null_q035,0.35,1024,native_all_z,0.7158927199999999,0.71685791015625,0.0009651901562500731,0.02185510960075464,0.021819071660722503
ZZ_d2_r0_c4,2,0,2,0,4,4,1,null_q035,0.35,1024,native_all_z,0.7158927199999999,0.71185302734375,-0.0040396926562499234,0.021894156170181187,0.021819071660722503
ZZ_d2_r1_c0,2,0,2,1,0,5,7,null_q035,0.35,1024,native_all_z,0.7158927199999999,0.7172470092773438,0.001354289277343823,0.021699173795611603,0.021819071660722503
ZZ_d2_r1_c1,2,0,2,1,1,6,8,null_q035,0.35,1024,native_all_z,0.7158927199999999,0.7159805297851562,8.78097851563231e-05,0.021857334493872983,0.021819071660722503
ZZ_d2_r1_c2,2,0,2,1,2,7,9,null_q035,0.35,1024,native_all_z,0.7158927199999999,0.7162704467773438,0.0003777267773438231,0.020660549964955387,0.021819071660722503
ZZ_d2_r1_c3,2,0,2,1,3,8,5,null_q035,0.35,1024,native_all_z,0.7158927199999999,0.7169723510742188,0.001079631074218823,0.021553329751369366,0.021819071660722503
ZZ_d2_r1_c4,2,0,2,1,4,9,6,null_q035,0.35,1024,native_all_z,0.7158927199999999,0.7163848876953125,0.0004921676953125731,0.02147357498971077,0.021819071660722503
ZZ_d2_r2_c0,2,0,2,2,0,10,12,null_q035,0.35,1024,native_all_z,0.7158927199999999,0.7164840698242188,0.0005913498242188231,0.023008845748783934,0.021819071660722503
ZZ_d2_r2_c1,2,0,2,2,1,11,13,null_q035,0.35,1024,native_all_z,0.7158927199999999,0.7179718017578125,0.002079081757812573,0.021574850440419666,0.021819071660722503
ZZ_d2_r2_c2,2,0,2,2,2,12,14,null_q035,0.35,1024,native_all_z,0.7158927199999999,0.7161712646484375,0.0002785446484375731,0.02129591425905484,0.021819071660722503
ZZ_d2_r2_c3,2,0,2,2,3,13,10,null_q035,0.35,1024,native_all_z,0.7158927199999999,0.7153244018554688,-0.0005683181445311769,0.02237891147719434,0.021819071660722503
ZZ_d2_r2_c4,2,0,2,2,4,14,11,null_q035,0.35,1024,native_all_z,0.7158927199999999,0.7173919677734375,0.001499247773437573,0.022993030661530075,0.021819071660722503
ZZ_d2_r3_c0,2,0,2,3,0,15,17,null_q035,0.35,1024,native_all_z,0.7158927199999999,0.7169265747070312,0.001033854707031323,0.020714436725011873,0.021819071660722503
ZZ_d2_r3_c1,2,0,2,3,1,16,18,null_q035,0.35,1024,native_all_z,0.7158927199999999,0.7134552001953125,-0.002437519804687427,0.022311613834052203,0.021819071660722503
ZZ_d2_r3_c2,2,0,2,3,2,17,19,null_q035,0.35,1024,native_all_z,0.7158927199999999,0.7170333862304688,0.001140666230468823,0.021345404427445053,0.021819071660722503
ZZ_d2_r3_c3,2,0,2,3,3,18,15,null_q035,0.35,1024,native_all_z,0.7158927199999999,0.7150497436523438,-0.0008429763476561769,0.02288284134096955,0.021819071660722503
ZZ_d2_r3_c4,2,0,2,3,4,19,16,null_q035,0.35,1024,native_all_z,0.7158927199999999,0.7133865356445312,-0.002506184355468677,0.02237652521747729,0.021819071660722503
ZZ_d2_r4_c0,2,0,2,4,0,20,22,null_q035,0.35,1024,native_all_z,0.7158927199999999,0.7149734497070312,-0.0009192702929686769,0.021598713487762725,0.021819071660722503
ZZ_d2_r4_c1,2,0,2,4,1,21,23,null_q035,0.35,1024,native_all_z,0.7158927199999999,0.7147750854492188,-0.001117634550781177,0.02162626738527893,0.021819071660722503
ZZ_d2_r4_c2,2,0,2,4,2,22,24,null_q035,0.35,1024,native_all_z,0.7158927199999999,0.7157135009765625,-0.0001792190234374269,0.022059084939786693,0.021819071660722503
ZZ_d2_r4_c3,2,0,2,4,3,23,20,null_q035,0.35,1024,native_all_z,0.7158927199999999,0.7146835327148438,-0.001209187285156177,0.021646546296766385,0.021819071660722503
ZZ_d2_r4_c4,2,0,2,4,4,24,21,null_q035,0.35,1024,native_all_z,0.7158927199999999,0.7145309448242188,-0.001361775175781177,0.01975989307392361,0.021819071660722503
ZZ_d3_r0_c0,3,2,0,0,0,0,10,null_q035,0.35,1024,native_all_z,0.7158927199999999,0.7175064086914062,0.001613688691406323,0.022454954506358198,0.021819071660722503
ZZ_d3_r0_c1,3,2,0,0,1,1,11,null_q035,0.35,1024,native_all_z,0.7158927199999999,0.716705322265625,0.0008126022656250731,0.022701058305163346,0.021819071660722503
ZZ_d3_r0_c2,3,2,0,0,2,2,12,null_q035,0.35,1024,native_all_z,0.7158927199999999,0.7176666259765625,0.001773905976562573,0.022058078002467736,0.021819071660722503
ZZ_d3_r0_c3,3,2,0,0,3,3,13,null_q035,0.35,1024,native_all_z,0.7158927199999999,0.71435546875,-0.001537251249999927,0.022496266232476282,0.021819071660722503
ZZ_d3_r0_c4,3,2,0,0,4,4,14,null_q035,0.35,1024,native_all_z,0.7158927199999999,0.7147674560546875,-0.001125263945312427,0.022396021665134137,0.021819071660722503
ZZ_d3_r1_c0,3,2,0,1,0,5,15,null_q035,0.35,1024,native_all_z,0.7158927199999999,0.7167434692382812,0.0008507492382813231,0.022170933012735376,0.021819071660722503
ZZ_d3_r1_c1,3,2,0,1,1,6,16,null_q035,0.35,1024,native_all_z,0.7158927199999999,0.7148895263671875,-0.001003193632812427,0.022241397715550507,0.021819071660722503
ZZ_d3_r1_c2,3,2,0,1,2,7,17,null_q035,0.35,1024,native_all_z,0.7158927199999999,0.7161941528320312,0.0003014328320313231,0.021999332332071644,0.021819071660722503
ZZ_d3_r1_c3,3,2,0,1,3,8,18,null_q035,0.35,1024,native_all_z,0.7158927199999999,0.7126235961914062,-0.003269123808593677,0.021181017430341884,0.021819071660722503
ZZ_d3_r1_c4,3,2,0,1,4,9,19,null_q035,0.35,1024,native_all_z,0.7158927199999999,0.7163467407226562,0.0004540207226563231,0.021554048726156985,0.021819071660722503
ZZ_d3_r2_c0,3,2,0,2,0,10,20,null_q035,0.35,1024,native_all_z,0.7158927199999999,0.7158889770507812,-3.7429492186769053e-06,0.023155320798169936,0.021819071660722503
ZZ_d3_r2_c1,3,2,0,2,1,11,21,null_q035,0.35,1024,native_all_z,0.7158927199999999,0.7154693603515625,-0.0004233596484374269,0.022084190435949662,0.021819071660722503
ZZ_d3_r2_c2,3,2,0,2,2,12,22,null_q035,0.35,1024,native_all_z,0.7158927199999999,0.7150802612304688,-0.0008124587695311769,0.02129542542084243,0.021819071660722503
ZZ_d3_r2_c3,3,2,0,2,3,13,23,null_q035,0.35,1024,native_all_z,0.7158927199999999,0.7153549194335938,-0.0005378005664061769,0.021498545292334813,0.021819071660722503
ZZ_d3_r2_c4,3,2,0,2,4,14,24,null_q035,0.35,1024,native_all_z,0.7158927199999999,0.7161178588867188,0.0002251388867188231,0.021903870528013042,0.021819071660722503
ZZ_d3_r3_c0,3,2,0,3,0,15,0,null_q035,0.35,1024,native_all_z,0.7158927199999999,0.7169265747070312,0.001033854707031323,0.023012633919780444,0.021819071660722503
ZZ_d3_r3_c1,3,2,0,3,1,16,1,null_q035,0.35,1024,native_all_z,0.7158927199999999,0.7119293212890625,-0.003963398710937422,0.021891181251980026,0.021819071660722503
ZZ_d3_r3_c2,3,2,0,3,2,17,2,null_q035,0.35,1024,native_all_z,0.7158927199999999,0.716400146484375,0.0005074264843750731,0.01982382667798834,0.021819071660722503
ZZ_d3_r3_c3,3,2,0,3,3,18,3,null_q035,0.35,1024,native_all_z,0.7158927199999999,0.7148895263671875,-0.001003193632812427,0.020615575242977427,0.021819071660722503
ZZ_d3_r3_c4,3,2,0,3,4,19,4,null_q035,0.35,1024,native_all_z,0.7158927199999999,0.7148818969726562,-0.001010823027343677,0.023448773441945497,0.021819071660722503
ZZ_d3_r4_c0,3,2,0,4,0,20,5,null_q035,0.35,1024,native_all_z,0.7158927199999999,0.717681884765625,0.001789164765625073,0.02141081976775828,0.021819071660722503
ZZ_d3_r4_c1,3,2,0,4,1,21,6,null_q035,0.35,1024,native_all_z,0.7158927199999999,0.714996337890625,-0.0008963821093749269,0.021979558761360582,0.021819071660722503
ZZ_d3_r4_c2,3,2,0,4,2,22,7,null_q035,0.35,1024,native_all_z,0.7158927199999999,0.71612548828125,0.0002327682812500731,0.022877483185665046,0.021819071660722503
ZZ_d3_r4_c3,3,2,0,4,3,23,8,null_q035,0.35,1024,native_all_z,0.7158927199999999,0.7154388427734375,-0.0004538772265624269,0.022305843472110752,0.021819071660722503
ZZ_d3_r4_c4,3,2,0,4,4,24,9,null_q035,0.35,1024,native_all_z,0.7158927199999999,0.7162704467773438,0.0003777267773438231,0.021667386687573155,0.021819071660722503
ZZ_d0_r0_c0,0,0,1,0,0,0,1,null_q035,0.35,1024,local_pauli_shadow,0.72967688,0.7313804626464844,0.0017035826464844028,0.08594792308928274,0.09093466302916613
ZZ_d0_r0_c1,0,0,1,0,1,1,2,null_q035,0.35,1024,local_pauli_shadow,0.72967688,0.7316551208496094,0.001978240849609403,0.08483776259330945,0.09093466302916613
ZZ_d0_r0_c2,0,0,1,0,2,2,3,null_q035,0.35,1024,local_pauli_shadow,0.72967688,0.7363929748535156,0.006716094853515653,0.09873137699097059,0.09093466302916613
ZZ_d0_r0_c3,0,0,1,0,3,3,4,null_q035,0.35,1024,local_pauli_shadow,0.72967688,0.7276039123535156,-0.002072967646484347,0.08987901639312833,0.09093466302916613
ZZ_d0_r0_c4,0,0,1,0,4,4,0,null_q035,0.35,1024,local_pauli_shadow,0.72967688,0.7258872985839844,-0.003789581416015597,0.08119767235194454,0.09093466302916613
ZZ_d0_r1_c0,0,0,1,1,0,5,6,null_q035,0.35,1024,local_pauli_shadow,0.72967688,0.7357063293457031,0.006029449345703153,0.09599923989323371,0.09093466302916613
ZZ_d0_r1_c1,0,0,1,1,1,6,7,null_q035,0.35,1024,local_pauli_shadow,0.72967688,0.7351570129394531,0.005480132939453153,0.08807270380070692,0.09093466302916613
ZZ_d0_r1_c2,0,0,1,1,2,7,8,null_q035,0.35,1024,local_pauli_shadow,0.72967688,0.734710693359375,0.005033813359375028,0.09072160402719058,0.09093466302916613
ZZ_d0_r1_c3,0,0,1,1,3,8,9,null_q035,0.35,1024,local_pauli_shadow,0.72967688,0.730865478515625,0.0011885985156250278,0.09793008533014332,0.09093466302916613
ZZ_d0_r1_c4,0,0,1,1,4,9,5,null_q035,0.35,1024,local_pauli_shadow,0.72967688,0.7384185791015625,0.008741699101562528,0.09174601284381215,0.09093466302916613
ZZ_d0_r2_c0,0,0,1,2,0,10,11,null_q035,0.35,1024,local_pauli_shadow,0.72967688,0.7313461303710938,0.0016692503710937778,0.08999379373117129,0.09093466302916613
ZZ_d0_r2_c1,0,0,1,2,1,11,12,null_q035,0.35,1024,local_pauli_shadow,0.72967688,0.7258186340332031,-0.003858245966796847,0.09135779236818281,0.09093466302916613
ZZ_d0_r2_c2,0,0,1,2,2,12,13,null_q035,0.35,1024,local_pauli_shadow,0.72967688,0.734710693359375,0.005033813359375028,0.08951620248346141,0.09093466302916613
ZZ_d0_r2_c3,0,0,1,2,3,13,14,null_q035,0.35,1024,local_pauli_shadow,0.72967688,0.7251663208007812,-0.004510559199218722,0.09435683965545366,0.09093466302916613
ZZ_d0_r2_c4,0,0,1,2,4,14,10,null_q035,0.35,1024,local_pauli_shadow,0.72967688,0.7319984436035156,0.002321563603515653,0.09930030981661386,0.09093466302916613
ZZ_d0_r3_c0,0,0,1,3,0,15,16,null_q035,0.35,1024,local_pauli_shadow,0.72967688,0.7446670532226562,0.014990173222656278,0.09359606338057384,0.09093466302916613
ZZ_d0_r3_c1,0,0,1,3,1,16,17,null_q035,0.35,1024,local_pauli_shadow,0.72967688,0.733612060546875,0.003935180546875028,0.08810163485837945,0.09093466302916613
ZZ_d0_r3_c2,0,0,1,3,2,17,18,null_q035,0.35,1024,local_pauli_shadow,0.72967688,0.7255783081054688,-0.004098571894531222,0.0815117882929659,0.09093466302916613
ZZ_d0_r3_c3,0,0,1,3,3,18,19,null_q035,0.35,1024,local_pauli_shadow,0.72967688,0.7177848815917969,-0.011891998408203097,0.08291119970633723,0.09093466302916613
ZZ_d0_r3_c4,0,0,1,3,4,19,15,null_q035,0.35,1024,local_pauli_shadow,0.72967688,0.7255096435546875,-0.004167236445312472,0.092064164990604,0.09093466302916613
ZZ_d0_r4_c0,0,0,1,4,0,20,21,null_q035,0.35,1024,local_pauli_shadow,0.72967688,0.7262649536132812,-0.003411926386718722,0.08650305696086148,0.09093466302916613
ZZ_d0_r4_c1,0,0,1,4,1,21,22,null_q035,0.35,1024,local_pauli_shadow,0.72967688,0.7361526489257812,0.006475768925781278,0.08919579109822501,0.09093466302916613
ZZ_d0_r4_c2,0,0,1,4,2,22,23,null_q035,0.35,1024,local_pauli_shadow,0.72967688,0.7318954467773438,0.002218566777343778,0.09290298369747507,0.09093466302916613
ZZ_d0_r4_c3,0,0,1,4,3,23,24,null_q035,0.35,1024,local_pauli_shadow,0.72967688,0.7327194213867188,0.003042541386718778,0.08864639766929715,0.09093466302916613
ZZ_d0_r4_c4,0,0,1,4,4,24,20,null_q035,0.35,1024,local_pauli_shadow,0.72967688,0.7319984436035156,0.002321563603515653,0.0971809579090134,0.09093466302916613
ZZ_d1_r0_c0,1,1,0,0,0,0,5,null_q035,0.35,1024,local_pauli_shadow,0.72967688,0.7394142150878906,0.009737335087890653,0.0810590151772076,0.09093466302916613
ZZ_d1_r0_c1,1,1,0,0,1,1,6,null_q035,0.35,1024,local_pauli_shadow,0.72967688,0.7269859313964844,-0.002690948603515597,0.09013172658846802,0.09093466302916613
ZZ_d1_r0_c2,1,1,0,0,2,2,7,null_q035,0.35,1024,local_pauli_shadow,0.72967688,0.7335433959960938,0.003866515996093778,0.09489852898651997,0.09093466302916613
ZZ_d1_r0_c3,1,1,0,0,3,3,8,null_q035,0.35,1024,local_pauli_shadow,0.72967688,0.7302474975585938,0.0005706175585937778,0.09349227812898232,0.09093466302916613
ZZ_d1_r0_c4,1,1,0,0,4,4,9,null_q035,0.35,1024,local_pauli_shadow,0.72967688,0.7291831970214844,-0.0004936829785155972,0.09284502168784574,0.09093466302916613
ZZ_d1_r1_c0,1,1,0,1,0,5,10,null_q035,0.35,1024,local_pauli_shadow,0.72967688,0.7363929748535156,0.006716094853515653,0.09355273756419044,0.09093466302916613
ZZ_d1_r1_c1,1,1,0,1,1,6,11,null_q035,0.35,1024,local_pauli_shadow,0.72967688,0.7328224182128906,0.003145538212890653,0.09281177620469264,0.09093466302916613
ZZ_d1_r1_c2,1,1,0,1,2,7,12,null_q035,0.35,1024,local_pauli_shadow,0.72967688,0.7376632690429688,0.007986389042968778,0.08824030814365946,0.09093466302916613
ZZ_d1_r1_c3,1,1,0,1,3,8,13,null_q035,0.35,1024,local_pauli_shadow,0.72967688,0.7300071716308594,0.00033029163085940283,0.09160661445353628,0.09093466302916613
ZZ_d1_r1_c4,1,1,0,1,4,9,14,null_q035,0.35,1024,local_pauli_shadow,0.72967688,0.7258186340332031,-0.003858245966796847,0.09832550390654658,0.09093466302916613
ZZ_d1_r2_c0,1,1,0,2,0,10,15,null_q035,0.35,1024,local_pauli_shadow,0.72967688,0.7306594848632812,0.0009826048632812778,0.09162341453237494,0.09093466302916613
ZZ_d1_r2_c1,1,1,0,2,1,11,16,null_q035,0.35,1024,local_pauli_shadow,0.72967688,0.7323417663574219,0.002664886357421903,0.08281684908509268,0.09093466302916613
ZZ_d1_r2_c2,1,1,0,2,2,12,17,null_q035,0.35,1024,local_pauli_shadow,0.72967688,0.7280502319335938,-0.0016266480664062222,0.08892120847413558,0.09093466302916613
ZZ_d1_r2_c3,1,1,0,2,3,13,18,null_q035,0.35,1024,local_pauli_shadow,0.72967688,0.7319297790527344,0.002252899052734403,0.09424279661250265,0.09093466302916613
ZZ_d1_r2_c4,1,1,0,2,4,14,19,null_q035,0.35,1024,local_pauli_shadow,0.72967688,0.7241706848144531,-0.005506195185546847,0.09092742624420973,0.09093466302916613
ZZ_d1_r3_c0,1,1,0,3,0,15,20,null_q035,0.35,1024,local_pauli_shadow,0.72967688,0.7286338806152344,-0.0010429993847655972,0.09130254027738786,0.09093466302916613
ZZ_d1_r3_c1,1,1,0,3,1,16,21,null_q035,0.35,1024,local_pauli_shadow,0.72967688,0.7354316711425781,0.005754791142578153,0.08271881105404734,0.09093466302916613
ZZ_d1_r3_c2,1,1,0,3,2,17,22,null_q035,0.35,1024,local_pauli_shadow,0.72967688,0.7333717346191406,0.003694854619140653,0.08505072127378394,0.09093466302916613
ZZ_d1_r3_c3,1,1,0,3,3,18,23,null_q035,0.35,1024,local_pauli_shadow,0.72967688,0.7328910827636719,0.003214202763671903,0.09280188547400216,0.09093466302916613
ZZ_d1_r3_c4,1,1,0,3,4,19,24,null_q035,0.35,1024,local_pauli_shadow,0.72967688,0.7279472351074219,-0.0017296448925780972,0.09265553557848269,0.09093466302916613
ZZ_d1_r4_c0,1,1,0,4,0,20,0,null_q035,0.35,1024,local_pauli_shadow,0.72967688,0.7267799377441406,-0.002896942255859347,0.09732738611073308,0.09093466302916613
ZZ_d1_r4_c1,1,1,0,4,1,21,1,null_q035,0.35,1024,local_pauli_shadow,0.72967688,0.7192955017089844,-0.010381378291015597,0.09008721285886336,0.09093466302916613
ZZ_d1_r4_c2,1,1,0,4,2,22,2,null_q035,0.35,1024,local_pauli_shadow,0.72967688,0.7307968139648438,0.0011199339648437778,0.09862106168462784,0.09093466302916613
ZZ_d1_r4_c3,1,1,0,4,3,23,3,null_q035,0.35,1024,local_pauli_shadow,0.72967688,0.7357406616210938,0.006063781621093778,0.08609816494010189,0.09093466302916613
ZZ_d1_r4_c4,1,1,0,4,4,24,4,null_q035,0.35,1024,local_pauli_shadow,0.72967688,0.7239303588867188,-0.005746521113281222,0.09216887895251359,0.09093466302916613
ZZ_d2_r0_c0,2,0,2,0,0,0,2,null_q035,0.35,1024,local_pauli_shadow,0.7158927199999999,0.7155189514160156,-0.00037376858398430234,0.09092206530494548,0.09104159427501116
ZZ_d2_r0_c1,2,0,2,0,1,1,3,null_q035,0.35,1024,local_pauli_shadow,0.7158927199999999,0.7232780456542969,0.007385325654297026,0.08742553785338389,0.09104159427501116
ZZ_d2_r0_c2,2,0,2,0,2,2,4,null_q035,0.35,1024,local_pauli_shadow,0.7158927199999999,0.7079658508300781,-0.007926869169921715,0.09656972580382726,0.09104159427501116
ZZ_d2_r0_c3,2,0,2,0,3,3,0,null_q035,0.35,1024,local_pauli_shadow,0.7158927199999999,0.7282905578613281,0.012397837861328238,0.09361550788143709,0.09104159427501116
ZZ_d2_r0_c4,2,0,2,0,4,4,1,null_q035,0.35,1024,local_pauli_shadow,0.7158927199999999,0.7100601196289062,-0.005832600371093602,0.08222029850383483,0.09104159427501116
ZZ_d2_r1_c0,2,0,2,1,0,5,7,null_q035,0.35,1024,local_pauli_shadow,0.7158927199999999,0.7219734191894531,0.006080699189453274,0.08833272190244233,0.09104159427501116
ZZ_d2_r1_c1,2,0,2,1,1,6,8,null_q035,0.35,1024,local_pauli_shadow,0.7158927199999999,0.722076416015625,0.006183696015625082,0.09180730823004615,0.09104159427501116
ZZ_d2_r1_c2,2,0,2,1,2,7,9,null_q035,0.35,1024,local_pauli_shadow,0.7158927199999999,0.718231201171875,0.002338481171875144,0.08801391617078956,0.09104159427501116
ZZ_d2_r1_c3,2,0,2,1,3,8,5,null_q035,0.35,1024,local_pauli_shadow,0.7158927199999999,0.7200851440429688,0.004192424042968824,0.09249904849796405,0.09104159427501116
ZZ_d2_r1_c4,2,0,2,1,4,9,6,null_q035,0.35,1024,local_pauli_shadow,0.7158927199999999,0.7134590148925781,-0.0024337051074217924,0.09362697872832614,0.09104159427501116
ZZ_d2_r2_c0,2,0,2,2,0,10,12,null_q035,0.35,1024,local_pauli_shadow,0.7158927199999999,0.7201194763183594,0.004226756318359529,0.09195936884915555,0.09104159427501116
ZZ_d2_r2_c1,2,0,2,2,1,11,13,null_q035,0.35,1024,local_pauli_shadow,0.7158927199999999,0.7179222106933594,0.0020294906933594785,0.09096955167265812,0.09104159427501116
ZZ_d2_r2_c2,2,0,2,2,2,12,14,null_q035,0.35,1024,local_pauli_shadow,0.7158927199999999,0.7088241577148438,-0.00706856228515617,0.0915200416126406,0.09104159427501116
ZZ_d2_r2_c3,2,0,2,2,3,13,10,null_q035,0.35,1024,local_pauli_shadow,0.7158927199999999,0.7133216857910156,-0.002571034208984295,0.08619602370114762,0.09104159427501116
ZZ_d2_r2_c4,2,0,2,2,4,14,11,null_q035,0.35,1024,local_pauli_shadow,0.7158927199999999,0.7220420837402344,0.006149363740234542,0.08710152084845056,0.09104159427501116
ZZ_d2_r3_c0,2,0,2,3,0,15,17,null_q035,0.35,1024,local_pauli_shadow,0.7158927199999999,0.7304191589355469,0.014526438935547031,0.09385029870227347,0.09104159427501116
ZZ_d2_r3_c1,2,0,2,3,1,16,18,null_q035,0.35,1024,local_pauli_shadow,0.7158927199999999,0.7227630615234375,0.006870341523437623,0.0944159126997419,0.09104159427501116
ZZ_d2_r3_c2,2,0,2,3,2,17,19,null_q035,0.35,1024,local_pauli_shadow,0.7158927199999999,0.7158966064453125,3.886445312573095e-06,0.08374767307250142,0.09104159427501116
ZZ_d2_r3_c3,2,0,2,3,3,18,15,null_q035,0.35,1024,local_pauli_shadow,0.7158927199999999,0.7185745239257812,0.0026818039257813296,0.09258029994706357,0.09104159427501116
ZZ_d2_r3_c4,2,0,2,3,4,19,16,null_q035,0.35,1024,local_pauli_shadow,0.7158927199999999,0.7225570678710938,0.0066643478710938404,0.08950958149179022,0.09104159427501116
ZZ_d2_r4_c0,2,0,2,4,0,20,22,null_q035,0.35,1024,local_pauli_shadow,0.7158927199999999,0.7244796752929688,0.008586955292968882,0.0808579870416911,0.09104159427501116
ZZ_d2_r4_c1,2,0,2,4,1,21,23,null_q035,0.35,1024,local_pauli_shadow,0.7158927199999999,0.7181625366210938,0.002269816621093848,0.08706913426916675,0.09104159427501116
ZZ_d2_r4_c2,2,0,2,4,2,22,24,null_q035,0.35,1024,local_pauli_shadow,0.7158927199999999,0.722900390625,0.007007670625000139,0.09158068787295474,0.09104159427501116
ZZ_d2_r4_c3,2,0,2,4,3,23,20,null_q035,0.35,1024,local_pauli_shadow,0.7158927199999999,0.7211837768554688,0.005291056855468903,0.08205619865950234,0.09104159427501116
ZZ_d2_r4_c4,2,0,2,4,4,24,21,null_q035,0.35,1024,local_pauli_shadow,0.7158927199999999,0.7210464477539062,0.0051537277539063335,0.08237847567056387,0.09104159427501116
ZZ_d3_r0_c0,3,2,0,0,0,0,10,null_q035,0.35,1024,local_pauli_shadow,0.7158927199999999,0.7227630615234375,0.0068703415234376095,0.08950042470544892,0.09104159427501116
ZZ_d3_r0_c1,3,2,0,0,1,1,11,null_q035,0.35,1024,local_pauli_shadow,0.7158927199999999,0.7180252075195312,0.002132487519531328,0.09117213564245653,0.09104159427501116
ZZ_d3_r0_c2,3,2,0,0,2,2,12,null_q035,0.35,1024,local_pauli_shadow,0.7158927199999999,0.7112960815429688,-0.0045966384570311665,0.09349803602931582,0.09104159427501116
ZZ_d3_r0_c3,3,2,0,0,3,3,13,null_q035,0.35,1024,local_pauli_shadow,0.7158927199999999,0.7122917175292969,-0.003601002470703051,0.09779297938829204,0.09104159427501116
ZZ_d3_r0_c4,3,2,0,0,4,4,14,null_q035,0.35,1024,local_pauli_shadow,0.7158927199999999,0.7058372497558594,-0.010055470244140531,0.09382817830889609,0.09104159427501116
ZZ_d3_r1_c0,3,2,0,1,0,5,15,null_q035,0.35,1024,local_pauli_shadow,0.7158927199999999,0.728118896484375,0.01222617648437512,0.092554724399717,0.09104159427501116
ZZ_d3_r1_c1,3,2,0,1,1,6,16,null_q035,0.35,1024,local_pauli_shadow,0.7158927199999999,0.7183685302734375,0.0024758102734375904,0.0907291313396625,0.09104159427501116
ZZ_d3_r1_c2,3,2,0,1,2,7,17,null_q035,0.35,1024,local_pauli_shadow,0.7158927199999999,0.7129096984863281,-0.002983021513671802,0.08984842605577505,0.09104159427501116
ZZ_d3_r1_c3,3,2,0,1,3,8,18,null_q035,0.35,1024,local_pauli_shadow,0.7158927199999999,0.7112274169921875,-0.00466530300781242,0.08806309095425385,0.09104159427501116
ZZ_d3_r1_c4,3,2,0,1,4,9,19,null_q035,0.35,1024,local_pauli_shadow,0.7158927199999999,0.7172698974609375,0.0013771774609376143,0.08434685522356763,0.09104159427501116
ZZ_d3_r2_c0,3,2,0,2,0,10,20,null_q035,0.35,1024,local_pauli_shadow,0.7158927199999999,0.7127037048339844,-0.0031890151660155506,0.08719891707450343,0.09104159427501116
ZZ_d3_r2_c1,3,2,0,2,1,11,21,null_q035,0.35,1024,local_pauli_shadow,0.7158927199999999,0.7108840942382812,-0.0050086257617186596,0.08752874037240888,0.09104159427501116
ZZ_d3_r2_c2,3,2,0,2,2,12,22,null_q035,0.35,1024,local_pauli_shadow,0.7158927199999999,0.7172698974609375,0.0013771774609376074,0.08884201231781086,0.09104159427501116
ZZ_d3_r2_c3,3,2,0,2,3,13,23,null_q035,0.35,1024,local_pauli_shadow,0.7158927199999999,0.71630859375,0.0004158737500000731,0.09011229365317672,0.09104159427501116
ZZ_d3_r2_c4,3,2,0,2,4,14,24,null_q035,0.35,1024,local_pauli_shadow,0.7158927199999999,0.7181968688964844,0.002304148896484448,0.0836545549792688,0.09104159427501116
ZZ_d3_r3_c0,3,2,0,3,0,15,0,null_q035,0.35,1024,local_pauli_shadow,0.7158927199999999,0.7206687927246094,0.00477607272460946,0.08541223935776013,0.09104159427501116
ZZ_d3_r3_c1,3,2,0,3,1,16,1,null_q035,0.35,1024,local_pauli_shadow,0.7158927199999999,0.7178535461425781,0.0019608261425782024,0.0843926501466658,0.09104159427501116
ZZ_d3_r3_c2,3,2,0,3,2,17,2,null_q035,0.35,1024,local_pauli_shadow,0.7158927199999999,0.7155532836914062,-0.0003394363085936522,0.0931354444303446,0.09104159427501116
ZZ_d3_r3_c3,3,2,0,3,3,18,3,null_q035,0.35,1024,local_pauli_shadow,0.7158927199999999,0.7139396667480469,-0.001953053251953052,0.08618500169920197,0.09104159427501116
ZZ_d3_r3_c4,3,2,0,3,4,19,4,null_q035,0.35,1024,local_pauli_shadow,0.7158927199999999,0.7128067016601562,-0.003086018339843638,0.09192300930706451,0.09104159427501116
ZZ_d3_r4_c0,3,2,0,4,0,20,5,null_q035,0.35,1024,local_pauli_shadow,0.7158927199999999,0.716583251953125,0.00069053195312511,0.08956945570403631,0.09104159427501116
ZZ_d3_r4_c1,3,2,0,4,1,21,6,null_q035,0.35,1024,local_pauli_shadow,0.7158927199999999,0.71795654296875,0.002063822968750073,0.09334357628065786,0.09104159427501116
ZZ_d3_r4_c2,3,2,0,4,2,22,7,null_q035,0.35,1024,local_pauli_shadow,0.7158927199999999,0.7265052795410156,0.01061255954101577,0.08597930076921599,0.09104159427501116
ZZ_d3_r4_c3,3,2,0,4,3,23,8,null_q035,0.35,1024,local_pauli_shadow,0.7158927199999999,0.7162055969238281,0.0003128769238281981,0.08695227458095883,0.09104159427501116
ZZ_d3_r4_c4,3,2,0,4,4,24,9,null_q035,0.35,1024,local_pauli_shadow,0.7158927199999999,0.7181625366210938,0.002269816621093843,0.08770104958648094,0.09104159427501116
ZZ_d0_r0_c0,0,0,1,0,0,0,1,null_q035,0.35,2048,native_all_z,0.72967688,0.7279586791992188,-0.0017182008007812222,0.01546939777261822,0.01510981370216049
ZZ_d0_r0_c1,0,0,1,0,1,1,2,null_q035,0.35,2048,native_all_z,0.72967688,0.7288703918457031,-0.0008064881542968472,0.014774266731185167,0.01510981370216049
ZZ_d0_r0_c2,0,0,1,0,2,2,3,null_q035,0.35,2048,native_all_z,0.72967688,0.7298088073730469,0.00013192737304690283,0.01568743176817064,0.01510981370216049
ZZ_d0_r0_c3,0,0,1,0,3,3,4,null_q035,0.35,2048,native_all_z,0.72967688,0.7283973693847656,-0.0012795106152343472,0.01560241909408358,0.01510981370216049
ZZ_d0_r0_c4,0,0,1,0,4,4,0,null_q035,0.35,2048,native_all_z,0.72967688,0.7293586730957031,-0.00031820690429684717,0.014434962258873115,0.01510981370216049
ZZ_d0_r1_c0,0,0,1,1,0,5,6,null_q035,0.35,2048,native_all_z,0.72967688,0.7303657531738281,0.0006888731738281528,0.0163338947349172,0.01510981370216049
ZZ_d0_r1_c1,0,0,1,1,1,6,7,null_q035,0.35,2048,native_all_z,0.72967688,0.7300834655761719,0.00040658557617190283,0.015818768637928096,0.01510981370216049
ZZ_d0_r1_c2,0,0,1,1,2,7,8,null_q035,0.35,2048,native_all_z,0.72967688,0.7304267883300781,0.0007499083300781528,0.016283407050431284,0.01510981370216049
ZZ_d0_r1_c3,0,0,1,1,3,8,9,null_q035,0.35,2048,native_all_z,0.72967688,0.7309417724609375,0.0012648924609375278,0.015240641258439595,0.01510981370216049
ZZ_d0_r1_c4,0,0,1,1,4,9,5,null_q035,0.35,2048,native_all_z,0.72967688,0.7323875427246094,0.002710662724609403,0.0160921206107172,0.01510981370216049
ZZ_d0_r2_c0,0,0,1,2,0,10,11,null_q035,0.35,2048,native_all_z,0.72967688,0.7305870056152344,0.0009101256152344028,0.014862229598098955,0.01510981370216049
ZZ_d0_r2_c1,0,0,1,2,1,11,12,null_q035,0.35,2048,native_all_z,0.72967688,0.7293853759765625,-0.00029150402343747217,0.015224540139474555,0.01510981370216049
ZZ_d0_r2_c2,0,0,1,2,2,12,13,null_q035,0.35,2048,native_all_z,0.72967688,0.7284355163574219,-0.0012413636425780972,0.01567414803390593,0.01510981370216049
ZZ_d0_r2_c3,0,0,1,2,3,13,14,null_q035,0.35,2048,native_all_z,0.72967688,0.7293777465820312,-0.00029913341796872217,0.01623930966821526,0.01510981370216049
ZZ_d0_r2_c4,0,0,1,2,4,14,10,null_q035,0.35,2048,native_all_z,0.72967688,0.7284698486328125,-0.0012070313671874722,0.015577067257003146,0.01510981370216049
ZZ_d0_r3_c0,0,0,1,3,0,15,16,null_q035,0.35,2048,native_all_z,0.72967688,0.730682373046875,0.0010054930468750278,0.015212471525186446,0.01510981370216049
ZZ_d0_r3_c1,0,0,1,3,1,16,17,null_q035,0.35,2048,native_all_z,0.72967688,0.7305641174316406,0.0008872374316406528,0.01407596531164748,0.01510981370216049
ZZ_d0_r3_c2,0,0,1,3,2,17,18,null_q035,0.35,2048,native_all_z,0.72967688,0.7309226989746094,0.0012458189746094028,0.013633170908452102,0.01510981370216049
ZZ_d0_r3_c3,0,0,1,3,3,18,19,null_q035,0.35,2048,native_all_z,0.72967688,0.730499267578125,0.0008223875781250278,0.015083625786263145,0.01510981370216049
ZZ_d0_r3_c4,0,0,1,3,4,19,15,null_q035,0.35,2048,native_all_z,0.72967688,0.7311477661132812,0.0014708861132812778,0.015413642470038002,0.01510981370216049
ZZ_d0_r4_c0,0,0,1,4,0,20,21,null_q035,0.35,2048,native_all_z,0.72967688,0.7291908264160156,-0.00048605358398434717,0.01448219551951048,0.01510981370216049
ZZ_d0_r4_c1,0,0,1,4,1,21,22,null_q035,0.35,2048,native_all_z,0.72967688,0.7270126342773438,-0.002664245722656222,0.014776183917478598,0.01510981370216049
ZZ_d0_r4_c2,0,0,1,4,2,22,23,null_q035,0.35,2048,native_all_z,0.72967688,0.7289810180664062,-0.0006958619335937222,0.014275683636538524,0.01510981370216049
ZZ_d0_r4_c3,0,0,1,4,3,23,24,null_q035,0.35,2048,native_all_z,0.72967688,0.7301750183105469,0.0004981383105469028,0.01468151806378406,0.01510981370216049
ZZ_d0_r4_c4,0,0,1,4,4,24,20,null_q035,0.35,2048,native_all_z,0.72967688,0.729827880859375,0.00015100085937502783,0.01569112502662288,0.01510981370216049
ZZ_d1_r0_c0,1,1,0,0,0,0,5,null_q035,0.35,2048,native_all_z,0.72967688,0.7325630187988281,0.002886138798828153,0.014828863364260071,0.01510981370216049
ZZ_d1_r0_c1,1,1,0,0,1,1,6,null_q035,0.35,2048,native_all_z,0.72967688,0.728912353515625,-0.0007645264843749722,0.015109209563240621,0.01510981370216049
ZZ_d1_r0_c2,1,1,0,0,2,2,7,null_q035,0.35,2048,native_all_z,0.72967688,0.7310638427734375,0.0013869627734375278,0.01508239319886705,0.01510981370216049
ZZ_d1_r0_c3,1,1,0,0,3,3,8,null_q035,0.35,2048,native_all_z,0.72967688,0.7291717529296875,-0.0005051270703124722,0.014738306895776382,0.01510981370216049
ZZ_d1_r0_c4,1,1,0,0,4,4,9,null_q035,0.35,2048,native_all_z,0.72967688,0.7300682067871094,0.00039132678710940283,0.015431281007664185,0.01510981370216049
ZZ_d1_r1_c0,1,1,0,1,0,5,10,null_q035,0.35,2048,native_all_z,0.72967688,0.7307968139648438,0.0011199339648437778,0.014839427105900537,0.01510981370216049
ZZ_d1_r1_c1,1,1,0,1,1,6,11,null_q035,0.35,2048,native_all_z,0.72967688,0.7305221557617188,0.0008452757617187778,0.01527794563158562,0.01510981370216049
ZZ_d1_r1_c2,1,1,0,1,2,7,12,null_q035,0.35,2048,native_all_z,0.72967688,0.7305793762207031,0.0009024962207031528,0.015599033161335416,0.01510981370216049
ZZ_d1_r1_c3,1,1,0,1,3,8,13,null_q035,0.35,2048,native_all_z,0.72967688,0.7295646667480469,-0.00011221325195309717,0.015704070524561343,0.01510981370216049
ZZ_d1_r1_c4,1,1,0,1,4,9,14,null_q035,0.35,2048,native_all_z,0.72967688,0.7296867370605469,9.85706054690283e-06,0.01585092125754468,0.01510981370216049
ZZ_d1_r2_c0,1,1,0,2,0,10,15,null_q035,0.35,2048,native_all_z,0.72967688,0.7301025390625,0.00042565906250002783,0.01573791671367913,0.01510981370216049
ZZ_d1_r2_c1,1,1,0,2,1,11,16,null_q035,0.35,2048,native_all_z,0.72967688,0.7307319641113281,0.0010550841113281528,0.015469399226611977,0.01510981370216049
ZZ_d1_r2_c2,1,1,0,2,2,12,17,null_q035,0.35,2048,native_all_z,0.72967688,0.7314071655273438,0.0017302855273437778,0.015359927883842385,0.01510981370216049
ZZ_d1_r2_c3,1,1,0,2,3,13,18,null_q035,0.35,2048,native_all_z,0.72967688,0.72882080078125,-0.0008560792187499722,0.015803006057971004,0.01510981370216049
ZZ_d1_r2_c4,1,1,0,2,4,14,19,null_q035,0.35,2048,native_all_z,0.72967688,0.7294921875,-0.00018469249999997217,0.013929281328254578,0.01510981370216049
ZZ_d1_r3_c0,1,1,0,3,0,15,20,null_q035,0.35,2048,native_all_z,0.72967688,0.7303695678710938,0.0006926878710937778,0.01445801099881151,0.01510981370216049
ZZ_d1_r3_c1,1,1,0,3,1,16,21,null_q035,0.35,2048,native_all_z,0.72967688,0.7280311584472656,-0.0016457215527343472,0.015511220866082713,0.01510981370216049
ZZ_d1_r3_c2,1,1,0,3,2,17,22,null_q035,0.35,2048,native_all_z,0.72967688,0.7302474975585938,0.0005706175585937778,0.015211139362675312,0.01510981370216049
ZZ_d1_r3_c3,1,1,0,3,3,18,23,null_q035,0.35,2048,native_all_z,0.72967688,0.7294349670410156,-0.00024191295898434717,0.014579845107378699,0.01510981370216049
ZZ_d1_r3_c4,1,1,0,3,4,19,24,null_q035,0.35,2048,native_all_z,0.72967688,0.730377197265625,0.0007003172656250278,0.015385146089486138,0.01510981370216049
ZZ_d1_r4_c0,1,1,0,4,0,20,0,null_q035,0.35,2048,native_all_z,0.72967688,0.7300148010253906,0.00033792102539065283,0.015572260590337979,0.01510981370216049
ZZ_d1_r4_c1,1,1,0,4,1,21,1,null_q035,0.35,2048,native_all_z,0.72967688,0.7280120849609375,-0.0016647950390624722,0.014957713008826349,0.01510981370216049
ZZ_d1_r4_c2,1,1,0,4,2,22,2,null_q035,0.35,2048,native_all_z,0.72967688,0.7291069030761719,-0.0005699769238280972,0.0159791344577547,0.01510981370216049
ZZ_d1_r4_c3,1,1,0,4,3,23,3,null_q035,0.35,2048,native_all_z,0.72967688,0.7288131713867188,-0.0008637086132812222,0.0147846860357746,0.01510981370216049
ZZ_d1_r4_c4,1,1,0,4,4,24,4,null_q035,0.35,2048,native_all_z,0.72967688,0.7286834716796875,-0.0009934083203124722,0.01446074024038332,0.01510981370216049
ZZ_d2_r0_c0,2,0,2,0,0,0,2,null_q035,0.35,2048,native_all_z,0.7158927199999999,0.7168235778808594,0.0009308578808594481,0.015048775316784654,0.015428413530492107
ZZ_d2_r0_c1,2,0,2,0,1,1,3,null_q035,0.35,2048,native_all_z,0.7158927199999999,0.71453857421875,-0.001354145781249927,0.015494424844259693,0.015428413530492107
ZZ_d2_r0_c2,2,0,2,0,2,2,4,null_q035,0.35,2048,native_all_z,0.7158927199999999,0.7155685424804688,-0.0003241775195311769,0.016446816670400675,0.015428413530492107
ZZ_d2_r0_c3,2,0,2,0,3,3,0,null_q035,0.35,2048,native_all_z,0.7158927199999999,0.7158355712890625,-5.7148710937426905e-05,0.016011327562806058,0.015428413530492107
ZZ_d2_r0_c4,2,0,2,0,4,4,1,null_q035,0.35,2048,native_all_z,0.7158927199999999,0.7140235900878906,-0.001869129912109302,0.014788435747315535,0.015428413530492107
ZZ_d2_r1_c0,2,0,2,1,0,5,7,null_q035,0.35,2048,native_all_z,0.7158927199999999,0.7177200317382812,0.001827311738281323,0.015898171343777186,0.015428413530492107
ZZ_d2_r1_c1,2,0,2,1,1,6,8,null_q035,0.35,2048,native_all_z,0.7158927199999999,0.7165298461914062,0.0006371261914063231,0.015202021517800805,0.015428413530492107
ZZ_d2_r1_c2,2,0,2,1,2,7,9,null_q035,0.35,2048,native_all_z,0.7158927199999999,0.7173652648925781,0.001472544892578198,0.01611748261315274,0.015428413530492107
ZZ_d2_r1_c3,2,0,2,1,3,8,5,null_q035,0.35,2048,native_all_z,0.7158927199999999,0.7181510925292969,0.002258372529296948,0.015790987720548825,0.015428413530492107
ZZ_d2_r1_c4,2,0,2,1,4,9,6,null_q035,0.35,2048,native_all_z,0.7158927199999999,0.7163772583007812,0.0004845383007813231,0.015231146463490618,0.015428413530492107
ZZ_d2_r2_c0,2,0,2,2,0,10,12,null_q035,0.35,2048,native_all_z,0.7158927199999999,0.7162208557128906,0.0003281357128906981,0.015927818019440543,0.015428413530492107
ZZ_d2_r2_c1,2,0,2,2,1,11,13,null_q035,0.35,2048,native_all_z,0.7158927199999999,0.7161903381347656,0.0002976181347656981,0.01535710794950223,0.015428413530492107
ZZ_d2_r2_c2,2,0,2,2,2,12,14,null_q035,0.35,2048,native_all_z,0.7158927199999999,0.7148170471191406,-0.001075672880859302,0.01475453517673348,0.015428413530492107
ZZ_d2_r2_c3,2,0,2,2,3,13,10,null_q035,0.35,2048,native_all_z,0.7158927199999999,0.714874267578125,-0.001018452421874927,0.015533199456675278,0.015428413530492107
ZZ_d2_r2_c4,2,0,2,2,4,14,11,null_q035,0.35,2048,native_all_z,0.7158927199999999,0.7152137756347656,-0.0006789443652343019,0.015185368474275695,0.015428413530492107
ZZ_d2_r3_c0,2,0,2,3,0,15,17,null_q035,0.35,2048,native_all_z,0.7158927199999999,0.7174034118652344,0.001510691865234448,0.014752446856566919,0.015428413530492107
ZZ_d2_r3_c1,2,0,2,3,1,16,18,null_q035,0.35,2048,native_all_z,0.7158927199999999,0.7151947021484375,-0.0006980178515624269,0.015810783132069895,0.015428413530492107
ZZ_d2_r3_c2,2,0,2,3,2,17,19,null_q035,0.35,2048,native_all_z,0.7158927199999999,0.7186622619628906,0.002769541962890698,0.015681395192347885,0.015428413530492107
ZZ_d2_r3_c3,2,0,2,3,3,18,15,null_q035,0.35,2048,native_all_z,0.7158927199999999,0.716033935546875,0.0001412155468750731,0.015812594461348764,0.015428413530492107
ZZ_d2_r3_c4,2,0,2,3,4,19,16,null_q035,0.35,2048,native_all_z,0.7158927199999999,0.71661376953125,0.0007210495312500731,0.014827971219632573,0.015428413530492107
ZZ_d2_r4_c0,2,0,2,4,0,20,22,null_q035,0.35,2048,native_all_z,0.7158927199999999,0.7144203186035156,-0.001472401396484302,0.016073331148025716,0.015428413530492107
ZZ_d2_r4_c1,2,0,2,4,1,21,23,null_q035,0.35,2048,native_all_z,0.7158927199999999,0.7144088745117188,-0.001483845488281177,0.015018155672774645,0.015428413530492107
ZZ_d2_r4_c2,2,0,2,4,2,22,24,null_q035,0.35,2048,native_all_z,0.7158927199999999,0.7143211364746094,-0.001571583525390552,0.01552678299807233,0.015428413530492107
ZZ_d2_r4_c3,2,0,2,4,3,23,20,null_q035,0.35,2048,native_all_z,0.7158927199999999,0.7151908874511719,-0.0007018325488280519,0.015565625307336895,0.015428413530492107
ZZ_d2_r4_c4,2,0,2,4,4,24,21,null_q035,0.35,2048,native_all_z,0.7158927199999999,0.7146339416503906,-0.001258778349609302,0.015395448302857417,0.015428413530492107
ZZ_d3_r0_c0,3,2,0,0,0,0,10,null_q035,0.35,2048,native_all_z,0.7158927199999999,0.7165794372558594,0.0006867172558594481,0.015076906414936093,0.015428413530492107
ZZ_d3_r0_c1,3,2,0,0,1,1,11,null_q035,0.35,2048,native_all_z,0.7158927199999999,0.7166290283203125,0.0007363083203125731,0.014996770094664868,0.015428413530492107
ZZ_d3_r0_c2,3,2,0,0,2,2,12,null_q035,0.35,2048,native_all_z,0.7158927199999999,0.7167778015136719,0.0008850815136719481,0.016658593720017593,0.015428413530492107
ZZ_d3_r0_c3,3,2,0,0,3,3,13,null_q035,0.35,2048,native_all_z,0.7158927199999999,0.7148551940917969,-0.001037525908203052,0.016196518526639947,0.015428413530492107
ZZ_d3_r0_c4,3,2,0,0,4,4,14,null_q035,0.35,2048,native_all_z,0.7158927199999999,0.7145843505859375,-0.001308369414062427,0.015471353108021607,0.015428413530492107
ZZ_d3_r1_c0,3,2,0,1,0,5,15,null_q035,0.35,2048,native_all_z,0.7158927199999999,0.7167129516601562,0.0008202316601563231,0.015641764632483474,0.015428413530492107
ZZ_d3_r1_c1,3,2,0,1,1,6,16,null_q035,0.35,2048,native_all_z,0.7158927199999999,0.7159843444824219,9.16244824219481e-05,0.015601382391535657,0.015428413530492107
ZZ_d3_r1_c2,3,2,0,1,2,7,17,null_q035,0.35,2048,native_all_z,0.7158927199999999,0.7177085876464844,0.001815867646484448,0.014765589317724205,0.015428413530492107
ZZ_d3_r1_c3,3,2,0,1,3,8,18,null_q035,0.35,2048,native_all_z,0.7158927199999999,0.7151298522949219,-0.0007628677050780519,0.015514369313195447,0.015428413530492107
ZZ_d3_r1_c4,3,2,0,1,4,9,19,null_q035,0.35,2048,native_all_z,0.7158927199999999,0.7177085876464844,0.001815867646484448,0.015190153685155399,0.015428413530492107
ZZ_d3_r2_c0,3,2,0,2,0,10,20,null_q035,0.35,2048,native_all_z,0.7158927199999999,0.7155914306640625,-0.0003012893359374269,0.016148419624176135,0.015428413530492107
ZZ_d3_r2_c1,3,2,0,2,1,11,21,null_q035,0.35,2048,native_all_z,0.7158927199999999,0.71533203125,-0.0005606887499999269,0.015182964504935424,0.015428413530492107
ZZ_d3_r2_c2,3,2,0,2,2,12,22,null_q035,0.35,2048,native_all_z,0.7158927199999999,0.714263916015625,-0.001628803984374927,0.01556574911195729,0.015428413530492107
ZZ_d3_r2_c3,3,2,0,2,3,13,23,null_q035,0.35,2048,native_all_z,0.7158927199999999,0.7143898010253906,-0.001502918974609302,0.015216496115362466,0.015428413530492107
ZZ_d3_r2_c4,3,2,0,2,4,14,24,null_q035,0.35,2048,native_all_z,0.7158927199999999,0.714141845703125,-0.001750874296874927,0.015193298815906999,0.015428413530492107
ZZ_d3_r3_c0,3,2,0,3,0,15,0,null_q035,0.35,2048,native_all_z,0.7158927199999999,0.7173728942871094,0.001480174287109448,0.01649757276231243,0.015428413530492107
ZZ_d3_r3_c1,3,2,0,3,1,16,1,null_q035,0.35,2048,native_all_z,0.7158927199999999,0.7143516540527344,-0.001541065947265552,0.015230625771015159,0.015428413530492107
ZZ_d3_r3_c2,3,2,0,3,2,17,2,null_q035,0.35,2048,native_all_z,0.7158927199999999,0.7168159484863281,0.0009232284863281981,0.014319438682074102,0.015428413530492107
ZZ_d3_r3_c3,3,2,0,3,3,18,3,null_q035,0.35,2048,native_all_z,0.7158927199999999,0.7157402038574219,-0.0001525161425780519,0.01527385992401783,0.015428413530492107
ZZ_d3_r3_c4,3,2,0,3,4,19,4,null_q035,0.35,2048,native_all_z,0.7158927199999999,0.716888427734375,0.000995707734375073,0.015616878068616454,0.015428413530492107
ZZ_d3_r4_c0,3,2,0,4,0,20,5,null_q035,0.35,2048,native_all_z,0.7158927199999999,0.7173385620117188,0.001445842011718823,0.015580159184941144,0.015428413530492107
ZZ_d3_r4_c1,3,2,0,4,1,21,6,null_q035,0.35,2048,native_all_z,0.7158927199999999,0.7153778076171875,-0.0005149123828124269,0.01566745344054167,0.015428413530492107
ZZ_d3_r4_c2,3,2,0,4,2,22,7,null_q035,0.35,2048,native_all_z,0.7158927199999999,0.7166938781738281,0.0008011581738281981,0.015678130516294478,0.015428413530492107
ZZ_d3_r4_c3,3,2,0,4,3,23,8,null_q035,0.35,2048,native_all_z,0.7158927199999999,0.7158203125,-7.24074999999269e-05,0.015007874409491296,0.015428413530492107
ZZ_d3_r4_c4,3,2,0,4,4,24,9,null_q035,0.35,2048,native_all_z,0.7158927199999999,0.7160301208496094,0.0001374008496094481,0.015775226749554176,0.015428413530492107
ZZ_d0_r0_c0,0,0,1,0,0,0,1,null_q035,0.35,2048,local_pauli_shadow,0.72967688,0.7244796752929688,-0.005197204707031222,0.06443120634307861,0.06430051687283701
ZZ_d0_r0_c1,0,0,1,0,1,1,2,null_q035,0.35,2048,local_pauli_shadow,0.72967688,0.7262306213378906,-0.003446258662109347,0.058960373543910975,0.06430051687283701
ZZ_d0_r0_c2,0,0,1,0,2,2,3,null_q035,0.35,2048,local_pauli_shadow,0.72967688,0.7263164520263672,-0.0033604279736327847,0.06441950065497808,0.06430051687283701
ZZ_d0_r0_c3,0,0,1,0,3,3,4,null_q035,0.35,2048,local_pauli_shadow,0.72967688,0.7269344329833984,-0.0027424470166015347,0.059446832956566956,0.06430051687283701
ZZ_d0_r0_c4,0,0,1,0,4,4,0,null_q035,0.35,2048,local_pauli_shadow,0.72967688,0.7260761260986328,-0.0036007539013671597,0.06275454868356871,0.06430051687283701
ZZ_d0_r1_c0,0,0,1,1,0,5,6,null_q035,0.35,2048,local_pauli_shadow,0.72967688,0.730865478515625,0.0011885985156250278,0.0675467828218219,0.06430051687283701
ZZ_d0_r1_c1,0,0,1,1,1,6,7,null_q035,0.35,2048,local_pauli_shadow,0.72967688,0.7307453155517578,0.0010684355517578403,0.06166998202467557,0.06430051687283701
ZZ_d0_r1_c2,0,0,1,1,2,7,8,null_q035,0.35,2048,local_pauli_shadow,0.72967688,0.7331829071044922,0.0035060271044922153,0.06576867184874781,0.06430051687283701
ZZ_d0_r1_c3,0,0,1,1,3,8,9,null_q035,0.35,2048,local_pauli_shadow,0.72967688,0.7328910827636719,0.003214202763671903,0.0668496903462326,0.06430051687283701
ZZ_d0_r1_c4,0,0,1,1,4,9,5,null_q035,0.35,2048,local_pauli_shadow,0.72967688,0.7322559356689453,0.0025790556689453403,0.06538360636622484,0.06430051687283701
ZZ_d0_r2_c0,0,0,1,2,0,10,11,null_q035,0.35,2048,local_pauli_shadow,0.72967688,0.7324619293212891,0.0027850493212890903,0.06144424485068364,0.06430051687283701
ZZ_d0_r2_c1,0,0,1,2,1,11,12,null_q035,0.35,2048,local_pauli_shadow,0.72967688,0.7298183441162109,0.00014146411621096533,0.06283124129000935,0.06430051687283701
ZZ_d0_r2_c2,0,0,1,2,2,12,13,null_q035,0.35,2048,local_pauli_shadow,0.72967688,0.7329082489013672,0.0032313689013672153,0.0635978913539696,0.06430051687283701
ZZ_d0_r2_c3,0,0,1,2,3,13,14,null_q035,0.35,2048,local_pauli_shadow,0.72967688,0.7269172668457031,-0.002759613154296847,0.06479900136262763,0.06430051687283701
ZZ_d0_r2_c4,0,0,1,2,4,14,10,null_q035,0.35,2048,local_pauli_shadow,0.72967688,0.7324447631835938,0.002767883183593778,0.07047431633595701,0.06430051687283701
ZZ_d0_r3_c0,0,0,1,3,0,15,16,null_q035,0.35,2048,local_pauli_shadow,0.72967688,0.7342643737792969,0.004587493779296903,0.06360166299047815,0.06430051687283701
ZZ_d0_r3_c1,0,0,1,3,1,16,17,null_q035,0.35,2048,local_pauli_shadow,0.72967688,0.732513427734375,0.002836547734375028,0.0634178941741384,0.06430051687283701
ZZ_d0_r3_c2,0,0,1,3,2,17,18,null_q035,0.35,2048,local_pauli_shadow,0.72967688,0.7278614044189453,-0.0018154755810546597,0.06279976627539097,0.06430051687283701
ZZ_d0_r3_c3,0,0,1,3,3,18,19,null_q035,0.35,2048,local_pauli_shadow,0.72967688,0.7267799377441406,-0.002896942255859347,0.06321778271888612,0.06430051687283701
ZZ_d0_r3_c4,0,0,1,3,4,19,15,null_q035,0.35,2048,local_pauli_shadow,0.72967688,0.7262306213378906,-0.003446258662109347,0.058247242939137675,0.06430051687283701
ZZ_d0_r4_c0,0,0,1,4,0,20,21,null_q035,0.35,2048,local_pauli_shadow,0.72967688,0.7352428436279297,0.005565963627929715,0.06312437494042906,0.06430051687283701
ZZ_d0_r4_c1,0,0,1,4,1,21,22,null_q035,0.35,2048,local_pauli_shadow,0.72967688,0.7368221282958984,0.007145248295898465,0.06406166956675755,0.06430051687283701
ZZ_d0_r4_c2,0,0,1,4,2,22,23,null_q035,0.35,2048,local_pauli_shadow,0.72967688,0.7315177917480469,0.0018409117480469028,0.0657326192179925,0.06430051687283701
ZZ_d0_r4_c3,0,0,1,4,3,23,24,null_q035,0.35,2048,local_pauli_shadow,0.72967688,0.7271404266357422,-0.0025364533642577847,0.0630081529235802,0.06430051687283701
ZZ_d0_r4_c4,0,0,1,4,4,24,20,null_q035,0.35,2048,local_pauli_shadow,0.72967688,0.7318096160888672,0.0021327360888672153,0.06456402051801383,0.06430051687283701
ZZ_d1_r0_c0,1,1,0,0,0,0,5,null_q035,0.35,2048,local_pauli_shadow,0.72967688,0.7349853515625,0.005308471562500028,0.0601968794123668,0.06430051687283701
ZZ_d1_r0_c1,1,1,0,0,1,1,6,null_q035,0.35,2048,local_pauli_shadow,0.72967688,0.7274837493896484,-0.0021931306103515347,0.06637715811594595,0.06430051687283701
ZZ_d1_r0_c2,1,1,0,0,2,2,7,null_q035,0.35,2048,local_pauli_shadow,0.72967688,0.7302989959716797,0.0006221159716797153,0.06345228777908989,0.06430051687283701
ZZ_d1_r0_c3,1,1,0,0,3,3,8,null_q035,0.35,2048,local_pauli_shadow,0.72967688,0.7279472351074219,-0.0017296448925780972,0.06545400446720795,0.06430051687283701
ZZ_d1_r0_c4,1,1,0,0,4,4,9,null_q035,0.35,2048,local_pauli_shadow,0.72967688,0.7309341430664062,0.0012572630664062778,0.06465117567138107,0.06430051687283701
ZZ_d1_r1_c0,1,1,0,1,0,5,10,null_q035,0.35,2048,local_pauli_shadow,0.72967688,0.7342643737792969,0.004587493779296903,0.06402840886640102,0.06430051687283701
ZZ_d1_r1_c1,1,1,0,1,1,6,11,null_q035,0.35,2048,local_pauli_shadow,0.72967688,0.731689453125,0.002012573125000028,0.05837355515957529,0.06430051687283701
ZZ_d1_r1_c2,1,1,0,1,2,7,12,null_q035,0.35,2048,local_pauli_shadow,0.72967688,0.7315864562988281,0.0019095762988281528,0.06197435642107558,0.06430051687283701
ZZ_d1_r1_c3,1,1,0,1,3,8,13,null_q035,0.35,2048,local_pauli_shadow,0.72967688,0.7316722869873047,0.0019954069873047153,0.06508691123561687,0.06430051687283701
ZZ_d1_r1_c4,1,1,0,1,4,9,14,null_q035,0.35,2048,local_pauli_shadow,0.72967688,0.7220420837402344,-0.007634796259765597,0.06351017808392644,0.06430051687283701
ZZ_d1_r2_c0,1,1,0,2,0,10,15,null_q035,0.35,2048,local_pauli_shadow,0.72967688,0.7303848266601562,0.0007079466601562778,0.06524278923783877,0.06430051687283701
ZZ_d1_r2_c1,1,1,0,2,1,11,16,null_q035,0.35,2048,local_pauli_shadow,0.72967688,0.7320327758789062,0.002355895878906278,0.05962298337993752,0.06430051687283701
ZZ_d1_r2_c2,1,1,0,2,2,12,17,null_q035,0.35,2048,local_pauli_shadow,0.72967688,0.7298526763916016,0.00017579639160159033,0.06431090419830997,0.06430051687283701
ZZ_d1_r2_c3,1,1,0,2,3,13,18,null_q035,0.35,2048,local_pauli_shadow,0.72967688,0.7305908203125,0.0009139403125000278,0.06554905040466344,0.06430051687283701
ZZ_d1_r2_c4,1,1,0,2,4,14,19,null_q035,0.35,2048,local_pauli_shadow,0.72967688,0.7263336181640625,-0.003343261835937472,0.0634073422268292,0.06430051687283701
ZZ_d1_r3_c0,1,1,0,3,0,15,20,null_q035,0.35,2048,local_pauli_shadow,0.72967688,0.7254924774169922,-0.004184402583007785,0.06686166671789603,0.06430051687283701
ZZ_d1_r3_c1,1,1,0,3,1,16,21,null_q035,0.35,2048,local_pauli_shadow,0.72967688,0.7352771759033203,0.00560029590332034,0.05862336332939086,0.06430051687283701
ZZ_d1_r3_c2,1,1,0,3,2,17,22,null_q035,0.35,2048,local_pauli_shadow,0.72967688,0.7334575653076172,0.0037806853076172153,0.060595622452648844,0.06430051687283701
ZZ_d1_r3_c3,1,1,0,3,3,18,23,null_q035,0.35,2048,local_pauli_shadow,0.72967688,0.7348308563232422,0.005153976323242215,0.06885397443733307,0.06430051687283701
ZZ_d1_r3_c4,1,1,0,3,4,19,24,null_q035,0.35,2048,local_pauli_shadow,0.72967688,0.7284793853759766,-0.0011974946240234097,0.06463543314891641,0.06430051687283701
ZZ_d1_r4_c0,1,1,0,4,0,20,0,null_q035,0.35,2048,local_pauli_shadow,0.72967688,0.7285652160644531,-0.0011116639355468472,0.06894795765262803,0.06430051687283701
ZZ_d1_r4_c1,1,1,0,4,1,21,1,null_q035,0.35,2048,local_pauli_shadow,0.72967688,0.7266254425048828,-0.0030514374951171597,0.06167865011053634,0.06430051687283701
ZZ_d1_r4_c2,1,1,0,4,2,22,2,null_q035,0.35,2048,local_pauli_shadow,0.72967688,0.730865478515625,0.0011885985156250278,0.06924422973242145,0.06430051687283701
ZZ_d1_r4_c3,1,1,0,4,3,23,3,null_q035,0.35,2048,local_pauli_shadow,0.72967688,0.7293548583984375,-0.00032202160156247217,0.06461016780455249,0.06430051687283701
ZZ_d1_r4_c4,1,1,0,4,4,24,4,null_q035,0.35,2048,local_pauli_shadow,0.72967688,0.7303676605224609,0.0006907805224609653,0.06594723929713085,0.06430051687283701
ZZ_d2_r0_c0,2,0,2,0,0,0,2,null_q035,0.35,2048,local_pauli_shadow,0.7158927199999999,0.7108325958251953,-0.005060124174804599,0.06432804476370022,0.06437612868189475
ZZ_d2_r0_c1,2,0,2,0,1,1,3,null_q035,0.35,2048,local_pauli_shadow,0.7158927199999999,0.72015380859375,0.0042610885937500766,0.057892769083017596,0.06437612868189475
ZZ_d2_r0_c2,2,0,2,0,2,2,4,null_q035,0.35,2048,local_pauli_shadow,0.7158927199999999,0.7090988159179688,-0.006793904082031095,0.06717333354119832,0.06437612868189475
ZZ_d2_r0_c3,2,0,2,0,3,3,0,null_q035,0.35,2048,local_pauli_shadow,0.7158927199999999,0.7158966064453125,3.886445312585238e-06,0.06088110568720015,0.06437612868189475
ZZ_d2_r0_c4,2,0,2,0,4,4,1,null_q035,0.35,2048,local_pauli_shadow,0.7158927199999999,0.7136135101318359,-0.0022792098681639434,0.06352481309464701,0.06437612868189475
ZZ_d2_r1_c0,2,0,2,1,0,5,7,null_q035,0.35,2048,local_pauli_shadow,0.7158927199999999,0.718505859375,0.002613139375000096,0.06268499268099569,0.06437612868189475
ZZ_d2_r1_c1,2,0,2,1,1,6,8,null_q035,0.35,2048,local_pauli_shadow,0.7158927199999999,0.7201023101806641,0.004209590180664136,0.06330804320055494,0.06437612868189475
ZZ_d2_r1_c2,2,0,2,1,2,7,9,null_q035,0.35,2048,local_pauli_shadow,0.7158927199999999,0.7158794403076172,-1.3279692382739405e-05,0.06590913385205442,0.06437612868189475
ZZ_d2_r1_c3,2,0,2,1,3,8,5,null_q035,0.35,2048,local_pauli_shadow,0.7158927199999999,0.722076416015625,0.006183696015625087,0.0655207416274843,0.06437612868189475
ZZ_d2_r1_c4,2,0,2,1,4,9,6,null_q035,0.35,2048,local_pauli_shadow,0.7158927199999999,0.7112274169921875,-0.004665303007812425,0.06295982573290108,0.06437612868189475
ZZ_d2_r2_c0,2,0,2,2,0,10,12,null_q035,0.35,2048,local_pauli_shadow,0.7158927199999999,0.7158622741699219,-3.0445830078051905e-05,0.06278891472224203,0.06437612868189475
ZZ_d2_r2_c1,2,0,2,2,1,11,13,null_q035,0.35,2048,local_pauli_shadow,0.7158927199999999,0.7172012329101562,0.001308512910156323,0.05897809892646907,0.06437612868189475
ZZ_d2_r2_c2,2,0,2,2,2,12,14,null_q035,0.35,2048,local_pauli_shadow,0.7158927199999999,0.7087898254394531,-0.0071028945605467915,0.06514982485903201,0.06437612868189475
ZZ_d2_r2_c3,2,0,2,2,3,13,10,null_q035,0.35,2048,local_pauli_shadow,0.7158927199999999,0.7144031524658203,-0.0014895675341796144,0.06797126533273852,0.06437612868189475
ZZ_d2_r2_c4,2,0,2,2,4,14,11,null_q035,0.35,2048,local_pauli_shadow,0.7158927199999999,0.7145919799804688,-0.001300740019531177,0.06272399985569732,0.06437612868189475
ZZ_d2_r3_c0,2,0,2,3,0,15,17,null_q035,0.35,2048,local_pauli_shadow,0.7158927199999999,0.717681884765625,0.001789164765625073,0.06850585343604877,0.06437612868189475
ZZ_d2_r3_c1,2,0,2,3,1,16,18,null_q035,0.35,2048,local_pauli_shadow,0.7158927199999999,0.7194499969482422,0.003557276948242272,0.06689826394959074,0.06437612868189475
ZZ_d2_r3_c2,2,0,2,3,2,17,19,null_q035,0.35,2048,local_pauli_shadow,0.7158927199999999,0.7159137725830078,2.1052583007905544e-05,0.06319821361770263,0.06437612868189475
ZZ_d2_r3_c3,2,0,2,3,3,18,15,null_q035,0.35,2048,local_pauli_shadow,0.7158927199999999,0.7176303863525391,0.0017376663525391373,0.06335375110273785,0.06437612868189475
ZZ_d2_r3_c4,2,0,2,3,4,19,16,null_q035,0.35,2048,local_pauli_shadow,0.7158927199999999,0.7202911376953125,0.004398417695312574,0.06262460181726465,0.06437612868189475
ZZ_d2_r4_c0,2,0,2,4,0,20,22,null_q035,0.35,2048,local_pauli_shadow,0.7158927199999999,0.7217330932617188,0.005840373261718884,0.06216632334484219,0.06437612868189475
ZZ_d2_r4_c1,2,0,2,4,1,21,23,null_q035,0.35,2048,local_pauli_shadow,0.7158927199999999,0.7168750762939453,0.0009823562939453856,0.060635137983096145,0.06437612868189475
ZZ_d2_r4_c2,2,0,2,4,2,22,24,null_q035,0.35,2048,local_pauli_shadow,0.7158927199999999,0.719879150390625,0.003986430390625096,0.06421697954680564,0.06437612868189475
ZZ_d2_r4_c3,2,0,2,4,3,23,20,null_q035,0.35,2048,local_pauli_shadow,0.7158927199999999,0.7183856964111328,0.002492976411132931,0.0637101623458815,0.06437612868189475
ZZ_d2_r4_c4,2,0,2,4,4,24,21,null_q035,0.35,2048,local_pauli_shadow,0.7158927199999999,0.7183856964111328,0.0024929764111328856,0.061037305625123606,0.06437612868189475
ZZ_d3_r0_c0,3,2,0,0,0,0,10,null_q035,0.35,2048,local_pauli_shadow,0.7158927199999999,0.7175273895263672,0.0016346695263672606,0.06419293445518169,0.06437612868189475
ZZ_d3_r0_c1,3,2,0,0,1,1,11,null_q035,0.35,2048,local_pauli_shadow,0.7158927199999999,0.7154331207275391,-0.0004595992724608644,0.06284911903273796,0.06437612868189475
ZZ_d3_r0_c2,3,2,0,0,2,2,12,null_q035,0.35,2048,local_pauli_shadow,0.7158927199999999,0.7104721069335938,-0.005420613066406165,0.06947492211134368,0.06437612868189475
ZZ_d3_r0_c3,3,2,0,0,3,3,13,null_q035,0.35,2048,local_pauli_shadow,0.7158927199999999,0.7114162445068359,-0.0044764754931639825,0.06684153215193252,0.06437612868189475
ZZ_d3_r0_c4,3,2,0,0,4,4,14,null_q035,0.35,2048,local_pauli_shadow,0.7158927199999999,0.7121372222900391,-0.003755497709960865,0.06983413710946093,0.06437612868189475
ZZ_d3_r1_c0,3,2,0,1,0,5,15,null_q035,0.35,2048,local_pauli_shadow,0.7158927199999999,0.7228145599365234,0.00692183993652354,0.0694451014489463,0.06437612868189475
ZZ_d3_r1_c1,3,2,0,1,1,6,16,null_q035,0.35,2048,local_pauli_shadow,0.7158927199999999,0.7186431884765625,0.0027504684765625943,0.06590768726420486,0.06437612868189475
ZZ_d3_r1_c2,3,2,0,1,2,7,17,null_q035,0.35,2048,local_pauli_shadow,0.7158927199999999,0.7139739990234375,-0.0019187209765624273,0.06541050245355762,0.06437612868189475
ZZ_d3_r1_c3,3,2,0,1,3,8,18,null_q035,0.35,2048,local_pauli_shadow,0.7158927199999999,0.7180595397949219,0.002166819794921948,0.06278905072624015,0.06437612868189475
ZZ_d3_r1_c4,3,2,0,1,4,9,19,null_q035,0.35,2048,local_pauli_shadow,0.7158927199999999,0.7164802551269531,0.0005875351269531981,0.06316313767976652,0.06437612868189475
ZZ_d3_r2_c0,3,2,0,2,0,10,20,null_q035,0.35,2048,local_pauli_shadow,0.7158927199999999,0.7156047821044922,-0.0002879378955077394,0.06684953431385987,0.06437612868189475
ZZ_d3_r2_c1,3,2,0,2,1,11,21,null_q035,0.35,2048,local_pauli_shadow,0.7158927199999999,0.7219905853271484,0.00609786532714853,0.06370053896384079,0.06437612868189475
ZZ_d3_r2_c2,3,2,0,2,2,12,22,null_q035,0.35,2048,local_pauli_shadow,0.7158927199999999,0.7156219482421875,-0.0002707717578124269,0.05920953213590412,0.06437612868189475
ZZ_d3_r2_c3,3,2,0,2,3,13,23,null_q035,0.35,2048,local_pauli_shadow,0.7158927199999999,0.7137680053710938,-0.002124714628906177,0.06257885749399654,0.06437612868189475
ZZ_d3_r2_c4,3,2,0,2,4,14,24,null_q035,0.35,2048,local_pauli_shadow,0.7158927199999999,0.7144546508789062,-0.0014380691210936578,0.06511186858865389,0.06437612868189475
ZZ_d3_r3_c0,3,2,0,3,0,15,0,null_q035,0.35,2048,local_pauli_shadow,0.7158927199999999,0.7166004180908203,0.0007076980908203856,0.05981152062358699,0.06437612868189475
ZZ_d3_r3_c1,3,2,0,3,1,16,1,null_q035,0.35,2048,local_pauli_shadow,0.7158927199999999,0.7176132202148438,0.0017205002148438227,0.060518787723515294,0.06437612868189475
ZZ_d3_r3_c2,3,2,0,3,2,17,2,null_q035,0.35,2048,local_pauli_shadow,0.7158927199999999,0.7123088836669922,-0.0035838363330077307,0.06253478926243654,0.06437612868189475
ZZ_d3_r3_c3,3,2,0,3,3,18,3,null_q035,0.35,2048,local_pauli_shadow,0.7158927199999999,0.7162399291992188,0.0003472091992188231,0.06261094782113032,0.06437612868189475
ZZ_d3_r3_c4,3,2,0,3,4,19,4,null_q035,0.35,2048,local_pauli_shadow,0.7158927199999999,0.7131843566894531,-0.0027083633105467594,0.06653639371388732,0.06437612868189475
ZZ_d3_r4_c0,3,2,0,4,0,20,5,null_q035,0.35,2048,local_pauli_shadow,0.7158927199999999,0.7134761810302734,-0.002416538969726485,0.06690736026443188,0.06437612868189475
ZZ_d3_r4_c1,3,2,0,4,1,21,6,null_q035,0.35,2048,local_pauli_shadow,0.7158927199999999,0.7200679779052734,0.004175257905273547,0.06763663476236545,0.06437612868189475
ZZ_d3_r4_c2,3,2,0,4,2,22,7,null_q035,0.35,2048,local_pauli_shadow,0.7158927199999999,0.7209606170654297,0.0050678970654298265,0.06015866435259767,0.06437612868189475
ZZ_d3_r4_c3,3,2,0,4,3,23,8,null_q035,0.35,2048,local_pauli_shadow,0.7158927199999999,0.7176303863525391,0.0017376663525391356,0.06305536626264038,0.06437612868189475
ZZ_d3_r4_c4,3,2,0,4,4,24,9,null_q035,0.35,2048,local_pauli_shadow,0.7158927199999999,0.7178707122802734,0.001977992280273516,0.06441218929186256,0.06437612868189475
ZZ_d0_r0_c0,0,0,1,0,0,0,1,null_q035,0.35,4096,native_all_z,0.72967688,0.7294197082519531,-0.00025717174804684717,0.009858045688301878,0.010684251731263096
ZZ_d0_r0_c1,0,0,1,0,1,1,2,null_q035,0.35,4096,native_all_z,0.72967688,0.7300300598144531,0.00035317981445315283,0.009701196502648876,0.010684251731263096
ZZ_d0_r0_c2,0,0,1,0,2,2,3,null_q035,0.35,4096,native_all_z,0.72967688,0.7301959991455078,0.0005191191455078403,0.01101775350337093,0.010684251731263096
ZZ_d0_r0_c3,0,0,1,0,3,3,4,null_q035,0.35,4096,native_all_z,0.72967688,0.7293701171875,-0.00030676281249997217,0.011461658180674917,0.010684251731263096
ZZ_d0_r0_c4,0,0,1,0,4,4,0,null_q035,0.35,4096,native_all_z,0.72967688,0.7285594940185547,-0.0011173859814452847,0.010459098222488654,0.010684251731263096
ZZ_d0_r1_c0,0,0,1,1,0,5,6,null_q035,0.35,4096,native_all_z,0.72967688,0.7301158905029297,0.00043901050292971533,0.01140052135089008,0.010684251731263096
ZZ_d0_r1_c1,0,0,1,1,1,6,7,null_q035,0.35,4096,native_all_z,0.72967688,0.7292919158935547,-0.00038496410644528467,0.011460033627036112,0.010684251731263096
ZZ_d0_r1_c2,0,0,1,1,2,7,8,null_q035,0.35,4096,native_all_z,0.72967688,0.7302951812744141,0.0006183012744140903,0.011294602254536944,0.010684251731263096
ZZ_d0_r1_c3,0,0,1,1,3,8,9,null_q035,0.35,4096,native_all_z,0.72967688,0.7301845550537109,0.0005076750537109653,0.010965922460753728,0.010684251731263096
ZZ_d0_r1_c4,0,0,1,1,4,9,5,null_q035,0.35,4096,native_all_z,0.72967688,0.7311286926269531,0.0014518126269531528,0.010690109827764551,0.010684251731263096
ZZ_d0_r2_c0,0,0,1,2,0,10,11,null_q035,0.35,4096,native_all_z,0.72967688,0.7307662963867188,0.0010894163867187778,0.010115427929712567,0.010684251731263096
ZZ_d0_r2_c1,0,0,1,2,1,11,12,null_q035,0.35,4096,native_all_z,0.72967688,0.7302589416503906,0.0005820616503906528,0.010047771296221775,0.010684251731263096
ZZ_d0_r2_c2,0,0,1,2,2,12,13,null_q035,0.35,4096,native_all_z,0.72967688,0.7296962738037109,1.939380371096533e-05,0.010900060454188473,0.010684251731263096
ZZ_d0_r2_c3,0,0,1,2,3,13,14,null_q035,0.35,4096,native_all_z,0.72967688,0.7288627624511719,-0.0008141175488280972,0.01149829578360597,0.010684251731263096
ZZ_d0_r2_c4,0,0,1,2,4,14,10,null_q035,0.35,4096,native_all_z,0.72967688,0.7284908294677734,-0.0011860505322265347,0.011529862079925113,0.010684251731263096
ZZ_d0_r3_c0,0,0,1,3,0,15,16,null_q035,0.35,4096,native_all_z,0.72967688,0.7297859191894531,0.00010903918945315283,0.01041692063443725,0.010684251731263096
ZZ_d0_r3_c1,0,0,1,3,1,16,17,null_q035,0.35,4096,native_all_z,0.72967688,0.7300510406494141,0.00037416064941409033,0.010358277972540348,0.010684251731263096
ZZ_d0_r3_c2,0,0,1,3,2,17,18,null_q035,0.35,4096,native_all_z,0.72967688,0.7305469512939453,0.0008700712939453403,0.010715159398730549,0.010684251731263096
ZZ_d0_r3_c3,0,0,1,3,3,18,19,null_q035,0.35,4096,native_all_z,0.72967688,0.7294120788574219,-0.00026480114257809717,0.010241837427647556,0.010684251731263096
ZZ_d0_r3_c4,0,0,1,3,4,19,15,null_q035,0.35,4096,native_all_z,0.72967688,0.7289924621582031,-0.0006844178417968472,0.010587305260211222,0.010684251731263096
ZZ_d0_r4_c0,0,0,1,4,0,20,21,null_q035,0.35,4096,native_all_z,0.72967688,0.7292079925537109,-0.00046888744628903467,0.01080858109864283,0.010684251731263096
ZZ_d0_r4_c1,0,0,1,4,1,21,22,null_q035,0.35,4096,native_all_z,0.72967688,0.7291488647460938,-0.0005280152539062222,0.010506240700440877,0.010684251731263096
ZZ_d0_r4_c2,0,0,1,4,2,22,23,null_q035,0.35,4096,native_all_z,0.72967688,0.7294559478759766,-0.00022093212402340967,0.010508775784767931,0.010684251731263096
ZZ_d0_r4_c3,0,0,1,4,3,23,24,null_q035,0.35,4096,native_all_z,0.72967688,0.7302913665771484,0.0006144865771484653,0.010184857218453415,0.010684251731263096
ZZ_d0_r4_c4,0,0,1,4,4,24,20,null_q035,0.35,4096,native_all_z,0.72967688,0.7295207977294922,-0.00015608227050778467,0.011082053299590455,0.010684251731263096
ZZ_d1_r0_c0,1,1,0,0,0,0,5,null_q035,0.35,4096,native_all_z,0.72967688,0.7309703826904297,0.0012935026904297153,0.011115159665337401,0.010684251731263096
ZZ_d1_r0_c1,1,1,0,0,1,1,6,null_q035,0.35,4096,native_all_z,0.72967688,0.7298583984375,0.00018151843750002783,0.010957186669690628,0.010684251731263096
ZZ_d1_r0_c2,1,1,0,0,2,2,7,null_q035,0.35,4096,native_all_z,0.72967688,0.7304248809814453,0.0007480009814453403,0.010284183760459146,0.010684251731263096
ZZ_d1_r0_c3,1,1,0,0,3,3,8,null_q035,0.35,4096,native_all_z,0.72967688,0.7298069000244141,0.00013002002441409033,0.010382114352990109,0.010684251731263096
ZZ_d1_r0_c4,1,1,0,0,4,4,9,null_q035,0.35,4096,native_all_z,0.72967688,0.730010986328125,0.00033410632812502783,0.009879255041829698,0.010684251731263096
ZZ_d1_r1_c0,1,1,0,1,0,5,10,null_q035,0.35,4096,native_all_z,0.72967688,0.7304439544677734,0.0007670744677734653,0.010906955653253687,0.010684251731263096
ZZ_d1_r1_c1,1,1,0,1,1,6,11,null_q035,0.35,4096,native_all_z,0.72967688,0.7304267883300781,0.0007499083300781528,0.010653648562828025,0.010684251731263096
ZZ_d1_r1_c2,1,1,0,1,2,7,12,null_q035,0.35,4096,native_all_z,0.72967688,0.7310314178466797,0.0013545378466797153,0.010854443644086853,0.010684251731263096
ZZ_d1_r1_c3,1,1,0,1,3,8,13,null_q035,0.35,4096,native_all_z,0.72967688,0.7293796539306641,-0.00029722606933590967,0.011356814831495225,0.010684251731263096
ZZ_d1_r1_c4,1,1,0,1,4,9,14,null_q035,0.35,4096,native_all_z,0.72967688,0.7294044494628906,-0.00027243053710934717,0.011204957005403197,0.010684251731263096
ZZ_d1_r2_c0,1,1,0,2,0,10,15,null_q035,0.35,4096,native_all_z,0.72967688,0.7290115356445312,-0.0006653443554687222,0.010323662535748747,0.010684251731263096
ZZ_d1_r2_c1,1,1,0,2,1,11,16,null_q035,0.35,4096,native_all_z,0.72967688,0.7299423217773438,0.00026544177734377783,0.010540724331218491,0.010684251731263096
ZZ_d1_r2_c2,1,1,0,2,2,12,17,null_q035,0.35,4096,native_all_z,0.72967688,0.7313518524169922,0.0016749724169922153,0.0104519937868999,0.010684251731263096
ZZ_d1_r2_c3,1,1,0,2,3,13,18,null_q035,0.35,4096,native_all_z,0.72967688,0.7295360565185547,-0.00014082348144528467,0.011246057854466225,0.010684251731263096
ZZ_d1_r2_c4,1,1,0,2,4,14,19,null_q035,0.35,4096,native_all_z,0.72967688,0.7286472320556641,-0.0010296479443359097,0.010148311064276092,0.010684251731263096
ZZ_d1_r3_c0,1,1,0,3,0,15,20,null_q035,0.35,4096,native_all_z,0.72967688,0.7292518615722656,-0.00042501842773434717,0.010961799612954131,0.010684251731263096
ZZ_d1_r3_c1,1,1,0,3,1,16,21,null_q035,0.35,4096,native_all_z,0.72967688,0.7290439605712891,-0.0006329194287109097,0.011434990047710493,0.010684251731263096
ZZ_d1_r3_c2,1,1,0,3,2,17,22,null_q035,0.35,4096,native_all_z,0.72967688,0.7307472229003906,0.0010703429003906528,0.010335184556913036,0.010684251731263096
ZZ_d1_r3_c3,1,1,0,3,3,18,23,null_q035,0.35,4096,native_all_z,0.72967688,0.7292556762695312,-0.00042120373046872217,0.010345253407734156,0.010684251731263096
ZZ_d1_r3_c4,1,1,0,3,4,19,24,null_q035,0.35,4096,native_all_z,0.72967688,0.7293872833251953,-0.00028959667480465967,0.010830139175328924,0.010684251731263096
ZZ_d1_r4_c0,1,1,0,4,0,20,0,null_q035,0.35,4096,native_all_z,0.72967688,0.7294349670410156,-0.00024191295898434717,0.011290733590109948,0.010684251731263096
ZZ_d1_r4_c1,1,1,0,4,1,21,1,null_q035,0.35,4096,native_all_z,0.72967688,0.7294406890869141,-0.00023619091308590967,0.010441207143499236,0.010684251731263096
ZZ_d1_r4_c2,1,1,0,4,2,22,2,null_q035,0.35,4096,native_all_z,0.72967688,0.7299938201904297,0.00031694019042971533,0.010433917880880886,0.010684251731263096
ZZ_d1_r4_c3,1,1,0,4,3,23,3,null_q035,0.35,4096,native_all_z,0.72967688,0.7291393280029297,-0.0005375519970702847,0.010677732926925575,0.010684251731263096
ZZ_d1_r4_c4,1,1,0,4,4,24,4,null_q035,0.35,4096,native_all_z,0.72967688,0.7291984558105469,-0.00047842418945309717,0.010299089330442246,0.010684251731263096
ZZ_d2_r0_c0,2,0,2,0,0,0,2,null_q035,0.35,4096,native_all_z,0.7158927199999999,0.7160110473632812,0.0001183273632813231,0.010962225493320474,0.010909535830361252
ZZ_d2_r0_c1,2,0,2,0,1,1,3,null_q035,0.35,4096,native_all_z,0.7158927199999999,0.7161502838134766,0.0002575638134766356,0.010844494317315913,0.010909535830361252
ZZ_d2_r0_c2,2,0,2,0,2,2,4,null_q035,0.35,4096,native_all_z,0.7158927199999999,0.7157993316650391,-9.33883349608644e-05,0.011807340969371092,0.010909535830361252
ZZ_d2_r0_c3,2,0,2,0,3,3,0,null_q035,0.35,4096,native_all_z,0.7158927199999999,0.7156887054443359,-0.0002040145556639894,0.011397614507216946,0.010909535830361252
ZZ_d2_r0_c4,2,0,2,0,4,4,1,null_q035,0.35,4096,native_all_z,0.7158927199999999,0.7164440155029297,0.0005512955029297606,0.010184262572211777,0.010909535830361252
ZZ_d2_r1_c0,2,0,2,1,0,5,7,null_q035,0.35,4096,native_all_z,0.7158927199999999,0.7172775268554688,0.001384806855468823,0.011319719743290019,0.010909535830361252
ZZ_d2_r1_c1,2,0,2,1,1,6,8,null_q035,0.35,4096,native_all_z,0.7158927199999999,0.7160415649414062,0.0001488449414063231,0.010569009956016362,0.010909535830361252
ZZ_d2_r1_c2,2,0,2,1,2,7,9,null_q035,0.35,4096,native_all_z,0.7158927199999999,0.7165298461914062,0.0006371261914063231,0.010627537964468197,0.010909535830361252
ZZ_d2_r1_c3,2,0,2,1,3,8,5,null_q035,0.35,4096,native_all_z,0.7158927199999999,0.7171039581298828,0.0012112381298828856,0.011569383735962412,0.010909535830361252
ZZ_d2_r1_c4,2,0,2,1,4,9,6,null_q035,0.35,4096,native_all_z,0.7158927199999999,0.7161502838134766,0.0002575638134766356,0.011000023715905994,0.010909535830361252
ZZ_d2_r2_c0,2,0,2,2,0,10,12,null_q035,0.35,4096,native_all_z,0.7158927199999999,0.716583251953125,0.0006905319531250731,0.01078903201652254,0.010909535830361252
ZZ_d2_r2_c1,2,0,2,2,1,11,13,null_q035,0.35,4096,native_all_z,0.7158927199999999,0.7160930633544922,0.0002003433544922606,0.010339840890549632,0.010909535830361252
ZZ_d2_r2_c2,2,0,2,2,2,12,14,null_q035,0.35,4096,native_all_z,0.7158927199999999,0.7151622772216797,-0.0007304427783202394,0.011031458663481838,0.010909535830361252
ZZ_d2_r2_c3,2,0,2,2,3,13,10,null_q035,0.35,4096,native_all_z,0.7158927199999999,0.7153072357177734,-0.0005854842822264894,0.010352811638317378,0.010909535830361252
ZZ_d2_r2_c4,2,0,2,2,4,14,11,null_q035,0.35,4096,native_all_z,0.7158927199999999,0.7154407501220703,-0.0004519698779296144,0.010987839027184473,0.010909535830361252
ZZ_d2_r3_c0,2,0,2,3,0,15,17,null_q035,0.35,4096,native_all_z,0.7158927199999999,0.7158069610595703,-8.57589404296144e-05,0.010612428250875498,0.010909535830361252
ZZ_d2_r3_c1,2,0,2,3,1,16,18,null_q035,0.35,4096,native_all_z,0.7158927199999999,0.7153091430664062,-0.0005835769335936769,0.010604457192418428,0.010909535830361252
ZZ_d2_r3_c2,2,0,2,3,2,17,19,null_q035,0.35,4096,native_all_z,0.7158927199999999,0.7168750762939453,0.0009823562939453856,0.011285671897404414,0.010909535830361252
ZZ_d2_r3_c3,2,0,2,3,3,18,15,null_q035,0.35,4096,native_all_z,0.7158927199999999,0.7156219482421875,-0.0002707717578124269,0.010820384812869429,0.010909535830361252
ZZ_d2_r3_c4,2,0,2,3,4,19,16,null_q035,0.35,4096,native_all_z,0.7158927199999999,0.7151451110839844,-0.0007476089160155519,0.010156285725107416,0.010909535830361252
ZZ_d2_r4_c0,2,0,2,4,0,20,22,null_q035,0.35,4096,native_all_z,0.7158927199999999,0.7157840728759766,-0.0001086471240233644,0.01138384469111745,0.010909535830361252
ZZ_d2_r4_c1,2,0,2,4,1,21,23,null_q035,0.35,4096,native_all_z,0.7158927199999999,0.7151241302490234,-0.0007685897509764894,0.010717227790337267,0.010909535830361252
ZZ_d2_r4_c2,2,0,2,4,2,22,24,null_q035,0.35,4096,native_all_z,0.7158927199999999,0.7158012390136719,-9.14809863280519e-05,0.010583247729593116,0.010909535830361252
ZZ_d2_r4_c3,2,0,2,4,3,23,20,null_q035,0.35,4096,native_all_z,0.7158927199999999,0.715118408203125,-0.0007743117968749269,0.011034827578352878,0.010909535830361252
ZZ_d2_r4_c4,2,0,2,4,4,24,21,null_q035,0.35,4096,native_all_z,0.7158927199999999,0.7154808044433594,-0.0004119155566405519,0.010805999093153744,0.010909535830361252
ZZ_d3_r0_c0,3,2,0,0,0,0,10,null_q035,0.35,4096,native_all_z,0.7158927199999999,0.7152938842773438,-0.0005988357226561769,0.010339807901412503,0.010909535830361252
ZZ_d3_r0_c1,3,2,0,0,1,1,11,null_q035,0.35,4096,native_all_z,0.7158927199999999,0.7170982360839844,0.001205516083984448,0.010548003459213532,0.010909535830361252
ZZ_d3_r0_c2,3,2,0,0,2,2,12,null_q035,0.35,4096,native_all_z,0.7158927199999999,0.71734619140625,0.001453471406250073,0.01182115493152693,0.010909535830361252
ZZ_d3_r0_c3,3,2,0,0,3,3,13,null_q035,0.35,4096,native_all_z,0.7158927199999999,0.7151527404785156,-0.0007399795214843019,0.011680837053764841,0.010909535830361252
ZZ_d3_r0_c4,3,2,0,0,4,4,14,null_q035,0.35,4096,native_all_z,0.7158927199999999,0.7145004272460938,-0.001392292753906177,0.011250555220044547,0.010909535830361252
ZZ_d3_r1_c0,3,2,0,1,0,5,15,null_q035,0.35,4096,native_all_z,0.7158927199999999,0.7159938812255859,0.0001011612255860106,0.01060790491405429,0.010909535830361252
ZZ_d3_r1_c1,3,2,0,1,1,6,16,null_q035,0.35,4096,native_all_z,0.7158927199999999,0.7150497436523438,-0.0008429763476561769,0.011795012292089284,0.010909535830361252
ZZ_d3_r1_c2,3,2,0,1,2,7,17,null_q035,0.35,4096,native_all_z,0.7158927199999999,0.7175865173339844,0.001693797333984448,0.010463168527469043,0.010909535830361252
ZZ_d3_r1_c3,3,2,0,1,3,8,18,null_q035,0.35,4096,native_all_z,0.7158927199999999,0.7153701782226562,-0.0005225417773436769,0.010962465548816608,0.010909535830361252
ZZ_d3_r1_c4,3,2,0,1,4,9,19,null_q035,0.35,4096,native_all_z,0.7158927199999999,0.7166233062744141,0.0007305862744141356,0.01032711276197325,0.010909535830361252
ZZ_d3_r2_c0,3,2,0,2,0,10,20,null_q035,0.35,4096,native_all_z,0.7158927199999999,0.715240478515625,-0.0006522414843749269,0.010849837693197847,0.010909535830361252
ZZ_d3_r2_c1,3,2,0,2,1,11,21,null_q035,0.35,4096,native_all_z,0.7158927199999999,0.7161998748779297,0.0003071548779297606,0.011009260607432209,0.010909535830361252
ZZ_d3_r2_c2,3,2,0,2,2,12,22,null_q035,0.35,4096,native_all_z,0.7158927199999999,0.7153186798095703,-0.0005740401904296144,0.010598725898439312,0.010909535830361252
ZZ_d3_r2_c3,3,2,0,2,3,13,23,null_q035,0.35,4096,native_all_z,0.7158927199999999,0.7152233123779297,-0.0006694076220702394,0.01167485676867689,0.010909535830361252
ZZ_d3_r2_c4,3,2,0,2,4,14,24,null_q035,0.35,4096,native_all_z,0.7158927199999999,0.7140007019042969,-0.001892018095703052,0.011581031595819026,0.010909535830361252
ZZ_d3_r3_c0,3,2,0,3,0,15,0,null_q035,0.35,4096,native_all_z,0.7158927199999999,0.7154541015625,-0.0004386184374999269,0.010979823116836597,0.010909535830361252
ZZ_d3_r3_c1,3,2,0,3,1,16,1,null_q035,0.35,4096,native_all_z,0.7158927199999999,0.7153396606445312,-0.0005530593554686769,0.01092402990724194,0.010909535830361252
ZZ_d3_r3_c2,3,2,0,3,2,17,2,null_q035,0.35,4096,native_all_z,0.7158927199999999,0.7168064117431641,0.0009136917431641356,0.010544841050308272,0.010909535830361252
ZZ_d3_r3_c3,3,2,0,3,3,18,3,null_q035,0.35,4096,native_all_z,0.7158927199999999,0.7154407501220703,-0.0004519698779296144,0.011227634283949526,0.010909535830361252
ZZ_d3_r3_c4,3,2,0,3,4,19,4,null_q035,0.35,4096,native_all_z,0.7158927199999999,0.7159862518310547,9.35318310547606e-05,0.01141605561992793,0.010909535830361252
ZZ_d3_r4_c0,3,2,0,4,0,20,5,null_q035,0.35,4096,native_all_z,0.7158927199999999,0.7167568206787109,0.0008641006787110106,0.011872044250858168,0.010909535830361252
ZZ_d3_r4_c1,3,2,0,4,1,21,6,null_q035,0.35,4096,native_all_z,0.7158927199999999,0.7160282135009766,0.0001354935009766356,0.011439830836034311,0.010909535830361252
ZZ_d3_r4_c2,3,2,0,4,2,22,7,null_q035,0.35,4096,native_all_z,0.7158927199999999,0.716705322265625,0.0008126022656250731,0.010202826284504071,0.010909535830361252
ZZ_d3_r4_c3,3,2,0,4,3,23,8,null_q035,0.35,4096,native_all_z,0.7158927199999999,0.7157630920410156,-0.0001296279589843019,0.010862394318655698,0.010909535830361252
ZZ_d3_r4_c4,3,2,0,4,4,24,9,null_q035,0.35,4096,native_all_z,0.7158927199999999,0.7162284851074219,0.0003357651074219481,0.009731526979954882,0.010909535830361252
ZZ_d0_r0_c0,0,0,1,0,0,0,1,null_q035,0.35,4096,local_pauli_shadow,0.72967688,0.7270975112915039,-0.002579368708496066,0.04288093483382335,0.04546733151458306
ZZ_d0_r0_c1,0,0,1,0,1,1,2,null_q035,0.35,4096,local_pauli_shadow,0.72967688,0.7276725769042969,-0.002004303095703097,0.04631991674148714,0.04546733151458306
ZZ_d0_r0_c2,0,0,1,0,2,2,3,null_q035,0.35,4096,local_pauli_shadow,0.72967688,0.7302389144897461,0.0005620344897461216,0.045488527890357726,0.04546733151458306
ZZ_d0_r0_c3,0,0,1,0,3,3,4,null_q035,0.35,4096,local_pauli_shadow,0.72967688,0.7271490097045898,-0.0025278702954101284,0.044961116460545916,0.04546733151458306
ZZ_d0_r0_c4,0,0,1,0,4,4,0,null_q035,0.35,4096,local_pauli_shadow,0.72967688,0.7235698699951172,-0.006107010004882785,0.04230222424450137,0.04546733151458306
ZZ_d0_r1_c0,0,0,1,1,0,5,6,null_q035,0.35,4096,local_pauli_shadow,0.72967688,0.7314319610595703,0.0017550810595703403,0.04731576803329275,0.04546733151458306
ZZ_d0_r1_c1,0,0,1,1,1,6,7,null_q035,0.35,4096,local_pauli_shadow,0.72967688,0.7323074340820312,0.002630554082031278,0.04571154806208602,0.04546733151458306
ZZ_d0_r1_c2,0,0,1,1,2,7,8,null_q035,0.35,4096,local_pauli_shadow,0.72967688,0.7322044372558594,0.002527557255859403,0.04566944995940969,0.04546733151458306
ZZ_d0_r1_c3,0,0,1,1,3,8,9,null_q035,0.35,4096,local_pauli_shadow,0.72967688,0.7338180541992188,0.004141174199218778,0.04731243278494627,0.04546733151458306
ZZ_d0_r1_c4,0,0,1,1,4,9,5,null_q035,0.35,4096,local_pauli_shadow,0.72967688,0.7307968139648438,0.0011199339648437778,0.04806209668528257,0.04546733151458306
ZZ_d0_r2_c0,0,0,1,2,0,10,11,null_q035,0.35,4096,local_pauli_shadow,0.72967688,0.7285995483398438,-0.0010773316601562222,0.04571373959888698,0.04546733151458306
ZZ_d0_r2_c1,0,0,1,2,1,11,12,null_q035,0.35,4096,local_pauli_shadow,0.72967688,0.7287282943725586,-0.0009485856274413784,0.04331721471911221,0.04546733151458306
ZZ_d0_r2_c2,0,0,1,2,2,12,13,null_q035,0.35,4096,local_pauli_shadow,0.72967688,0.7321529388427734,0.0024760588427734653,0.04418748048816737,0.04546733151458306
ZZ_d0_r2_c3,0,0,1,2,3,13,14,null_q035,0.35,4096,local_pauli_shadow,0.72967688,0.7285652160644531,-0.0011116639355468472,0.04625034650691899,0.04546733151458306
ZZ_d0_r2_c4,0,0,1,2,4,14,10,null_q035,0.35,4096,local_pauli_shadow,0.72967688,0.7316551208496094,0.001978240849609403,0.04498475540916943,0.04546733151458306
ZZ_d0_r3_c0,0,0,1,3,0,15,16,null_q035,0.35,4096,local_pauli_shadow,0.72967688,0.7331228256225586,0.0034459456225586216,0.04690823149997701,0.04546733151458306
ZZ_d0_r3_c1,0,0,1,3,1,16,17,null_q035,0.35,4096,local_pauli_shadow,0.72967688,0.7329168319702148,0.0032399519702148716,0.046524321399345106,0.04546733151458306
ZZ_d0_r3_c2,0,0,1,3,2,17,18,null_q035,0.35,4096,local_pauli_shadow,0.72967688,0.7282991409301758,-0.001377739069824191,0.044880817846682144,0.04546733151458306
ZZ_d0_r3_c3,0,0,1,3,3,18,19,null_q035,0.35,4096,local_pauli_shadow,0.72967688,0.7275781631469727,-0.002098716853027316,0.044631809592832986,0.04546733151458306
ZZ_d0_r3_c4,0,0,1,3,4,19,15,null_q035,0.35,4096,local_pauli_shadow,0.72967688,0.7266941070556641,-0.0029827729443359097,0.04275825170992661,0.04546733151458306
ZZ_d0_r4_c0,0,0,1,4,0,20,21,null_q035,0.35,4096,local_pauli_shadow,0.72967688,0.7351913452148438,0.005514465214843778,0.04022692249447156,0.04546733151458306
ZZ_d0_r4_c1,0,0,1,4,1,21,22,null_q035,0.35,4096,local_pauli_shadow,0.72967688,0.7334146499633789,0.003737769963378934,0.04173674774647776,0.04546733151458306
ZZ_d0_r4_c2,0,0,1,4,2,22,23,null_q035,0.35,4096,local_pauli_shadow,0.72967688,0.7272434234619141,-0.0024334565380859097,0.045144287665066375,0.04546733151458306
ZZ_d0_r4_c3,0,0,1,4,3,23,24,null_q035,0.35,4096,local_pauli_shadow,0.72967688,0.7275867462158203,-0.0020901337841796597,0.0446716874697801,0.04546733151458306
ZZ_d0_r4_c4,0,0,1,4,4,24,20,null_q035,0.35,4096,local_pauli_shadow,0.72967688,0.7321100234985352,0.002433143498535184,0.044449154569257014,0.04546733151458306
ZZ_d1_r0_c0,1,1,0,0,0,0,5,null_q035,0.35,4096,local_pauli_shadow,0.72967688,0.731114387512207,0.001437507512207059,0.04509855824064781,0.04546733151458306
ZZ_d1_r0_c1,1,1,0,0,1,1,6,null_q035,0.35,4096,local_pauli_shadow,0.72967688,0.7280673980712891,-0.0016094819287109097,0.04693797701633639,0.04546733151458306
ZZ_d1_r0_c2,1,1,0,0,2,2,7,null_q035,0.35,4096,local_pauli_shadow,0.72967688,0.7281703948974609,-0.0015064851025390347,0.046090989126983437,0.04546733151458306
ZZ_d1_r0_c3,1,1,0,0,3,3,8,null_q035,0.35,4096,local_pauli_shadow,0.72967688,0.7298955917358398,0.00021871173583987158,0.04409673750666254,0.04546733151458306
ZZ_d1_r0_c4,1,1,0,0,4,4,9,null_q035,0.35,4096,local_pauli_shadow,0.72967688,0.7312860488891602,0.001609168889160184,0.0434163459037072,0.04546733151458306
ZZ_d1_r1_c0,1,1,0,1,0,5,10,null_q035,0.35,4096,local_pauli_shadow,0.72967688,0.7296981811523438,2.130115234377783e-05,0.04727827805913847,0.04546733151458306
ZZ_d1_r1_c1,1,1,0,1,1,6,11,null_q035,0.35,4096,local_pauli_shadow,0.72967688,0.7304019927978516,0.0007251127978515903,0.043451585064291455,0.04546733151458306
ZZ_d1_r1_c2,1,1,0,1,2,7,12,null_q035,0.35,4096,local_pauli_shadow,0.72967688,0.7317409515380859,0.0020640715380859653,0.044358312454811304,0.04546733151458306
ZZ_d1_r1_c3,1,1,0,1,3,8,13,null_q035,0.35,4096,local_pauli_shadow,0.72967688,0.7287883758544922,-0.0008885041455077847,0.045056000576498494,0.04546733151458306
ZZ_d1_r1_c4,1,1,0,1,4,9,14,null_q035,0.35,4096,local_pauli_shadow,0.72967688,0.730067253112793,0.0003903731127929966,0.045917961268419946,0.04546733151458306
ZZ_d1_r2_c0,1,1,0,2,0,10,15,null_q035,0.35,4096,local_pauli_shadow,0.72967688,0.7299642562866211,0.0002873762866211216,0.04962990181146243,0.04546733151458306
ZZ_d1_r2_c1,1,1,0,2,1,11,16,null_q035,0.35,4096,local_pauli_shadow,0.72967688,0.7296123504638672,-6.452953613278467e-05,0.04333803909781506,0.04546733151458306
ZZ_d1_r2_c2,1,1,0,2,2,12,17,null_q035,0.35,4096,local_pauli_shadow,0.72967688,0.7321958541870117,0.0025189741870117466,0.04437958439842033,0.04546733151458306
ZZ_d1_r2_c3,1,1,0,2,3,13,18,null_q035,0.35,4096,local_pauli_shadow,0.72967688,0.7289514541625977,-0.0007254258374023159,0.04272268394095155,0.04546733151458306
ZZ_d1_r2_c4,1,1,0,2,4,14,19,null_q035,0.35,4096,local_pauli_shadow,0.72967688,0.7301015853881836,0.0004247053881836216,0.04683322510138154,0.04546733151458306
ZZ_d1_r3_c0,1,1,0,3,0,15,20,null_q035,0.35,4096,local_pauli_shadow,0.72967688,0.7291831970214844,-0.0004936829785155972,0.04389933915056051,0.04546733151458306
ZZ_d1_r3_c1,1,1,0,3,1,16,21,null_q035,0.35,4096,local_pauli_shadow,0.72967688,0.7334489822387695,0.003772102238769559,0.041738403238296744,0.04546733151458306
ZZ_d1_r3_c2,1,1,0,3,2,17,22,null_q035,0.35,4096,local_pauli_shadow,0.72967688,0.7335176467895508,0.003840766789550809,0.0464769167335069,0.04546733151458306
ZZ_d1_r3_c3,1,1,0,3,3,18,23,null_q035,0.35,4096,local_pauli_shadow,0.72967688,0.7309684753417969,0.0012915953417969028,0.04591947028362206,0.04546733151458306
ZZ_d1_r3_c4,1,1,0,3,4,19,24,null_q035,0.35,4096,local_pauli_shadow,0.72967688,0.7260761260986328,-0.0036007539013671597,0.04756758092986655,0.04546733151458306
ZZ_d1_r4_c0,1,1,0,4,0,20,0,null_q035,0.35,4096,local_pauli_shadow,0.72967688,0.7291402816772461,-0.0005365983227538784,0.0448458271580736,0.04546733151458306
ZZ_d1_r4_c1,1,1,0,4,1,21,1,null_q035,0.35,4096,local_pauli_shadow,0.72967688,0.7263679504394531,-0.003308929560546847,0.04563894650797804,0.04546733151458306
ZZ_d1_r4_c2,1,1,0,4,2,22,2,null_q035,0.35,4096,local_pauli_shadow,0.72967688,0.7289342880249023,-0.0007425919750976284,0.04542495786909912,0.04546733151458306
ZZ_d1_r4_c3,1,1,0,4,3,23,3,null_q035,0.35,4096,local_pauli_shadow,0.72967688,0.7286338806152344,-0.0010429993847655972,0.04506667839674799,0.04546733151458306
ZZ_d1_r4_c4,1,1,0,4,4,24,4,null_q035,0.35,4096,local_pauli_shadow,0.72967688,0.7308568954467773,0.0011800154467773716,0.04682581626606939,0.04546733151458306
ZZ_d2_r0_c0,2,0,2,0,0,0,2,null_q035,0.35,4096,local_pauli_shadow,0.7158927199999999,0.7111930847167969,-0.004699635283203031,0.04451402924392623,0.04552079713750558
ZZ_d2_r0_c1,2,0,2,0,1,1,3,null_q035,0.35,4096,local_pauli_shadow,0.7158927199999999,0.7148408889770508,-0.0010518310229491457,0.04518094897315085,0.04552079713750558
ZZ_d2_r0_c2,2,0,2,0,2,2,4,null_q035,0.35,4096,local_pauli_shadow,0.7158927199999999,0.7133045196533203,-0.0025882003466796144,0.04721898603404369,0.04552079713750558
ZZ_d2_r0_c3,2,0,2,0,3,3,0,null_q035,0.35,4096,local_pauli_shadow,0.7158927199999999,0.7151412963867188,-0.0007514236132811769,0.04301179238966279,0.04552079713750558
ZZ_d2_r0_c4,2,0,2,0,4,4,1,null_q035,0.35,4096,local_pauli_shadow,0.7158927199999999,0.7159910202026367,9.830020263679184e-05,0.04274094771060296,0.04552079713750558
ZZ_d2_r1_c0,2,0,2,1,0,5,7,null_q035,0.35,4096,local_pauli_shadow,0.7158927199999999,0.7204198837280273,0.004527163728027465,0.0473427991143287,0.04552079713750558
ZZ_d2_r1_c1,2,0,2,1,1,6,8,null_q035,0.35,4096,local_pauli_shadow,0.7158927199999999,0.7195701599121094,0.003677439912109448,0.04447661456129386,0.04552079713750558
ZZ_d2_r1_c2,2,0,2,1,2,7,9,null_q035,0.35,4096,local_pauli_shadow,0.7158927199999999,0.7172870635986328,0.0013943435986328856,0.04554490696323699,0.04552079713750558
ZZ_d2_r1_c3,2,0,2,1,3,8,5,null_q035,0.35,4096,local_pauli_shadow,0.7158927199999999,0.7195529937744141,0.003660273774414136,0.04743965342990365,0.04552079713750558
ZZ_d2_r1_c4,2,0,2,1,4,9,6,null_q035,0.35,4096,local_pauli_shadow,0.7158927199999999,0.7174844741821289,0.0015917541821289815,0.046947682302808255,0.04552079713750558
ZZ_d2_r2_c0,2,0,2,2,0,10,12,null_q035,0.35,4096,local_pauli_shadow,0.7158927199999999,0.7172012329101562,0.001308512910156323,0.044772349213044765,0.04552079713750558
ZZ_d2_r2_c1,2,0,2,2,1,11,13,null_q035,0.35,4096,local_pauli_shadow,0.7158927199999999,0.7141971588134766,-0.0016955611865233644,0.045070743807645204,0.04552079713750558
ZZ_d2_r2_c2,2,0,2,2,2,12,14,null_q035,0.35,4096,local_pauli_shadow,0.7158927199999999,0.7107467651367188,-0.00514595486328117,0.04634076437407334,0.04552079713750558
ZZ_d2_r2_c3,2,0,2,2,3,13,10,null_q035,0.35,4096,local_pauli_shadow,0.7158927199999999,0.711090087890625,-0.004802632109374904,0.045606707188953995,0.04552079713750558
ZZ_d2_r2_c4,2,0,2,2,4,14,11,null_q035,0.35,4096,local_pauli_shadow,0.7158927199999999,0.7164287567138672,0.0005360367138672606,0.047904136737601875,0.04552079713750558
ZZ_d2_r3_c0,2,0,2,3,0,15,17,null_q035,0.35,4096,local_pauli_shadow,0.7158927199999999,0.7202053070068359,0.004312587006836012,0.044633653808389316,0.04552079713750558
ZZ_d2_r3_c1,2,0,2,3,1,16,18,null_q035,0.35,4096,local_pauli_shadow,0.7158927199999999,0.7157764434814453,-0.0001162765185546144,0.04543076274101268,0.04552079713750558
ZZ_d2_r3_c2,2,0,2,3,2,17,19,null_q035,0.35,4096,local_pauli_shadow,0.7158927199999999,0.7189779281616211,0.003085208161621167,0.04653286637986863,0.04552079713750558
ZZ_d2_r3_c3,2,0,2,3,3,18,15,null_q035,0.35,4096,local_pauli_shadow,0.7158927199999999,0.7161970138549805,0.00030429385498054184,0.04506973938871709,0.04552079713750558
ZZ_d2_r3_c4,2,0,2,3,4,19,16,null_q035,0.35,4096,local_pauli_shadow,0.7158927199999999,0.7170724868774414,0.0011797668774414793,0.04296576613077004,0.04552079713750558
ZZ_d2_r4_c0,2,0,2,4,0,20,22,null_q035,0.35,4096,local_pauli_shadow,0.7158927199999999,0.7201452255249023,0.0042525055249024776,0.044708875650720216,0.04552079713750558
ZZ_d2_r4_c1,2,0,2,4,1,21,23,null_q035,0.35,4096,local_pauli_shadow,0.7158927199999999,0.717106819152832,0.0012140991528321156,0.04336194915151553,0.04552079713750558
ZZ_d2_r4_c2,2,0,2,4,2,22,24,null_q035,0.35,4096,local_pauli_shadow,0.7158927199999999,0.7160940170288086,0.00020129702880866684,0.044276381921694946,0.04552079713750558
ZZ_d2_r4_c3,2,0,2,4,3,23,20,null_q035,0.35,4096,local_pauli_shadow,0.7158927199999999,0.7163858413696289,0.0004931213696289885,0.046247005300862676,0.04552079713750558
ZZ_d2_r4_c4,2,0,2,4,4,24,21,null_q035,0.35,4096,local_pauli_shadow,0.7158927199999999,0.7176904678344727,0.0017977478344727293,0.042727476641491076,0.04552079713750558
ZZ_d3_r0_c0,3,2,0,0,0,0,10,null_q035,0.35,4096,local_pauli_shadow,0.7158927199999999,0.7154502868652344,-0.0004424331347655519,0.045280992370883996,0.04552079713750558
ZZ_d3_r0_c1,3,2,0,0,1,1,11,null_q035,0.35,4096,local_pauli_shadow,0.7158927199999999,0.7162399291992188,0.0003472091992188231,0.04237802124207698,0.04552079713750558
ZZ_d3_r0_c2,3,2,0,0,2,2,12,null_q035,0.35,4096,local_pauli_shadow,0.7158927199999999,0.7146091461181641,-0.0012835738818358644,0.045601165765288866,0.04552079713750558
ZZ_d3_r0_c3,3,2,0,0,3,3,13,null_q035,0.35,4096,local_pauli_shadow,0.7158927199999999,0.7130899429321289,-0.0028027770678710207,0.04709611770347471,0.04552079713750558
ZZ_d3_r0_c4,3,2,0,0,4,4,14,null_q035,0.35,4096,local_pauli_shadow,0.7158927199999999,0.7150125503540039,-0.0008801696459960207,0.04733991520020526,0.04552079713750558
ZZ_d3_r1_c0,3,2,0,1,0,5,15,null_q035,0.35,4096,local_pauli_shadow,0.7158927199999999,0.7199134826660156,0.004020762666015698,0.04627321477387882,0.04552079713750558
ZZ_d3_r1_c1,3,2,0,1,1,6,16,null_q035,0.35,4096,local_pauli_shadow,0.7158927199999999,0.7164974212646484,0.0006047012646485106,0.04679387088485952,0.04552079713750558
ZZ_d3_r1_c2,3,2,0,1,2,7,17,null_q035,0.35,4096,local_pauli_shadow,0.7158927199999999,0.7163858413696289,0.0004931213696289793,0.04712441215438816,0.04552079713750558
ZZ_d3_r1_c3,3,2,0,1,3,8,18,null_q035,0.35,4096,local_pauli_shadow,0.7158927199999999,0.7155876159667969,-0.0003051040332030519,0.045087754903945246,0.04552079713750558
ZZ_d3_r1_c4,3,2,0,1,4,9,19,null_q035,0.35,4096,local_pauli_shadow,0.7158927199999999,0.71685791015625,0.0009651901562500731,0.04576942176857242,0.04552079713750558
ZZ_d3_r2_c0,3,2,0,2,0,10,20,null_q035,0.35,4096,local_pauli_shadow,0.7158927199999999,0.7172183990478516,0.0013256790478516356,0.04611013407696146,0.04552079713750558
ZZ_d3_r2_c1,3,2,0,2,1,11,21,null_q035,0.35,4096,local_pauli_shadow,0.7158927199999999,0.7206001281738281,0.004707408173828217,0.04299222128662854,0.04552079713750558
ZZ_d3_r2_c2,3,2,0,2,2,12,22,null_q035,0.35,4096,local_pauli_shadow,0.7158927199999999,0.7157764434814453,-0.0001162765185546144,0.04426083096176219,0.04552079713750558
ZZ_d3_r2_c3,3,2,0,2,3,13,23,null_q035,0.35,4096,local_pauli_shadow,0.7158927199999999,0.7128410339355469,-0.003051686064453052,0.04808131732999229,0.04552079713750558
ZZ_d3_r2_c4,3,2,0,2,4,14,24,null_q035,0.35,4096,local_pauli_shadow,0.7158927199999999,0.7146949768066406,-0.001197743193359302,0.044447981551975546,0.04552079713750558
ZZ_d3_r3_c0,3,2,0,3,0,15,0,null_q035,0.35,4096,local_pauli_shadow,0.7158927199999999,0.7169694900512695,0.0010767700512696043,0.04754985546282304,0.04552079713750558
ZZ_d3_r3_c1,3,2,0,3,1,16,1,null_q035,0.35,4096,local_pauli_shadow,0.7158927199999999,0.7168235778808594,0.0009308578808594481,0.044404231082476237,0.04552079713750558
ZZ_d3_r3_c2,3,2,0,3,2,17,2,null_q035,0.35,4096,local_pauli_shadow,0.7158927199999999,0.7162399291992188,0.0003472091992188231,0.04302372863152943,0.04552079713750558
ZZ_d3_r3_c3,3,2,0,3,3,18,3,null_q035,0.35,4096,local_pauli_shadow,0.7158927199999999,0.7137422561645508,-0.0021504638354491457,0.043358385493540576,0.04552079713750558
ZZ_d3_r3_c4,3,2,0,3,4,19,4,null_q035,0.35,4096,local_pauli_shadow,0.7158927199999999,0.7169780731201172,0.0010853531201172606,0.04523460854998812,0.04552079713750558
ZZ_d3_r4_c0,3,2,0,4,0,20,5,null_q035,0.35,4096,local_pauli_shadow,0.7158927199999999,0.7163944244384766,0.0005017044384766356,0.047779270551994636,0.04552079713750558
ZZ_d3_r4_c1,3,2,0,4,1,21,6,null_q035,0.35,4096,local_pauli_shadow,0.7158927199999999,0.7212438583374023,0.005351138337402443,0.044751555017627224,0.04552079713750558
ZZ_d3_r4_c2,3,2,0,4,2,22,7,null_q035,0.35,4096,local_pauli_shadow,0.7158927199999999,0.7178878784179688,0.001995158417968823,0.0416704609749656,0.04552079713750558
ZZ_d3_r4_c3,3,2,0,4,3,23,8,null_q035,0.35,4096,local_pauli_shadow,0.7158927199999999,0.7149782180786133,-0.0009145019213866457,0.042978852558565823,0.04552079713750558
ZZ_d3_r4_c4,3,2,0,4,4,24,9,null_q035,0.35,4096,local_pauli_shadow,0.7158927199999999,0.7206859588623047,0.00479323886230479,0.04726240930402304,0.04552079713750558
ZZ_d0_r0_c0,0,0,1,0,0,0,1,changed_q065,0.65,64,native_all_z,0.7158927199999999,0.713134765625,-0.002757954374999914,0.08422767094550725,0.08727628664289001
ZZ_d0_r0_c1,0,0,1,0,1,1,2,changed_q065,0.65,64,native_all_z,0.7158927199999999,0.710693359375,-0.005199360624999913,0.08695401569722584,0.08727628664289001
ZZ_d0_r0_c2,0,0,1,0,2,2,3,changed_q065,0.65,64,native_all_z,0.7158927199999999,0.718017578125,0.00212485812500014,0.09146471990061741,0.08727628664289001
ZZ_d0_r0_c3,0,0,1,0,3,3,4,changed_q065,0.65,64,native_all_z,0.7158927199999999,0.7181396484375,0.0022469284375001212,0.0910295771826129,0.08727628664289001
ZZ_d0_r0_c4,0,0,1,0,4,4,0,changed_q065,0.65,64,native_all_z,0.7158927199999999,0.7210693359375,0.005176615937500137,0.08696593889284486,0.08727628664289001
ZZ_d0_r1_c0,0,0,1,1,0,5,6,changed_q065,0.65,64,native_all_z,0.7158927199999999,0.713134765625,-0.0027579543749999234,0.0841370415681592,0.08727628664289001
ZZ_d0_r1_c1,0,0,1,1,1,6,7,changed_q065,0.65,64,native_all_z,0.7158927199999999,0.7159423828125,4.9662812500073095e-05,0.08823574256385716,0.08727628664289001
ZZ_d0_r1_c2,0,0,1,1,2,7,8,changed_q065,0.65,64,native_all_z,0.7158927199999999,0.720947265625,0.005054545625000075,0.09217905282366029,0.08727628664289001
ZZ_d0_r1_c3,0,0,1,1,3,8,9,changed_q065,0.65,64,native_all_z,0.7158927199999999,0.7210693359375,0.005176615937500075,0.08030680497910202,0.08727628664289001
ZZ_d0_r1_c4,0,0,1,1,4,9,5,changed_q065,0.65,64,native_all_z,0.7158927199999999,0.7138671875,-0.0020255324999999247,0.08546624874181856,0.08727628664289001
ZZ_d0_r2_c0,0,0,1,2,0,10,11,changed_q065,0.65,64,native_all_z,0.7158927199999999,0.7088623046875,-0.007030415312499901,0.08826586600568066,0.08727628664289001
ZZ_d0_r2_c1,0,0,1,2,1,11,12,changed_q065,0.65,64,native_all_z,0.7158927199999999,0.712646484375,-0.003246235624999927,0.09229413317079477,0.08727628664289001
ZZ_d0_r2_c2,0,0,1,2,2,12,13,changed_q065,0.65,64,native_all_z,0.7158927199999999,0.7181396484375,0.0022469284375001026,0.08341983741058104,0.08727628664289001
ZZ_d0_r2_c3,0,0,1,2,3,13,14,changed_q065,0.65,64,native_all_z,0.7158927199999999,0.717529296875,0.0016365768750000722,0.08704698178156235,0.08727628664289001
ZZ_d0_r2_c4,0,0,1,2,4,14,10,changed_q065,0.65,64,native_all_z,0.7158927199999999,0.720947265625,0.005054545625000096,0.0885054826281875,0.08727628664289001
ZZ_d0_r3_c0,0,0,1,3,0,15,16,changed_q065,0.65,64,native_all_z,0.7158927199999999,0.7159423828125,4.966281250007396e-05,0.09007558065668533,0.08727628664289001
ZZ_d0_r3_c1,0,0,1,3,1,16,17,changed_q065,0.65,64,native_all_z,0.7158927199999999,0.7073974609375,-0.008495259062499873,0.08980411884701626,0.08727628664289001
ZZ_d0_r3_c2,0,0,1,3,2,17,18,changed_q065,0.65,64,native_all_z,0.7158927199999999,0.7127685546875,-0.0031241653124999156,0.09305938101396076,0.08727628664289001
ZZ_d0_r3_c3,0,0,1,3,3,18,19,changed_q065,0.65,64,native_all_z,0.7158927199999999,0.724853515625,0.00896079562500014,0.08430813893798096,0.08727628664289001
ZZ_d0_r3_c4,0,0,1,3,4,19,15,changed_q065,0.65,64,native_all_z,0.7158927199999999,0.7196044921875,0.003711772187500073,0.08669807735675443,0.08727628664289001
ZZ_d0_r4_c0,0,0,1,4,0,20,21,changed_q065,0.65,64,native_all_z,0.7158927199999999,0.7239990234375,0.008106303437500156,0.09104586807714161,0.08727628664289001
ZZ_d0_r4_c1,0,0,1,4,1,21,22,changed_q065,0.65,64,native_all_z,0.7158927199999999,0.7236328125,0.007740092500000111,0.08498798045862666,0.08727628664289001
ZZ_d0_r4_c2,0,0,1,4,2,22,23,changed_q065,0.65,64,native_all_z,0.7158927199999999,0.7183837890625,0.002491069062500073,0.0744392171307925,0.08727628664289001
ZZ_d0_r4_c3,0,0,1,4,3,23,24,changed_q065,0.65,64,native_all_z,0.7158927199999999,0.7244873046875,0.008594584687500099,0.08503913549993627,0.08727628664289001
ZZ_d0_r4_c4,0,0,1,4,4,24,20,changed_q065,0.65,64,native_all_z,0.7158927199999999,0.7230224609375,0.007129740937500144,0.08794573930936211,0.08727628664289001
ZZ_d1_r0_c0,1,1,0,0,0,0,5,changed_q065,0.65,64,native_all_z,0.7158927199999999,0.7127685546875,-0.003124165312499927,0.09010194993995845,0.08727628664289001
ZZ_d1_r0_c1,1,1,0,0,1,1,6,changed_q065,0.65,64,native_all_z,0.7158927199999999,0.7130126953125,-0.0028800246874999113,0.0890878839712942,0.08727628664289001
ZZ_d1_r0_c2,1,1,0,0,2,2,7,changed_q065,0.65,64,native_all_z,0.7158927199999999,0.71337890625,-0.0025138137499999234,0.09955371560713291,0.08727628664289001
ZZ_d1_r0_c3,1,1,0,0,3,3,8,changed_q065,0.65,64,native_all_z,0.7158927199999999,0.720703125,0.00481040500000008,0.08430321950275475,0.08727628664289001
ZZ_d1_r0_c4,1,1,0,0,4,4,9,changed_q065,0.65,64,native_all_z,0.7158927199999999,0.7158203125,-7.240749999992777e-05,0.08992335498442354,0.08727628664289001
ZZ_d1_r1_c0,1,1,0,1,0,5,10,changed_q065,0.65,64,native_all_z,0.7158927199999999,0.708984375,-0.006908344999999911,0.08601538735306845,0.08727628664289001
ZZ_d1_r1_c1,1,1,0,1,1,6,11,changed_q065,0.65,64,native_all_z,0.7158927199999999,0.7142333984375,-0.001659321562499927,0.08222573015418608,0.08727628664289001
ZZ_d1_r1_c2,1,1,0,1,2,7,12,changed_q065,0.65,64,native_all_z,0.7158927199999999,0.714599609375,-0.0012931106249999226,0.08014770974346923,0.08727628664289001
ZZ_d1_r1_c3,1,1,0,1,3,8,13,changed_q065,0.65,64,native_all_z,0.7158927199999999,0.7213134765625,0.0054207565625000766,0.08511189760222436,0.08727628664289001
ZZ_d1_r1_c4,1,1,0,1,4,9,14,changed_q065,0.65,64,native_all_z,0.7158927199999999,0.72509765625,0.009204936250000139,0.088164702526888,0.08727628664289001
ZZ_d1_r2_c0,1,1,0,2,0,10,15,changed_q065,0.65,64,native_all_z,0.7158927199999999,0.7103271484375,-0.00556557156249987,0.08599346561847898,0.08727628664289001
ZZ_d1_r2_c1,1,1,0,2,1,11,16,changed_q065,0.65,64,native_all_z,0.7158927199999999,0.7120361328125,-0.0038565871874999135,0.0882821688899875,0.08727628664289001
ZZ_d1_r2_c2,1,1,0,2,2,12,17,changed_q065,0.65,64,native_all_z,0.7158927199999999,0.7119140625,-0.003978657499999925,0.08716934211779045,0.08727628664289001
ZZ_d1_r2_c3,1,1,0,2,3,13,18,changed_q065,0.65,64,native_all_z,0.7158927199999999,0.716552734375,0.0006600143750000766,0.08956411496589137,0.08727628664289001
ZZ_d1_r2_c4,1,1,0,2,4,14,19,changed_q065,0.65,64,native_all_z,0.7158927199999999,0.725830078125,0.009937358125000142,0.08887784061792148,0.08727628664289001
ZZ_d1_r3_c0,1,1,0,3,0,15,20,changed_q065,0.65,64,native_all_z,0.7158927199999999,0.718505859375,0.0026131393750000757,0.08672786464585447,0.08727628664289001
ZZ_d1_r3_c1,1,1,0,3,1,16,21,changed_q065,0.65,64,native_all_z,0.7158927199999999,0.71826171875,0.0023689987500000757,0.08698335310257445,0.08727628664289001
ZZ_d1_r3_c2,1,1,0,3,2,17,22,changed_q065,0.65,64,native_all_z,0.7158927199999999,0.7110595703125,-0.004833149687499913,0.0934569721358191,0.08727628664289001
ZZ_d1_r3_c3,1,1,0,3,3,18,23,changed_q065,0.65,64,native_all_z,0.7158927199999999,0.7315673828125,0.015674662812500153,0.08231769829930422,0.08727628664289001
ZZ_d1_r3_c4,1,1,0,3,4,19,24,changed_q065,0.65,64,native_all_z,0.7158927199999999,0.723876953125,0.00798423312500011,0.09005199467147244,0.08727628664289001
ZZ_d1_r4_c0,1,1,0,4,0,20,0,changed_q065,0.65,64,native_all_z,0.7158927199999999,0.717041015625,0.001148295625000073,0.0838611931292472,0.08727628664289001
ZZ_d1_r4_c1,1,1,0,4,1,21,1,changed_q065,0.65,64,native_all_z,0.7158927199999999,0.7196044921875,0.00371177218750011,0.08805150678907502,0.08727628664289001
ZZ_d1_r4_c2,1,1,0,4,2,22,2,changed_q065,0.65,64,native_all_z,0.7158927199999999,0.7108154296875,-0.005077290312499913,0.08667241406321433,0.08727628664289001
ZZ_d1_r4_c3,1,1,0,4,3,23,3,changed_q065,0.65,64,native_all_z,0.7158927199999999,0.724609375,0.00871665500000014,0.08200608153285582,0.08727628664289001
ZZ_d1_r4_c4,1,1,0,4,4,24,4,changed_q065,0.65,64,native_all_z,0.7158927199999999,0.716796875,0.0009041550000000731,0.09665925253062765,0.08727628664289001
ZZ_d2_r0_c0,2,0,2,0,0,0,2,changed_q065,0.65,64,native_all_z,0.72967688,0.730224609375,0.0005477293750000278,0.08880949836308695,0.08547401385010477
ZZ_d2_r0_c1,2,0,2,0,1,1,3,changed_q065,0.65,64,native_all_z,0.72967688,0.728271484375,-0.0014053956249999722,0.07887221151649763,0.08547401385010477
ZZ_d2_r0_c2,2,0,2,0,2,2,4,changed_q065,0.65,64,native_all_z,0.72967688,0.7281494140625,-0.0015274659374999722,0.0903613543115572,0.08547401385010477
ZZ_d2_r0_c3,2,0,2,0,3,3,0,changed_q065,0.65,64,native_all_z,0.72967688,0.73388671875,0.004209838750000028,0.0849684221415338,0.08547401385010477
ZZ_d2_r0_c4,2,0,2,0,4,4,1,changed_q065,0.65,64,native_all_z,0.72967688,0.7342529296875,0.004576049687500028,0.08178640565456935,0.08547401385010477
ZZ_d2_r1_c0,2,0,2,1,0,5,7,changed_q065,0.65,64,native_all_z,0.72967688,0.7298583984375,0.00018151843750002783,0.08661533505725917,0.08547401385010477
ZZ_d2_r1_c1,2,0,2,1,1,6,8,changed_q065,0.65,64,native_all_z,0.72967688,0.7359619140625,0.006285034062500028,0.08244165762290638,0.08547401385010477
ZZ_d2_r1_c2,2,0,2,1,2,7,9,changed_q065,0.65,64,native_all_z,0.72967688,0.7293701171875,-0.00030676281249997217,0.086588846044215,0.08547401385010477
ZZ_d2_r1_c3,2,0,2,1,3,8,5,changed_q065,0.65,64,native_all_z,0.72967688,0.7291259765625,-0.0005509034374999722,0.09825707561140967,0.08547401385010477
ZZ_d2_r1_c4,2,0,2,1,4,9,6,changed_q065,0.65,64,native_all_z,0.72967688,0.726806640625,-0.002870239374999972,0.08279831073893897,0.08547401385010477
ZZ_d2_r2_c0,2,0,2,2,0,10,12,changed_q065,0.65,64,native_all_z,0.72967688,0.7254638671875,-0.004213012812499972,0.0843658784276115,0.08547401385010477
ZZ_d2_r2_c1,2,0,2,2,1,11,13,changed_q065,0.65,64,native_all_z,0.72967688,0.7247314453125,-0.004945434687499972,0.09185986109058336,0.08547401385010477
ZZ_d2_r2_c2,2,0,2,2,2,12,14,changed_q065,0.65,64,native_all_z,0.72967688,0.7349853515625,0.005308471562500028,0.07907839957156457,0.08547401385010477
ZZ_d2_r2_c3,2,0,2,2,3,13,10,changed_q065,0.65,64,native_all_z,0.72967688,0.72265625,-0.007020629999999972,0.0843903903063948,0.08547401385010477
ZZ_d2_r2_c4,2,0,2,2,4,14,11,changed_q065,0.65,64,native_all_z,0.72967688,0.7322998046875,0.002622924687500028,0.08731745779081075,0.08547401385010477
ZZ_d2_r3_c0,2,0,2,3,0,15,17,changed_q065,0.65,64,native_all_z,0.72967688,0.723388671875,-0.006288208124999972,0.08831764663154466,0.08547401385010477
ZZ_d2_r3_c1,2,0,2,3,1,16,18,changed_q065,0.65,64,native_all_z,0.72967688,0.72998046875,0.00030358875000002783,0.08986416337382853,0.08547401385010477
ZZ_d2_r3_c2,2,0,2,3,2,17,19,changed_q065,0.65,64,native_all_z,0.72967688,0.7344970703125,0.004820190312500028,0.08747921961664677,0.08547401385010477
ZZ_d2_r3_c3,2,0,2,3,3,18,15,changed_q065,0.65,64,native_all_z,0.72967688,0.7335205078125,0.003843627812500028,0.08799215861665612,0.08547401385010477
ZZ_d2_r3_c4,2,0,2,3,4,19,16,changed_q065,0.65,64,native_all_z,0.72967688,0.737060546875,0.007383666875000028,0.08704894471989248,0.08547401385010477
ZZ_d2_r4_c0,2,0,2,4,0,20,22,changed_q065,0.65,64,native_all_z,0.72967688,0.7296142578125,-6.262218749997217e-05,0.0820791253002249,0.08547401385010477
ZZ_d2_r4_c1,2,0,2,4,1,21,23,changed_q065,0.65,64,native_all_z,0.72967688,0.7398681640625,0.010191284062500028,0.0865416599320814,0.08547401385010477
ZZ_d2_r4_c2,2,0,2,4,2,22,24,changed_q065,0.65,64,native_all_z,0.72967688,0.732177734375,0.002500854375000028,0.08770322675864407,0.08547401385010477
ZZ_d2_r4_c3,2,0,2,4,3,23,20,changed_q065,0.65,64,native_all_z,0.72967688,0.734130859375,0.004453979375000028,0.07849484648869884,0.08547401385010477
ZZ_d2_r4_c4,2,0,2,4,4,24,21,changed_q065,0.65,64,native_all_z,0.72967688,0.7451171875,0.015440307500000028,0.09027254040008181,0.08547401385010477
ZZ_d3_r0_c0,3,2,0,0,0,0,10,changed_q065,0.65,64,native_all_z,0.72967688,0.7320556640625,0.002378784062500028,0.07953016635737202,0.08547401385010477
ZZ_d3_r0_c1,3,2,0,0,1,1,11,changed_q065,0.65,64,native_all_z,0.72967688,0.725830078125,-0.003846801874999972,0.07848400306931595,0.08547401385010477
ZZ_d3_r0_c2,3,2,0,0,2,2,12,changed_q065,0.65,64,native_all_z,0.72967688,0.729248046875,-0.00042883312499997217,0.08462143876075758,0.08547401385010477
ZZ_d3_r0_c3,3,2,0,0,3,3,13,changed_q065,0.65,64,native_all_z,0.72967688,0.7259521484375,-0.003724731562499972,0.08330116434915553,0.08547401385010477
ZZ_d3_r0_c4,3,2,0,0,4,4,14,changed_q065,0.65,64,native_all_z,0.72967688,0.73193359375,0.002256713750000028,0.09185446447524695,0.08547401385010477
ZZ_d3_r1_c0,3,2,0,1,0,5,15,changed_q065,0.65,64,native_all_z,0.72967688,0.7261962890625,-0.003480590937499972,0.08846687375202239,0.08547401385010477
ZZ_d3_r1_c1,3,2,0,1,1,6,16,changed_q065,0.65,64,native_all_z,0.72967688,0.73095703125,0.0012801512500000278,0.08919105430182946,0.08547401385010477
ZZ_d3_r1_c2,3,2,0,1,2,7,17,changed_q065,0.65,64,native_all_z,0.72967688,0.730712890625,0.0010360106250000278,0.08727575152463964,0.08547401385010477
ZZ_d3_r1_c3,3,2,0,1,3,8,18,changed_q065,0.65,64,native_all_z,0.72967688,0.7401123046875,0.010435424687500028,0.08526722973276436,0.08547401385010477
ZZ_d3_r1_c4,3,2,0,1,4,9,19,changed_q065,0.65,64,native_all_z,0.72967688,0.73486328125,0.005186401250000028,0.08853903285753065,0.08547401385010477
ZZ_d3_r2_c0,3,2,0,2,0,10,20,changed_q065,0.65,64,native_all_z,0.72967688,0.7318115234375,0.002134643437500028,0.0840858728978151,0.08547401385010477
ZZ_d3_r2_c1,3,2,0,2,1,11,21,changed_q065,0.65,64,native_all_z,0.72967688,0.7352294921875,0.005552612187500028,0.08526662157821499,0.08547401385010477
ZZ_d3_r2_c2,3,2,0,2,2,12,22,changed_q065,0.65,64,native_all_z,0.72967688,0.7254638671875,-0.004213012812499972,0.08212040617794868,0.08547401385010477
ZZ_d3_r2_c3,3,2,0,2,3,13,23,changed_q065,0.65,64,native_all_z,0.72967688,0.7347412109375,0.005064330937500028,0.08195420880772399,0.08547401385010477
ZZ_d3_r2_c4,3,2,0,2,4,14,24,changed_q065,0.65,64,native_all_z,0.72967688,0.7353515625,0.005674682500000028,0.08830612651436982,0.08547401385010477
ZZ_d3_r3_c0,3,2,0,3,0,15,0,changed_q065,0.65,64,native_all_z,0.72967688,0.725830078125,-0.003846801874999972,0.08228055845875377,0.08547401385010477
ZZ_d3_r3_c1,3,2,0,3,1,16,1,changed_q065,0.65,64,native_all_z,0.72967688,0.7232666015625,-0.006410278437499972,0.08779126932791365,0.08547401385010477
ZZ_d3_r3_c2,3,2,0,3,2,17,2,changed_q065,0.65,64,native_all_z,0.72967688,0.718994140625,-0.010682739374999972,0.09114840120633984,0.08547401385010477
ZZ_d3_r3_c3,3,2,0,3,3,18,3,changed_q065,0.65,64,native_all_z,0.72967688,0.7391357421875,0.009458862187500028,0.084403763832619,0.08547401385010477
ZZ_d3_r3_c4,3,2,0,3,4,19,4,changed_q065,0.65,64,native_all_z,0.72967688,0.728759765625,-0.0009171143749999722,0.09516259311520155,0.08547401385010477
ZZ_d3_r4_c0,3,2,0,4,0,20,5,changed_q065,0.65,64,native_all_z,0.72967688,0.7276611328125,-0.002015747187499972,0.0889744104796782,0.08547401385010477
ZZ_d3_r4_c1,3,2,0,4,1,21,6,changed_q065,0.65,64,native_all_z,0.72967688,0.734619140625,0.004942260625000028,0.08505377221188895,0.08547401385010477
ZZ_d3_r4_c2,3,2,0,4,2,22,7,changed_q065,0.65,64,native_all_z,0.72967688,0.7266845703125,-0.002992309687499972,0.08429818075617067,0.08547401385010477
ZZ_d3_r4_c3,3,2,0,4,3,23,8,changed_q065,0.65,64,native_all_z,0.72967688,0.7421875,0.012510620000000028,0.08952537059388191,0.08547401385010477
ZZ_d3_r4_c4,3,2,0,4,4,24,9,changed_q065,0.65,64,native_all_z,0.72967688,0.733642578125,0.003965698125000028,0.08504467970648222,0.08547401385010477
ZZ_d0_r0_c0,0,0,1,0,0,0,1,changed_q065,0.65,64,local_pauli_shadow,0.7158927199999999,0.7196044921875,0.003711772187500139,0.3452057698479316,0.3641663771000446
ZZ_d0_r0_c1,0,0,1,0,1,1,2,changed_q065,0.65,64,local_pauli_shadow,0.7158927199999999,0.73388671875,0.01799399875000014,0.36850616943982,0.3641663771000446
ZZ_d0_r0_c2,0,0,1,0,2,2,3,changed_q065,0.65,64,local_pauli_shadow,0.7158927199999999,0.7196044921875,0.003711772187500118,0.36052973564513363,0.3641663771000446
ZZ_d0_r0_c3,0,0,1,0,3,3,4,changed_q065,0.65,64,local_pauli_shadow,0.7158927199999999,0.69378662109375,-0.022106098906249996,0.33654159708138354,0.3641663771000446
ZZ_d0_r0_c4,0,0,1,0,4,4,0,changed_q065,0.65,64,local_pauli_shadow,0.7158927199999999,0.6866455078125,-0.02924721218749988,0.3720128750136902,0.3641663771000446
ZZ_d0_r1_c0,0,0,1,1,0,5,6,changed_q065,0.65,64,local_pauli_shadow,0.7158927199999999,0.71026611328125,-0.005626606718749899,0.3681714758818266,0.3641663771000446
ZZ_d0_r1_c1,0,0,1,1,1,6,7,changed_q065,0.65,64,local_pauli_shadow,0.7158927199999999,0.6888427734375,-0.02704994656249999,0.37027220948561324,0.3641663771000446
ZZ_d0_r1_c2,0,0,1,1,2,7,8,changed_q065,0.65,64,local_pauli_shadow,0.7158927199999999,0.714111328125,-0.0017813918749998991,0.34719339828357,0.3641663771000446
ZZ_d0_r1_c3,0,0,1,1,3,8,9,changed_q065,0.65,64,local_pauli_shadow,0.7158927199999999,0.73883056640625,0.02293784640624982,0.3612408657321004,0.3641663771000446
ZZ_d0_r1_c4,0,0,1,1,4,9,5,changed_q065,0.65,64,local_pauli_shadow,0.7158927199999999,0.7437744140625,0.027881694062500014,0.4111809543057217,0.3641663771000446
ZZ_d0_r2_c0,0,0,1,2,0,10,11,changed_q065,0.65,64,local_pauli_shadow,0.7158927199999999,0.692138671875,-0.023754048125000007,0.3582814724516512,0.3641663771000446
ZZ_d0_r2_c1,0,0,1,2,1,11,12,changed_q065,0.65,64,local_pauli_shadow,0.7158927199999999,0.73663330078125,0.020740580781250042,0.37371953432436417,0.3641663771000446
ZZ_d0_r2_c2,0,0,1,2,2,12,13,changed_q065,0.65,64,local_pauli_shadow,0.7158927199999999,0.736083984375,0.020191264374999907,0.34749769864370356,0.3641663771000446
ZZ_d0_r2_c3,0,0,1,2,3,13,14,changed_q065,0.65,64,local_pauli_shadow,0.7158927199999999,0.72015380859375,0.004261088593750111,0.37531263982963986,0.3641663771000446
ZZ_d0_r2_c4,0,0,1,2,4,14,10,changed_q065,0.65,64,local_pauli_shadow,0.7158927199999999,0.7437744140625,0.027881694062499972,0.3630928593660735,0.3641663771000446
ZZ_d0_r3_c0,0,0,1,3,0,15,16,changed_q065,0.65,64,local_pauli_shadow,0.7158927199999999,0.6976318359375,-0.018260884062499903,0.3714277092706433,0.3641663771000446
ZZ_d0_r3_c1,0,0,1,3,1,16,17,changed_q065,0.65,64,local_pauli_shadow,0.7158927199999999,0.71246337890625,-0.003429341093749948,0.37803425637479743,0.3641663771000446
ZZ_d0_r3_c2,0,0,1,3,2,17,18,changed_q065,0.65,64,local_pauli_shadow,0.7158927199999999,0.68829345703125,-0.027599262968749885,0.3699780983985456,0.3641663771000446
ZZ_d0_r3_c3,0,0,1,3,3,18,19,changed_q065,0.65,64,local_pauli_shadow,0.7158927199999999,0.69708251953125,-0.0188102004687499,0.34256014918442035,0.3641663771000446
ZZ_d0_r3_c4,0,0,1,3,4,19,15,changed_q065,0.65,64,local_pauli_shadow,0.7158927199999999,0.7283935546875,0.012500834687499959,0.35677070210164374,0.3641663771000446
ZZ_d0_r4_c0,0,0,1,4,0,20,21,changed_q065,0.65,64,local_pauli_shadow,0.7158927199999999,0.7305908203125,0.014698100312500047,0.3496932628423353,0.3641663771000446
ZZ_d0_r4_c1,0,0,1,4,1,21,22,changed_q065,0.65,64,local_pauli_shadow,0.7158927199999999,0.771240234375,0.05534751437500021,0.37737676820627264,0.3641663771000446
ZZ_d0_r4_c2,0,0,1,4,2,22,23,changed_q065,0.65,64,local_pauli_shadow,0.7158927199999999,0.692138671875,-0.02375404812499993,0.36064533982010544,0.3641663771000446
ZZ_d0_r4_c3,0,0,1,4,3,23,24,changed_q065,0.65,64,local_pauli_shadow,0.7158927199999999,0.67730712890625,-0.0385855910937499,0.3417176647983373,0.3641663771000446
ZZ_d0_r4_c4,0,0,1,4,4,24,20,changed_q065,0.65,64,local_pauli_shadow,0.7158927199999999,0.6976318359375,-0.018260884062500173,0.3508945714103987,0.3641663771000446
ZZ_d1_r0_c0,1,1,0,0,0,0,5,changed_q065,0.65,64,local_pauli_shadow,0.7158927199999999,0.72125244140625,0.005359721406250104,0.36420224582361266,0.3641663771000446
ZZ_d1_r0_c1,1,1,0,0,1,1,6,changed_q065,0.65,64,local_pauli_shadow,0.7158927199999999,0.69818115234375,-0.01771156765624991,0.35164428979660267,0.3641663771000446
ZZ_d1_r0_c2,1,1,0,0,2,2,7,changed_q065,0.65,64,local_pauli_shadow,0.7158927199999999,0.727294921875,0.011402201875000004,0.35179539145281014,0.3641663771000446
ZZ_d1_r0_c3,1,1,0,0,3,3,8,changed_q065,0.65,64,local_pauli_shadow,0.7158927199999999,0.70257568359375,-0.013317036406249877,0.34303158916592147,0.3641663771000446
ZZ_d1_r0_c4,1,1,0,0,4,4,9,changed_q065,0.65,64,local_pauli_shadow,0.7158927199999999,0.71356201171875,-0.0023307082812499273,0.37779273375929645,0.3641663771000446
ZZ_d1_r1_c0,1,1,0,1,0,5,10,changed_q065,0.65,64,local_pauli_shadow,0.7158927199999999,0.7086181640625,-0.007274555937499904,0.3295950507985707,0.3641663771000446
ZZ_d1_r1_c1,1,1,0,1,1,6,11,changed_q065,0.65,64,local_pauli_shadow,0.7158927199999999,0.6932373046875,-0.02265541531249995,0.3844528053953335,0.3641663771000446
ZZ_d1_r1_c2,1,1,0,1,2,7,12,changed_q065,0.65,64,local_pauli_shadow,0.7158927199999999,0.7569580078125,0.041065287812500274,0.38131921953744596,0.3641663771000446
ZZ_d1_r1_c3,1,1,0,1,3,8,13,changed_q065,0.65,64,local_pauli_shadow,0.7158927199999999,0.72125244140625,0.005359721406250153,0.34815316766889415,0.3641663771000446
ZZ_d1_r1_c4,1,1,0,1,4,9,14,changed_q065,0.65,64,local_pauli_shadow,0.7158927199999999,0.76080322265625,0.044910502656250136,0.36893589036562613,0.3641663771000446
ZZ_d1_r2_c0,1,1,0,2,0,10,15,changed_q065,0.65,64,local_pauli_shadow,0.7158927199999999,0.73443603515625,0.018543315156250077,0.33268197050589016,0.3641663771000446
ZZ_d1_r2_c1,1,1,0,2,1,11,16,changed_q065,0.65,64,local_pauli_shadow,0.7158927199999999,0.7283935546875,0.012500834687500087,0.3848924410506196,0.3641663771000446
ZZ_d1_r2_c2,1,1,0,2,2,12,17,changed_q065,0.65,64,local_pauli_shadow,0.7158927199999999,0.70806884765625,-0.007823872343749916,0.3608309998094817,0.3641663771000446
ZZ_d1_r2_c3,1,1,0,2,3,13,18,changed_q065,0.65,64,local_pauli_shadow,0.7158927199999999,0.7393798828125,0.023487162812499837,0.37331543270546513,0.3641663771000446
ZZ_d1_r2_c4,1,1,0,2,4,14,19,changed_q065,0.65,64,local_pauli_shadow,0.7158927199999999,0.7119140625,-0.003978657499999847,0.36779941773433683,0.3641663771000446
ZZ_d1_r3_c0,1,1,0,3,0,15,20,changed_q065,0.65,64,local_pauli_shadow,0.7158927199999999,0.696533203125,-0.01935951687500007,0.31521863439817444,0.3641663771000446
ZZ_d1_r3_c1,1,1,0,3,1,16,21,changed_q065,0.65,64,local_pauli_shadow,0.7158927199999999,0.7371826171875,0.0212898971875,0.3698568660620176,0.3641663771000446
ZZ_d1_r3_c2,1,1,0,3,2,17,22,changed_q065,0.65,64,local_pauli_shadow,0.7158927199999999,0.7547607421875,0.038868022187500226,0.35452089460027325,0.3641663771000446
ZZ_d1_r3_c3,1,1,0,3,3,18,23,changed_q065,0.65,64,local_pauli_shadow,0.7158927199999999,0.71630859375,0.0004158737500000241,0.36000328718412195,0.3641663771000446
ZZ_d1_r3_c4,1,1,0,3,4,19,24,changed_q065,0.65,64,local_pauli_shadow,0.7158927199999999,0.6932373046875,-0.022655415312499913,0.3523722292830366,0.3641663771000446
ZZ_d1_r4_c0,1,1,0,4,0,20,0,changed_q065,0.65,64,local_pauli_shadow,0.7158927199999999,0.69873046875,-0.017162251249999916,0.3362391345772588,0.3641663771000446
ZZ_d1_r4_c1,1,1,0,4,1,21,1,changed_q065,0.65,64,local_pauli_shadow,0.7158927199999999,0.7646484375,0.04875571750000038,0.3800466977708113,0.3641663771000446
ZZ_d1_r4_c2,1,1,0,4,2,22,2,changed_q065,0.65,64,local_pauli_shadow,0.7158927199999999,0.72454833984375,0.008655619843750134,0.34221278427373963,0.3641663771000446
ZZ_d1_r4_c3,1,1,0,4,3,23,3,changed_q065,0.65,64,local_pauli_shadow,0.7158927199999999,0.7218017578125,0.005909037812500104,0.3598084162746131,0.3641663771000446
ZZ_d1_r4_c4,1,1,0,4,4,24,4,changed_q065,0.65,64,local_pauli_shadow,0.7158927199999999,0.7327880859375,0.01689536593750013,0.3585576309916688,0.3641663771000446
ZZ_d2_r0_c0,2,0,2,0,0,0,2,changed_q065,0.65,64,local_pauli_shadow,0.72967688,0.67840576171875,-0.05127111828124967,0.32734033839957183,0.3637386521166645
ZZ_d2_r0_c1,2,0,2,0,1,1,3,changed_q065,0.65,64,local_pauli_shadow,0.72967688,0.74212646484375,0.012449584843750066,0.35823544109950534,0.3637386521166645
ZZ_d2_r0_c2,2,0,2,0,2,2,4,changed_q065,0.65,64,local_pauli_shadow,0.72967688,0.73553466796875,0.00585778796875022,0.342868813443879,0.3637386521166645
ZZ_d2_r0_c3,2,0,2,0,3,3,0,changed_q065,0.65,64,local_pauli_shadow,0.72967688,0.68115234375,-0.04852453624999958,0.37456583849918446,0.3637386521166645
ZZ_d2_r0_c4,2,0,2,0,4,4,1,changed_q065,0.65,64,local_pauli_shadow,0.72967688,0.766845703125,0.037168823125000354,0.3549869401928908,0.3637386521166645
ZZ_d2_r1_c0,2,0,2,1,0,5,7,changed_q065,0.65,64,local_pauli_shadow,0.72967688,0.7470703125,0.017393432500000104,0.3964750269064126,0.3637386521166645
ZZ_d2_r1_c1,2,0,2,1,1,6,8,changed_q065,0.65,64,local_pauli_shadow,0.72967688,0.720703125,-0.008973754999999972,0.38139290557167116,0.3637386521166645
ZZ_d2_r1_c2,2,0,2,1,2,7,9,changed_q065,0.65,64,local_pauli_shadow,0.72967688,0.72235107421875,-0.007325805781249906,0.4068595148742887,0.3637386521166645
ZZ_d2_r1_c3,2,0,2,1,3,8,5,changed_q065,0.65,64,local_pauli_shadow,0.72967688,0.7349853515625,0.005308471562500087,0.3705217092214518,0.3637386521166645
ZZ_d2_r1_c4,2,0,2,1,4,9,6,changed_q065,0.65,64,local_pauli_shadow,0.72967688,0.722900390625,-0.006776489374999894,0.3880679109237982,0.3637386521166645
ZZ_d2_r2_c0,2,0,2,2,0,10,12,changed_q065,0.65,64,local_pauli_shadow,0.72967688,0.76519775390625,0.035520873906250416,0.3969168945714967,0.3637386521166645
ZZ_d2_r2_c1,2,0,2,2,1,11,13,changed_q065,0.65,64,local_pauli_shadow,0.72967688,0.722900390625,-0.006776489374999932,0.35041055980428837,0.3637386521166645
ZZ_d2_r2_c2,2,0,2,2,2,12,14,changed_q065,0.65,64,local_pauli_shadow,0.72967688,0.7108154296875,-0.018861450312499875,0.37245717334226874,0.3637386521166645
ZZ_d2_r2_c3,2,0,2,2,3,13,10,changed_q065,0.65,64,local_pauli_shadow,0.72967688,0.7130126953125,-0.016664184687499917,0.3542253062258431,0.3637386521166645
ZZ_d2_r2_c4,2,0,2,2,4,14,11,changed_q065,0.65,64,local_pauli_shadow,0.72967688,0.7261962890625,-0.0034805909374999704,0.37467250811527886,0.3637386521166645
ZZ_d2_r3_c0,2,0,2,3,0,15,17,changed_q065,0.65,64,local_pauli_shadow,0.72967688,0.727294921875,-0.002381958124999948,0.3691940825412667,0.3637386521166645
ZZ_d2_r3_c1,2,0,2,3,1,16,18,changed_q065,0.65,64,local_pauli_shadow,0.72967688,0.72235107421875,-0.007325805781249972,0.3719455642084826,0.3637386521166645
ZZ_d2_r3_c2,2,0,2,3,2,17,19,changed_q065,0.65,64,local_pauli_shadow,0.72967688,0.71026611328125,-0.019410766718749903,0.34616159511365807,0.3637386521166645
ZZ_d2_r3_c3,2,0,2,3,3,18,15,changed_q065,0.65,64,local_pauli_shadow,0.72967688,0.744873046875,0.015196166875000276,0.3774620339293701,0.3637386521166645
ZZ_d2_r3_c4,2,0,2,3,4,19,16,changed_q065,0.65,64,local_pauli_shadow,0.72967688,0.6888427734375,-0.04083410656249963,0.3723643574835172,0.3637386521166645
ZZ_d2_r4_c0,2,0,2,4,0,20,22,changed_q065,0.65,64,local_pauli_shadow,0.72967688,0.722900390625,-0.006776489374999972,0.36971899052599105,0.3637386521166645
ZZ_d2_r4_c1,2,0,2,4,1,21,23,changed_q065,0.65,64,local_pauli_shadow,0.72967688,0.7525634765625,0.022886596562500305,0.3723846144270776,0.3637386521166645
ZZ_d2_r4_c2,2,0,2,4,2,22,24,changed_q065,0.65,64,local_pauli_shadow,0.72967688,0.71630859375,-0.01336828624999979,0.39794789127768326,0.3637386521166645
ZZ_d2_r4_c3,2,0,2,4,3,23,20,changed_q065,0.65,64,local_pauli_shadow,0.72967688,0.7294921875,-0.0001846924999999583,0.33983117199064367,0.3637386521166645
ZZ_d2_r4_c4,2,0,2,4,4,24,21,changed_q065,0.65,64,local_pauli_shadow,0.72967688,0.73883056640625,0.009153686406250035,0.36233764663088375,0.3637386521166645
ZZ_d3_r0_c0,3,2,0,0,0,0,10,changed_q065,0.65,64,local_pauli_shadow,0.72967688,0.7218017578125,-0.007875122187499967,0.3566115094255606,0.3637386521166645
ZZ_d3_r0_c1,3,2,0,0,1,1,11,changed_q065,0.65,64,local_pauli_shadow,0.72967688,0.71685791015625,-0.012818969843749941,0.36584950182197873,0.3637386521166645
ZZ_d3_r0_c2,3,2,0,0,2,2,12,changed_q065,0.65,64,local_pauli_shadow,0.72967688,0.7569580078125,0.02728112781250039,0.3786565496402258,0.3637386521166645
ZZ_d3_r0_c3,3,2,0,0,3,3,13,changed_q065,0.65,64,local_pauli_shadow,0.72967688,0.72509765625,-0.004579223749999901,0.3733046519878801,0.3637386521166645
ZZ_d3_r0_c4,3,2,0,0,4,4,14,changed_q065,0.65,64,local_pauli_shadow,0.72967688,0.73004150390625,0.00036462390625002783,0.3761495746440162,0.3637386521166645
ZZ_d3_r1_c0,3,2,0,1,0,5,15,changed_q065,0.65,64,local_pauli_shadow,0.72967688,0.74432373046875,0.01464685046875003,0.40063131829430626,0.3637386521166645
ZZ_d3_r1_c1,3,2,0,1,1,6,16,changed_q065,0.65,64,local_pauli_shadow,0.72967688,0.7174072265625,-0.012269653437499972,0.32783417900415945,0.3637386521166645
ZZ_d3_r1_c2,3,2,0,1,2,7,17,changed_q065,0.65,64,local_pauli_shadow,0.72967688,0.73388671875,0.004209838750000038,0.3563614702900915,0.3637386521166645
ZZ_d3_r1_c3,3,2,0,1,3,8,18,changed_q065,0.65,64,local_pauli_shadow,0.72967688,0.72015380859375,-0.009523071406249854,0.3768468870824099,0.3637386521166645
ZZ_d3_r1_c4,3,2,0,1,4,9,19,changed_q065,0.65,64,local_pauli_shadow,0.72967688,0.7130126953125,-0.016664184687499972,0.36156383351430205,0.3637386521166645
ZZ_d3_r2_c0,3,2,0,2,0,10,20,changed_q065,0.65,64,local_pauli_shadow,0.72967688,0.7119140625,-0.017762817499999903,0.35583054362828404,0.3637386521166645
ZZ_d3_r2_c1,3,2,0,2,1,11,21,changed_q065,0.65,64,local_pauli_shadow,0.72967688,0.77838134765625,0.04870446765625034,0.3662405256480291,0.3637386521166645
ZZ_d3_r2_c2,3,2,0,2,2,12,22,changed_q065,0.65,64,local_pauli_shadow,0.72967688,0.76409912109375,0.03442224109375033,0.3689532822359055,0.3637386521166645
ZZ_d3_r2_c3,3,2,0,2,3,13,23,changed_q065,0.65,64,local_pauli_shadow,0.72967688,0.7481689453125,0.01849206531250043,0.3598325410522084,0.3637386521166645
ZZ_d3_r2_c4,3,2,0,2,4,14,24,changed_q065,0.65,64,local_pauli_shadow,0.72967688,0.71026611328125,-0.019410766718749715,0.362298906480147,0.3637386521166645
ZZ_d3_r3_c0,3,2,0,3,0,15,0,changed_q065,0.65,64,local_pauli_shadow,0.72967688,0.6943359375,-0.035340942499999674,0.385835694729801,0.3637386521166645
ZZ_d3_r3_c1,3,2,0,3,1,16,1,changed_q065,0.65,64,local_pauli_shadow,0.72967688,0.7294921875,-0.00018469249999997217,0.3560384500617242,0.3637386521166645
ZZ_d3_r3_c2,3,2,0,3,2,17,2,changed_q065,0.65,64,local_pauli_shadow,0.72967688,0.6976318359375,-0.03204504406249981,0.367137014198808,0.3637386521166645
ZZ_d3_r3_c3,3,2,0,3,3,18,3,changed_q065,0.65,64,local_pauli_shadow,0.72967688,0.7525634765625,0.02288659656250014,0.35518472191540057,0.3637386521166645
ZZ_d3_r3_c4,3,2,0,3,4,19,4,changed_q065,0.65,64,local_pauli_shadow,0.72967688,0.72454833984375,-0.005128540156249974,0.3521551613369333,0.3637386521166645
ZZ_d3_r4_c0,3,2,0,4,0,20,5,changed_q065,0.65,64,local_pauli_shadow,0.72967688,0.727294921875,-0.002381958124999972,0.3540269885138461,0.3637386521166645
ZZ_d3_r4_c1,3,2,0,4,1,21,6,changed_q065,0.65,64,local_pauli_shadow,0.72967688,0.766845703125,0.037168823125000354,0.36760161428334626,0.3637386521166645
ZZ_d3_r4_c2,3,2,0,4,2,22,7,changed_q065,0.65,64,local_pauli_shadow,0.72967688,0.73828125,0.00860437000000007,0.3656670851212955,0.3637386521166645
ZZ_d3_r4_c3,3,2,0,4,3,23,8,changed_q065,0.65,64,local_pauli_shadow,0.72967688,0.75201416015625,0.022337280156250423,0.3494155600547719,0.3637386521166645
ZZ_d3_r4_c4,3,2,0,4,4,24,9,changed_q065,0.65,64,local_pauli_shadow,0.72967688,0.72344970703125,-0.0062271729687499045,0.377434143475553,0.3637386521166645
ZZ_d0_r0_c0,0,0,1,0,0,0,1,changed_q065,0.65,128,native_all_z,0.7158927199999999,0.71282958984375,-0.003063130156249927,0.058561878028934,0.06171365412196843
ZZ_d0_r0_c1,0,0,1,0,1,1,2,changed_q065,0.65,128,native_all_z,0.7158927199999999,0.7113037109375,-0.0045890090624999234,0.060008485045983474,0.06171365412196843
ZZ_d0_r0_c2,0,0,1,0,2,2,3,changed_q065,0.65,128,native_all_z,0.7158927199999999,0.71270751953125,-0.003185200468749927,0.0622197787119437,0.06171365412196843
ZZ_d0_r0_c3,0,0,1,0,3,3,4,changed_q065,0.65,128,native_all_z,0.7158927199999999,0.7169189453125,0.0010262253125000865,0.061403875877883526,0.06171365412196843
ZZ_d0_r0_c4,0,0,1,0,4,4,0,changed_q065,0.65,128,native_all_z,0.7158927199999999,0.7176513671875,0.001758647187500073,0.06040477159803602,0.06171365412196843
ZZ_d0_r1_c0,0,0,1,1,0,5,6,changed_q065,0.65,128,native_all_z,0.7158927199999999,0.71624755859375,0.0003548385937500965,0.06150456695659218,0.06171365412196843
ZZ_d0_r1_c1,0,0,1,1,1,6,7,changed_q065,0.65,128,native_all_z,0.7158927199999999,0.7197265625,0.0038338425000001004,0.06153438282538898,0.06171365412196843
ZZ_d0_r1_c2,0,0,1,1,2,7,8,changed_q065,0.65,128,native_all_z,0.7158927199999999,0.72161865234375,0.005725932343750094,0.06135074677267431,0.06171365412196843
ZZ_d0_r1_c3,0,0,1,1,3,8,9,changed_q065,0.65,128,native_all_z,0.7158927199999999,0.7208251953125,0.0049324753125000835,0.060000968833115224,0.06171365412196843
ZZ_d0_r1_c4,0,0,1,1,4,9,5,changed_q065,0.65,128,native_all_z,0.7158927199999999,0.714599609375,-0.001293110624999914,0.06565297473814227,0.06171365412196843
ZZ_d0_r2_c0,0,0,1,2,0,10,11,changed_q065,0.65,128,native_all_z,0.7158927199999999,0.715576171875,-0.0003165481249999269,0.06292232928485096,0.06171365412196843
ZZ_d0_r2_c1,0,0,1,2,1,11,12,changed_q065,0.65,128,native_all_z,0.7158927199999999,0.71136474609375,-0.0045279739062499234,0.0597007015723993,0.06171365412196843
ZZ_d0_r2_c2,0,0,1,2,2,12,13,changed_q065,0.65,128,native_all_z,0.7158927199999999,0.71649169921875,0.0005989792187500731,0.05916089896611502,0.06171365412196843
ZZ_d0_r2_c3,0,0,1,2,3,13,14,changed_q065,0.65,128,native_all_z,0.7158927199999999,0.71630859375,0.0004158737500000731,0.06489499451919875,0.06171365412196843
ZZ_d0_r2_c4,0,0,1,2,4,14,10,changed_q065,0.65,128,native_all_z,0.7158927199999999,0.7213134765625,0.005420756562500104,0.06123538534327211,0.06171365412196843
ZZ_d0_r3_c0,0,0,1,3,0,15,16,changed_q065,0.65,128,native_all_z,0.7158927199999999,0.72186279296875,0.0059700729687500904,0.060768659996481164,0.06171365412196843
ZZ_d0_r3_c1,0,0,1,3,1,16,17,changed_q065,0.65,128,native_all_z,0.7158927199999999,0.714111328125,-0.0017813918749999213,0.0649598702458508,0.06171365412196843
ZZ_d0_r3_c2,0,0,1,3,2,17,18,changed_q065,0.65,128,native_all_z,0.7158927199999999,0.711669921875,-0.0042227981249999234,0.06597498787104349,0.06171365412196843
ZZ_d0_r3_c3,0,0,1,3,3,18,19,changed_q065,0.65,128,native_all_z,0.7158927199999999,0.71942138671875,0.0035286667187500935,0.06290748266826894,0.06171365412196843
ZZ_d0_r3_c4,0,0,1,3,4,19,15,changed_q065,0.65,128,native_all_z,0.7158927199999999,0.721923828125,0.006031108125000141,0.06369088428795137,0.06171365412196843
ZZ_d0_r4_c0,0,0,1,4,0,20,21,changed_q065,0.65,128,native_all_z,0.7158927199999999,0.71759033203125,0.001697612031250073,0.05942293918875463,0.06171365412196843
ZZ_d0_r4_c1,0,0,1,4,1,21,22,changed_q065,0.65,128,native_all_z,0.7158927199999999,0.71734619140625,0.001453471406250073,0.05925046041384239,0.06171365412196843
ZZ_d0_r4_c2,0,0,1,4,2,22,23,changed_q065,0.65,128,native_all_z,0.7158927199999999,0.71563720703125,-0.0002555129687499269,0.0594253190452294,0.06171365412196843
ZZ_d0_r4_c3,0,0,1,4,3,23,24,changed_q065,0.65,128,native_all_z,0.7158927199999999,0.71759033203125,0.001697612031250073,0.06202987646995041,0.06171365412196843
ZZ_d0_r4_c4,0,0,1,4,4,24,20,changed_q065,0.65,128,native_all_z,0.7158927199999999,0.7169189453125,0.0010262253125000748,0.06217558527643429,0.06171365412196843
ZZ_d1_r0_c0,1,1,0,0,0,0,5,changed_q065,0.65,128,native_all_z,0.7158927199999999,0.7120361328125,-0.0038565871874999182,0.0672505645972347,0.06171365412196843
ZZ_d1_r0_c1,1,1,0,0,1,1,6,changed_q065,0.65,128,native_all_z,0.7158927199999999,0.7137451171875,-0.002147602812499927,0.061162528150654864,0.06171365412196843
ZZ_d1_r0_c2,1,1,0,0,2,2,7,changed_q065,0.65,128,native_all_z,0.7158927199999999,0.713134765625,-0.002757954374999927,0.0657199230991825,0.06171365412196843
ZZ_d1_r0_c3,1,1,0,0,3,3,8,changed_q065,0.65,128,native_all_z,0.7158927199999999,0.717529296875,0.001636576875000073,0.06071396730853743,0.06171365412196843
ZZ_d1_r0_c4,1,1,0,0,4,4,9,changed_q065,0.65,128,native_all_z,0.7158927199999999,0.7161865234375,0.0002938034375000731,0.06419515051606038,0.06171365412196843
ZZ_d1_r1_c0,1,1,0,1,0,5,10,changed_q065,0.65,128,native_all_z,0.7158927199999999,0.71258544921875,-0.003307270781249927,0.06651115987827809,0.06171365412196843
ZZ_d1_r1_c1,1,1,0,1,1,6,11,changed_q065,0.65,128,native_all_z,0.7158927199999999,0.7156982421875,-0.0001944778124999269,0.0573457093600403,0.06171365412196843
ZZ_d1_r1_c2,1,1,0,1,2,7,12,changed_q065,0.65,128,native_all_z,0.7158927199999999,0.71441650390625,-0.001476216093749927,0.05655294993337102,0.06171365412196843
ZZ_d1_r1_c3,1,1,0,1,3,8,13,changed_q065,0.65,128,native_all_z,0.7158927199999999,0.72247314453125,0.006580424531250089,0.06476214883368986,0.06171365412196843
ZZ_d1_r1_c4,1,1,0,1,4,9,14,changed_q065,0.65,128,native_all_z,0.7158927199999999,0.71917724609375,0.003284526093750073,0.05935476459190215,0.06171365412196843
ZZ_d1_r2_c0,1,1,0,2,0,10,15,changed_q065,0.65,128,native_all_z,0.7158927199999999,0.71722412109375,0.001331401093750073,0.06314076844108275,0.06171365412196843
ZZ_d1_r2_c1,1,1,0,2,1,11,16,changed_q065,0.65,128,native_all_z,0.7158927199999999,0.71435546875,-0.001537251249999927,0.055777262341485535,0.06171365412196843
ZZ_d1_r2_c2,1,1,0,2,2,12,17,changed_q065,0.65,128,native_all_z,0.7158927199999999,0.71173095703125,-0.004161762968749927,0.06013200118958959,0.06171365412196843
ZZ_d1_r2_c3,1,1,0,2,3,13,18,changed_q065,0.65,128,native_all_z,0.7158927199999999,0.7161865234375,0.0002938034375000731,0.0661414750209255,0.06171365412196843
ZZ_d1_r2_c4,1,1,0,2,4,14,19,changed_q065,0.65,128,native_all_z,0.7158927199999999,0.72052001953125,0.004627299531250106,0.060327276676520304,0.06171365412196843
ZZ_d1_r3_c0,1,1,0,3,0,15,20,changed_q065,0.65,128,native_all_z,0.7158927199999999,0.7218017578125,0.005909037812500132,0.05838869733717968,0.06171365412196843
ZZ_d1_r3_c1,1,1,0,3,1,16,21,changed_q065,0.65,128,native_all_z,0.7158927199999999,0.7159423828125,4.9662812500073095e-05,0.06254375422496707,0.06171365412196843
ZZ_d1_r3_c2,1,1,0,3,2,17,22,changed_q065,0.65,128,native_all_z,0.7158927199999999,0.71282958984375,-0.003063130156249927,0.0679120733788882,0.06171365412196843
ZZ_d1_r3_c3,1,1,0,3,3,18,23,changed_q065,0.65,128,native_all_z,0.7158927199999999,0.72314453125,0.007251811250000108,0.06253732191264842,0.06171365412196843
ZZ_d1_r3_c4,1,1,0,3,4,19,24,changed_q065,0.65,128,native_all_z,0.7158927199999999,0.7178955078125,0.002002787812500073,0.06410774218897988,0.06171365412196843
ZZ_d1_r4_c0,1,1,0,4,0,20,0,changed_q065,0.65,128,native_all_z,0.7158927199999999,0.7156982421875,-0.0001944778124999269,0.05756149680326924,0.06171365412196843
ZZ_d1_r4_c1,1,1,0,4,1,21,1,changed_q065,0.65,128,native_all_z,0.7158927199999999,0.715087890625,-0.0008048293749999269,0.06152046678283649,0.06171365412196843
ZZ_d1_r4_c2,1,1,0,4,2,22,2,changed_q065,0.65,128,native_all_z,0.7158927199999999,0.71038818359375,-0.005504536406249903,0.06095076481166832,0.06171365412196843
ZZ_d1_r4_c3,1,1,0,4,3,23,3,changed_q065,0.65,128,native_all_z,0.7158927199999999,0.72064208984375,0.004749369843750089,0.0578311235516352,0.06171365412196843
ZZ_d1_r4_c4,1,1,0,4,4,24,4,changed_q065,0.65,128,native_all_z,0.7158927199999999,0.71533203125,-0.0005606887499999269,0.06445371421074896,0.06171365412196843
ZZ_d2_r0_c0,2,0,2,0,0,0,2,changed_q065,0.65,128,native_all_z,0.72967688,0.72674560546875,-0.002931274531249972,0.06349139397876244,0.06043925480864196
ZZ_d2_r0_c1,2,0,2,0,1,1,3,changed_q065,0.65,128,native_all_z,0.72967688,0.72735595703125,-0.002320922968749972,0.054223303618138825,0.06043925480864196
ZZ_d2_r0_c2,2,0,2,0,2,2,4,changed_q065,0.65,128,native_all_z,0.72967688,0.72271728515625,-0.006959594843749972,0.06289005543213536,0.06043925480864196
ZZ_d2_r0_c3,2,0,2,0,3,3,0,changed_q065,0.65,128,native_all_z,0.72967688,0.7332763671875,0.003599487187500028,0.05975668885392163,0.06043925480864196
ZZ_d2_r0_c4,2,0,2,0,4,4,1,changed_q065,0.65,128,native_all_z,0.72967688,0.73114013671875,0.0014632567187500278,0.05541742638784635,0.06043925480864196
ZZ_d2_r1_c0,2,0,2,1,0,5,7,changed_q065,0.65,128,native_all_z,0.72967688,0.73040771484375,0.0007308348437500278,0.06155486671419544,0.06043925480864196
ZZ_d2_r1_c1,2,0,2,1,1,6,8,changed_q065,0.65,128,native_all_z,0.72967688,0.73846435546875,0.008787475468750028,0.05313465339675226,0.06043925480864196
ZZ_d2_r1_c2,2,0,2,1,2,7,9,changed_q065,0.65,128,native_all_z,0.72967688,0.73284912109375,0.003172241093750028,0.06009717172063555,0.06043925480864196
ZZ_d2_r1_c3,2,0,2,1,3,8,5,changed_q065,0.65,128,native_all_z,0.72967688,0.7294921875,-0.00018469249999997217,0.07036019817897335,0.06043925480864196
ZZ_d2_r1_c4,2,0,2,1,4,9,6,changed_q065,0.65,128,native_all_z,0.72967688,0.73028564453125,0.0006087645312500278,0.06111013706849704,0.06043925480864196
ZZ_d2_r2_c0,2,0,2,2,0,10,12,changed_q065,0.65,128,native_all_z,0.72967688,0.72528076171875,-0.004396118281249972,0.06114671034109935,0.06043925480864196
ZZ_d2_r2_c1,2,0,2,2,1,11,13,changed_q065,0.65,128,native_all_z,0.72967688,0.724853515625,-0.004823364374999972,0.06586790964489102,0.06043925480864196
ZZ_d2_r2_c2,2,0,2,2,2,12,14,changed_q065,0.65,128,native_all_z,0.72967688,0.72857666015625,-0.0011002198437499722,0.05649745660231526,0.06043925480864196
ZZ_d2_r2_c3,2,0,2,2,3,13,10,changed_q065,0.65,128,native_all_z,0.72967688,0.7314453125,0.0017684325000000278,0.06204269394194182,0.06043925480864196
ZZ_d2_r2_c4,2,0,2,2,4,14,11,changed_q065,0.65,128,native_all_z,0.72967688,0.73095703125,0.0012801512500000278,0.055255390516616355,0.06043925480864196
ZZ_d2_r3_c0,2,0,2,3,0,15,17,changed_q065,0.65,128,native_all_z,0.72967688,0.72833251953125,-0.0013443604687499722,0.06247413054453915,0.06043925480864196
ZZ_d2_r3_c1,2,0,2,3,1,16,18,changed_q065,0.65,128,native_all_z,0.72967688,0.7271728515625,-0.002504028437499972,0.060026303824826155,0.06043925480864196
ZZ_d2_r3_c2,2,0,2,3,2,17,19,changed_q065,0.65,128,native_all_z,0.72967688,0.73236083984375,0.002683959843750028,0.06131614739717473,0.06043925480864196
ZZ_d2_r3_c3,2,0,2,3,3,18,15,changed_q065,0.65,128,native_all_z,0.72967688,0.73419189453125,0.004515014531250028,0.06298896589252903,0.06043925480864196
ZZ_d2_r3_c4,2,0,2,3,4,19,16,changed_q065,0.65,128,native_all_z,0.72967688,0.73602294921875,0.006346069218750028,0.05769477379988206,0.06043925480864196
ZZ_d2_r4_c0,2,0,2,4,0,20,22,changed_q065,0.65,128,native_all_z,0.72967688,0.7294921875,-0.00018469249999997217,0.05869973949256795,0.06043925480864196
ZZ_d2_r4_c1,2,0,2,4,1,21,23,changed_q065,0.65,128,native_all_z,0.72967688,0.7335205078125,0.003843627812500028,0.06256653476071762,0.06043925480864196
ZZ_d2_r4_c2,2,0,2,4,2,22,24,changed_q065,0.65,128,native_all_z,0.72967688,0.733154296875,0.003477416875000028,0.06409046087589325,0.06043925480864196
ZZ_d2_r4_c3,2,0,2,4,3,23,20,changed_q065,0.65,128,native_all_z,0.72967688,0.73382568359375,0.004148803593750028,0.05591817923132085,0.06043925480864196
ZZ_d2_r4_c4,2,0,2,4,4,24,21,changed_q065,0.65,128,native_all_z,0.72967688,0.73431396484375,0.004637084843750028,0.06284650618638384,0.06043925480864196
ZZ_d3_r0_c0,3,2,0,0,0,0,10,changed_q065,0.65,128,native_all_z,0.72967688,0.73309326171875,0.003416381718750028,0.06036954224483408,0.06043925480864196
ZZ_d3_r0_c1,3,2,0,0,1,1,11,changed_q065,0.65,128,native_all_z,0.72967688,0.7279052734375,-0.0017716065624999722,0.05832785065140433,0.06043925480864196
ZZ_d3_r0_c2,3,2,0,0,2,2,12,changed_q065,0.65,128,native_all_z,0.72967688,0.72698974609375,-0.002687133906249972,0.056144955649758126,0.06043925480864196
ZZ_d3_r0_c3,3,2,0,0,3,3,13,changed_q065,0.65,128,native_all_z,0.72967688,0.72772216796875,-0.001954712031249972,0.06384804420665424,0.06043925480864196
ZZ_d3_r0_c4,3,2,0,0,4,4,14,changed_q065,0.65,128,native_all_z,0.72967688,0.72943115234375,-0.00024572765624997217,0.06040048464137775,0.06043925480864196
ZZ_d3_r1_c0,3,2,0,1,0,5,15,changed_q065,0.65,128,native_all_z,0.72967688,0.7315673828125,0.0018905028125000278,0.06038506909672003,0.06043925480864196
ZZ_d3_r1_c1,3,2,0,1,1,6,16,changed_q065,0.65,128,native_all_z,0.72967688,0.7335205078125,0.003843627812500028,0.06451764560358439,0.06043925480864196
ZZ_d3_r1_c2,3,2,0,1,2,7,17,changed_q065,0.65,128,native_all_z,0.72967688,0.7322998046875,0.002622924687500028,0.0624289933166826,0.06043925480864196
ZZ_d3_r1_c3,3,2,0,1,3,8,18,changed_q065,0.65,128,native_all_z,0.72967688,0.73468017578125,0.005003295781250028,0.06174123862432979,0.06043925480864196
ZZ_d3_r1_c4,3,2,0,1,4,9,19,changed_q065,0.65,128,native_all_z,0.72967688,0.7310791015625,0.0014022215625000278,0.05971159532863489,0.06043925480864196
ZZ_d3_r2_c0,3,2,0,2,0,10,20,changed_q065,0.65,128,native_all_z,0.72967688,0.73150634765625,0.0018294676562500278,0.06421505977073151,0.06043925480864196
ZZ_d3_r2_c1,3,2,0,2,1,11,21,changed_q065,0.65,128,native_all_z,0.72967688,0.7294921875,-0.00018469249999997217,0.058193913847396035,0.06043925480864196
ZZ_d3_r2_c2,3,2,0,2,2,12,22,changed_q065,0.65,128,native_all_z,0.72967688,0.7247314453125,-0.004945434687499972,0.054845350960351126,0.06043925480864196
ZZ_d3_r2_c3,3,2,0,2,3,13,23,changed_q065,0.65,128,native_all_z,0.72967688,0.73193359375,0.002256713750000028,0.059714941478923644,0.06043925480864196
ZZ_d3_r2_c4,3,2,0,2,4,14,24,changed_q065,0.65,128,native_all_z,0.72967688,0.73248291015625,0.002806030156250028,0.05965432070275429,0.06043925480864196
ZZ_d3_r3_c0,3,2,0,3,0,15,0,changed_q065,0.65,128,native_all_z,0.72967688,0.73046875,0.0007918700000000278,0.05634230367225769,0.06043925480864196
ZZ_d3_r3_c1,3,2,0,3,1,16,1,changed_q065,0.65,128,native_all_z,0.72967688,0.7254638671875,-0.004213012812499972,0.06282983379834894,0.06043925480864196
ZZ_d3_r3_c2,3,2,0,3,2,17,2,changed_q065,0.65,128,native_all_z,0.72967688,0.723876953125,-0.005799926874999972,0.06446577991288548,0.06043925480864196
ZZ_d3_r3_c3,3,2,0,3,3,18,3,changed_q065,0.65,128,native_all_z,0.72967688,0.73138427734375,0.0017073973437500278,0.06276401381887152,0.06043925480864196
ZZ_d3_r3_c4,3,2,0,3,4,19,4,changed_q065,0.65,128,native_all_z,0.72967688,0.7279052734375,-0.0017716065624999722,0.06222014083304858,0.06043925480864196
ZZ_d3_r4_c0,3,2,0,4,0,20,5,changed_q065,0.65,128,native_all_z,0.72967688,0.7301025390625,0.00042565906250002783,0.06401551072032777,0.06043925480864196
ZZ_d3_r4_c1,3,2,0,4,1,21,6,changed_q065,0.65,128,native_all_z,0.72967688,0.73291015625,0.003233276250000028,0.06320337768406865,0.06043925480864196
ZZ_d3_r4_c2,3,2,0,4,2,22,7,changed_q065,0.65,128,native_all_z,0.72967688,0.72625732421875,-0.003419555781249972,0.059065190993518396,0.06043925480864196
ZZ_d3_r4_c3,3,2,0,4,3,23,8,changed_q065,0.65,128,native_all_z,0.72967688,0.73724365234375,0.007566772343750028,0.06392128173605793,0.06043925480864196
ZZ_d3_r4_c4,3,2,0,4,4,24,9,changed_q065,0.65,128,native_all_z,0.72967688,0.7283935546875,-0.0012833253124999722,0.064764659767319,0.06043925480864196
ZZ_d0_r0_c0,0,0,1,0,0,0,1,changed_q065,0.65,128,local_pauli_shadow,0.7158927199999999,0.70916748046875,-0.0067252395312498575,0.25000408307930216,0.257504514727579
ZZ_d0_r0_c1,0,0,1,0,1,1,2,changed_q065,0.65,128,local_pauli_shadow,0.7158927199999999,0.7119140625,-0.00397865749999987,0.264067806501645,0.257504514727579
ZZ_d0_r0_c2,0,0,1,0,2,2,3,changed_q065,0.65,128,local_pauli_shadow,0.7158927199999999,0.69049072265625,-0.025401997343750024,0.2558337049979209,0.257504514727579
ZZ_d0_r0_c3,0,0,1,0,3,3,4,changed_q065,0.65,128,local_pauli_shadow,0.7158927199999999,0.6756591796875,-0.04023354031249987,0.24304412741520798,0.257504514727579
ZZ_d0_r0_c4,0,0,1,0,4,4,0,changed_q065,0.65,128,local_pauli_shadow,0.7158927199999999,0.6932373046875,-0.022655415312499948,0.26055958449122274,0.257504514727579
ZZ_d0_r1_c0,0,0,1,1,0,5,6,changed_q065,0.65,128,local_pauli_shadow,0.7158927199999999,0.720977783203125,0.00508506320312516,0.24928402388589901,0.257504514727579
ZZ_d0_r1_c1,0,0,1,1,1,6,7,changed_q065,0.65,128,local_pauli_shadow,0.7158927199999999,0.6943359375,-0.021556782499999885,0.26028325257021373,0.257504514727579
ZZ_d0_r1_c2,0,0,1,1,2,7,8,changed_q065,0.65,128,local_pauli_shadow,0.7158927199999999,0.68829345703125,-0.027599262968750014,0.24396783033066927,0.257504514727579
ZZ_d0_r1_c3,0,0,1,1,3,8,9,changed_q065,0.65,128,local_pauli_shadow,0.7158927199999999,0.714385986328125,-0.0015067336718748822,0.2571664950376896,0.257504514727579
ZZ_d0_r1_c4,0,0,1,1,4,9,5,changed_q065,0.65,128,local_pauli_shadow,0.7158927199999999,0.73663330078125,0.020740580781249955,0.26622788181570783,0.257504514727579
ZZ_d0_r2_c0,0,0,1,2,0,10,11,changed_q065,0.65,128,local_pauli_shadow,0.7158927199999999,0.699554443359375,-0.016338276640624882,0.2626504520721048,0.257504514727579
ZZ_d0_r2_c1,0,0,1,2,1,11,12,changed_q065,0.65,128,local_pauli_shadow,0.7158927199999999,0.712188720703125,-0.0037039992968749065,0.25242581184652313,0.257504514727579
ZZ_d0_r2_c2,0,0,1,2,2,12,13,changed_q065,0.65,128,local_pauli_shadow,0.7158927199999999,0.715484619140625,-0.00040810085937485535,0.256209028685429,0.257504514727579
ZZ_d0_r2_c3,0,0,1,2,3,13,14,changed_q065,0.65,128,local_pauli_shadow,0.7158927199999999,0.73773193359375,0.02183921359375006,0.2608990545731667,0.257504514727579
ZZ_d0_r2_c4,0,0,1,2,4,14,10,changed_q065,0.65,128,local_pauli_shadow,0.7158927199999999,0.723724365234375,0.007831645234375116,0.25443551690217836,0.257504514727579
ZZ_d0_r3_c0,0,0,1,3,0,15,16,changed_q065,0.65,128,local_pauli_shadow,0.7158927199999999,0.70477294921875,-0.011119770781249842,0.2547411679027123,0.257504514727579
ZZ_d0_r3_c1,0,0,1,3,1,16,17,changed_q065,0.65,128,local_pauli_shadow,0.7158927199999999,0.71795654296875,0.002063822968750102,0.24986417153616763,0.257504514727579
ZZ_d0_r3_c2,0,0,1,3,2,17,18,changed_q065,0.65,128,local_pauli_shadow,0.7158927199999999,0.70257568359375,-0.013317036406249882,0.24949048896091677,0.257504514727579
ZZ_d0_r3_c3,0,0,1,3,3,18,19,changed_q065,0.65,128,local_pauli_shadow,0.7158927199999999,0.716033935546875,0.00014121554687511863,0.22305751166472282,0.257504514727579
ZZ_d0_r3_c4,0,0,1,3,4,19,15,changed_q065,0.65,128,local_pauli_shadow,0.7158927199999999,0.739105224609375,0.0232125046093749,0.24616694680147042,0.257504514727579
ZZ_d0_r4_c0,0,0,1,4,0,20,21,changed_q065,0.65,128,local_pauli_shadow,0.7158927199999999,0.71136474609375,-0.00452797390624987,0.25592423563846617,0.257504514727579
ZZ_d0_r4_c1,0,0,1,4,1,21,22,changed_q065,0.65,128,local_pauli_shadow,0.7158927199999999,0.735809326171875,0.01991660617187509,0.2677500956329876,0.257504514727579
ZZ_d0_r4_c2,0,0,1,4,2,22,23,changed_q065,0.65,128,local_pauli_shadow,0.7158927199999999,0.707794189453125,-0.008098530546874915,0.2795718873860549,0.257504514727579
ZZ_d0_r4_c3,0,0,1,4,3,23,24,changed_q065,0.65,128,local_pauli_shadow,0.7158927199999999,0.698455810546875,-0.017436909453124986,0.25258483668065945,0.257504514727579
ZZ_d0_r4_c4,0,0,1,4,4,24,20,changed_q065,0.65,128,local_pauli_shadow,0.7158927199999999,0.6998291015625,-0.016063618437499906,0.2641401797470633,0.257504514727579
ZZ_d1_r0_c0,1,1,0,0,0,0,5,changed_q065,0.65,128,local_pauli_shadow,0.7158927199999999,0.72015380859375,0.004261088593750118,0.27436535595980704,0.257504514727579
ZZ_d1_r0_c1,1,1,0,0,1,1,6,changed_q065,0.65,128,local_pauli_shadow,0.7158927199999999,0.701202392578125,-0.014690327421874908,0.24859158080998783,0.257504514727579
ZZ_d1_r0_c2,1,1,0,0,2,2,7,changed_q065,0.65,128,local_pauli_shadow,0.7158927199999999,0.718231201171875,0.00233848117187515,0.2654772213311389,0.257504514727579
ZZ_d1_r0_c3,1,1,0,0,3,3,8,changed_q065,0.65,128,local_pauli_shadow,0.7158927199999999,0.692138671875,-0.023754048125,0.24121805709619262,0.257504514727579
ZZ_d1_r0_c4,1,1,0,0,4,4,9,changed_q065,0.65,128,local_pauli_shadow,0.7158927199999999,0.709716796875,-0.006175923124999844,0.26809252191193605,0.257504514727579
ZZ_d1_r1_c0,1,1,0,1,0,5,10,changed_q065,0.65,128,local_pauli_shadow,0.7158927199999999,0.7239990234375,0.008106303437500165,0.24862486018542282,0.257504514727579
ZZ_d1_r1_c1,1,1,0,1,1,6,11,changed_q065,0.65,128,local_pauli_shadow,0.7158927199999999,0.699554443359375,-0.01633827664062488,0.2733159048175209,0.257504514727579
ZZ_d1_r1_c2,1,1,0,1,2,7,12,changed_q065,0.65,128,local_pauli_shadow,0.7158927199999999,0.73004150390625,0.01414878390625009,0.2605349440763887,0.257504514727579
ZZ_d1_r1_c3,1,1,0,1,3,8,13,changed_q065,0.65,128,local_pauli_shadow,0.7158927199999999,0.71575927734375,-0.00013344265624987573,0.24788176515628657,0.257504514727579
ZZ_d1_r1_c4,1,1,0,1,4,9,14,changed_q065,0.65,128,local_pauli_shadow,0.7158927199999999,0.7371826171875,0.02128989718750001,0.24763516914157355,0.257504514727579
ZZ_d1_r2_c0,1,1,0,2,0,10,15,changed_q065,0.65,128,local_pauli_shadow,0.7158927199999999,0.739654541015625,0.023761821015624837,0.23994057909386188,0.257504514727579
ZZ_d1_r2_c1,1,1,0,2,1,11,16,changed_q065,0.65,128,local_pauli_shadow,0.7158927199999999,0.707794189453125,-0.008098530546874889,0.26807603252966333,0.257504514727579
ZZ_d1_r2_c2,1,1,0,2,2,12,17,changed_q065,0.65,128,local_pauli_shadow,0.7158927199999999,0.70587158203125,-0.01002113796875,0.25369844111579465,0.257504514727579
ZZ_d1_r2_c3,1,1,0,2,3,13,18,changed_q065,0.65,128,local_pauli_shadow,0.7158927199999999,0.734161376953125,0.01826865695312487,0.26192301583652733,0.257504514727579
ZZ_d1_r2_c4,1,1,0,2,4,14,19,changed_q065,0.65,128,local_pauli_shadow,0.7158927199999999,0.71246337890625,-0.003429341093749856,0.2563218741616764,0.257504514727579
ZZ_d1_r3_c0,1,1,0,3,0,15,20,changed_q065,0.65,128,local_pauli_shadow,0.7158927199999999,0.717132568359375,0.0012398483593751165,0.2497903301910083,0.257504514727579
ZZ_d1_r3_c1,1,1,0,3,1,16,21,changed_q065,0.65,128,local_pauli_shadow,0.7158927199999999,0.720977783203125,0.005085063203125124,0.2641049319838474,0.257504514727579
ZZ_d1_r3_c2,1,1,0,3,2,17,22,changed_q065,0.65,128,local_pauli_shadow,0.7158927199999999,0.722076416015625,0.006183696015625155,0.24743912961928116,0.257504514727579
ZZ_d1_r3_c3,1,1,0,3,3,18,23,changed_q065,0.65,128,local_pauli_shadow,0.7158927199999999,0.707794189453125,-0.0080985305468749,0.24354059420792212,0.257504514727579
ZZ_d1_r3_c4,1,1,0,3,4,19,24,changed_q065,0.65,128,local_pauli_shadow,0.7158927199999999,0.703125,-0.012767719999999896,0.2609641663861562,0.257504514727579
ZZ_d1_r4_c0,1,1,0,4,0,20,0,changed_q065,0.65,128,local_pauli_shadow,0.7158927199999999,0.722625732421875,0.006733012421875106,0.2556263747752979,0.257504514727579
ZZ_d1_r4_c1,1,1,0,4,1,21,1,changed_q065,0.65,128,local_pauli_shadow,0.7158927199999999,0.72235107421875,0.006458354218750089,0.2563567498468976,0.257504514727579
ZZ_d1_r4_c2,1,1,0,4,2,22,2,changed_q065,0.65,128,local_pauli_shadow,0.7158927199999999,0.700653076171875,-0.015239643828124951,0.25792228651883664,0.257504514727579
ZZ_d1_r4_c3,1,1,0,4,3,23,3,changed_q065,0.65,128,local_pauli_shadow,0.7158927199999999,0.713836669921875,-0.0020560500781248558,0.2569684061838332,0.257504514727579
ZZ_d1_r4_c4,1,1,0,4,4,24,4,changed_q065,0.65,128,local_pauli_shadow,0.7158927199999999,0.702850341796875,-0.013042378203124856,0.2556319761961607,0.257504514727579
ZZ_d2_r0_c0,2,0,2,0,0,0,2,changed_q065,0.65,128,local_pauli_shadow,0.72967688,0.69488525390625,-0.03479162609374989,0.24543225714374045,0.25720206749134805
ZZ_d2_r0_c1,2,0,2,0,1,1,3,changed_q065,0.65,128,local_pauli_shadow,0.72967688,0.742950439453125,0.013273559453125068,0.23558927291903117,0.25720206749134805
ZZ_d2_r0_c2,2,0,2,0,2,2,4,changed_q065,0.65,128,local_pauli_shadow,0.72967688,0.701751708984375,-0.027925171015624903,0.24614406095967253,0.25720206749134805
ZZ_d2_r0_c3,2,0,2,0,3,3,0,changed_q065,0.65,128,local_pauli_shadow,0.72967688,0.70806884765625,-0.021608032343749826,0.2556737955485779,0.25720206749134805
ZZ_d2_r0_c4,2,0,2,0,4,4,1,changed_q065,0.65,128,local_pauli_shadow,0.72967688,0.7415771484375,0.011900268437500219,0.25657329154991765,0.25720206749134805
ZZ_d2_r1_c0,2,0,2,1,0,5,7,changed_q065,0.65,128,local_pauli_shadow,0.72967688,0.753387451171875,0.02371057117187507,0.2790888818618063,0.25720206749134805
ZZ_d2_r1_c1,2,0,2,1,1,6,8,changed_q065,0.65,128,local_pauli_shadow,0.72967688,0.705322265625,-0.024354614374999833,0.26199899266637366,0.25720206749134805
ZZ_d2_r1_c2,2,0,2,1,2,7,9,changed_q065,0.65,128,local_pauli_shadow,0.72967688,0.730316162109375,0.0006392821093750278,0.2591930148431335,0.25720206749134805
ZZ_d2_r1_c3,2,0,2,1,3,8,5,changed_q065,0.65,128,local_pauli_shadow,0.72967688,0.744873046875,0.0151961668750002,0.25893104582199095,0.25720206749134805
ZZ_d2_r1_c4,2,0,2,1,4,9,6,changed_q065,0.65,128,local_pauli_shadow,0.72967688,0.71466064453125,-0.015016235468749957,0.263554128519474,0.25720206749134805
ZZ_d2_r2_c0,2,0,2,2,0,10,12,changed_q065,0.65,128,local_pauli_shadow,0.72967688,0.751190185546875,0.02151330554687527,0.2634277461784474,0.25720206749134805
ZZ_d2_r2_c1,2,0,2,2,1,11,13,changed_q065,0.65,128,local_pauli_shadow,0.72967688,0.732513427734375,0.002836547734375028,0.24877448695943466,0.25720206749134805
ZZ_d2_r2_c2,2,0,2,2,2,12,14,changed_q065,0.65,128,local_pauli_shadow,0.72967688,0.702301025390625,-0.027375854609374868,0.2590080150067947,0.25720206749134805
ZZ_d2_r2_c3,2,0,2,2,3,13,10,changed_q065,0.65,128,local_pauli_shadow,0.72967688,0.73004150390625,0.00036462390625002783,0.25414267088448195,0.25720206749134805
ZZ_d2_r2_c4,2,0,2,2,4,14,11,changed_q065,0.65,128,local_pauli_shadow,0.72967688,0.71356201171875,-0.016114868281249965,0.25396461351334676,0.25720206749134805
ZZ_d2_r3_c0,2,0,2,3,0,15,17,changed_q065,0.65,128,local_pauli_shadow,0.72967688,0.73333740234375,0.003660522343750028,0.24646340627426966,0.25720206749134805
ZZ_d2_r3_c1,2,0,2,3,1,16,18,changed_q065,0.65,128,local_pauli_shadow,0.72967688,0.718231201171875,-0.011445678828124937,0.25654305232914754,0.25720206749134805
ZZ_d2_r3_c2,2,0,2,3,2,17,19,changed_q065,0.65,128,local_pauli_shadow,0.72967688,0.720703125,-0.008973754999999972,0.23304153547874723,0.25720206749134805
ZZ_d2_r3_c3,2,0,2,3,3,18,15,changed_q065,0.65,128,local_pauli_shadow,0.72967688,0.744873046875,0.01519616687500031,0.24498112805732497,0.25720206749134805
ZZ_d2_r3_c4,2,0,2,3,4,19,16,changed_q065,0.65,128,local_pauli_shadow,0.72967688,0.7349853515625,0.005308471562500031,0.2558997353639069,0.25720206749134805
ZZ_d2_r4_c0,2,0,2,4,0,20,22,changed_q065,0.65,128,local_pauli_shadow,0.72967688,0.7174072265625,-0.012269653437499972,0.2419480975094021,0.25720206749134805
ZZ_d2_r4_c1,2,0,2,4,1,21,23,changed_q065,0.65,128,local_pauli_shadow,0.72967688,0.744873046875,0.015196166875000241,0.2610849995213994,0.25720206749134805
ZZ_d2_r4_c2,2,0,2,4,2,22,24,changed_q065,0.65,128,local_pauli_shadow,0.72967688,0.70751953125,-0.02215734874999973,0.26573007888037214,0.25720206749134805
ZZ_d2_r4_c3,2,0,2,4,3,23,20,changed_q065,0.65,128,local_pauli_shadow,0.72967688,0.74322509765625,0.013548217656250028,0.25115194357153026,0.25720206749134805
ZZ_d2_r4_c4,2,0,2,4,4,24,21,changed_q065,0.65,128,local_pauli_shadow,0.72967688,0.699554443359375,-0.03012243664062462,0.2557649049605683,0.25720206749134805
ZZ_d3_r0_c0,3,2,0,0,0,0,10,changed_q065,0.65,128,local_pauli_shadow,0.72967688,0.73553466796875,0.005857787968750028,0.27568061932617205,0.25720206749134805
ZZ_d3_r0_c1,3,2,0,0,1,1,11,changed_q065,0.65,128,local_pauli_shadow,0.72967688,0.720428466796875,-0.009248413203124972,0.25804263651125925,0.25720206749134805
ZZ_d3_r0_c2,3,2,0,0,2,2,12,changed_q065,0.65,128,local_pauli_shadow,0.72967688,0.713287353515625,-0.016389526484374882,0.2715223544038897,0.25720206749134805
ZZ_d3_r0_c3,3,2,0,0,3,3,13,changed_q065,0.65,128,local_pauli_shadow,0.72967688,0.72125244140625,-0.008424438593749969,0.27276765095043937,0.25720206749134805
ZZ_d3_r0_c4,3,2,0,0,4,4,14,changed_q065,0.65,128,local_pauli_shadow,0.72967688,0.708343505859375,-0.021333374140624806,0.26024962757034664,0.25720206749134805
ZZ_d3_r1_c0,3,2,0,1,0,5,15,changed_q065,0.65,128,local_pauli_shadow,0.72967688,0.76739501953125,0.03771813953125038,0.2879600822992558,0.25720206749134805
ZZ_d3_r1_c1,3,2,0,1,1,6,16,changed_q065,0.65,128,local_pauli_shadow,0.72967688,0.726470947265625,-0.003205932734374972,0.22890866322984812,0.25720206749134805
ZZ_d3_r1_c2,3,2,0,1,2,7,17,changed_q065,0.65,128,local_pauli_shadow,0.72967688,0.72235107421875,-0.007325805781249972,0.2502815124975041,0.25720206749134805
ZZ_d3_r1_c3,3,2,0,1,3,8,18,changed_q065,0.65,128,local_pauli_shadow,0.72967688,0.709442138671875,-0.0202347413281248,0.25991470848695275,0.25720206749134805
ZZ_d3_r1_c4,3,2,0,1,4,9,19,changed_q065,0.65,128,local_pauli_shadow,0.72967688,0.712738037109375,-0.01693884289062495,0.24652780697109367,0.25720206749134805
ZZ_d3_r2_c0,3,2,0,2,0,10,20,changed_q065,0.65,128,local_pauli_shadow,0.72967688,0.721527099609375,-0.008149780390624972,0.25186852907682317,0.25720206749134805
ZZ_d3_r2_c1,3,2,0,2,1,11,21,changed_q065,0.65,128,local_pauli_shadow,0.72967688,0.74652099609375,0.016844116093750198,0.2514953050227335,0.25720206749134805
ZZ_d3_r2_c2,3,2,0,2,2,12,22,changed_q065,0.65,128,local_pauli_shadow,0.72967688,0.747344970703125,0.017668090703125035,0.27032298405087246,0.25720206749134805
ZZ_d3_r2_c3,3,2,0,2,3,13,23,changed_q065,0.65,128,local_pauli_shadow,0.72967688,0.749542236328125,0.01986535632812539,0.24702849108371275,0.25720206749134805
ZZ_d3_r2_c4,3,2,0,2,4,14,24,changed_q065,0.65,128,local_pauli_shadow,0.72967688,0.7119140625,-0.017762817499999722,0.2668873030042348,0.25720206749134805
ZZ_d3_r3_c0,3,2,0,3,0,15,0,changed_q065,0.65,128,local_pauli_shadow,0.72967688,0.7239990234375,-0.005677856562499972,0.2734199098449139,0.25720206749134805
ZZ_d3_r3_c1,3,2,0,3,1,16,1,changed_q065,0.65,128,local_pauli_shadow,0.72967688,0.71795654296875,-0.011720337031249963,0.2713857854956358,0.25720206749134805
ZZ_d3_r3_c2,3,2,0,3,2,17,2,changed_q065,0.65,128,local_pauli_shadow,0.72967688,0.709716796875,-0.01996008312499995,0.25131109782621297,0.25720206749134805
ZZ_d3_r3_c3,3,2,0,3,3,18,3,changed_q065,0.65,128,local_pauli_shadow,0.72967688,0.72509765625,-0.004579223749999972,0.23973711933939554,0.25720206749134805
ZZ_d3_r3_c4,3,2,0,3,4,19,4,changed_q065,0.65,128,local_pauli_shadow,0.72967688,0.727020263671875,-0.0026566163281249704,0.24897255667818752,0.25720206749134805
ZZ_d3_r4_c0,3,2,0,4,0,20,5,changed_q065,0.65,128,local_pauli_shadow,0.72967688,0.74267578125,0.012998901250000085,0.25923077241463954,0.25720206749134805
ZZ_d3_r4_c1,3,2,0,4,1,21,6,changed_q065,0.65,128,local_pauli_shadow,0.72967688,0.736358642578125,0.006681762578125028,0.2516083265870309,0.25720206749134805
ZZ_d3_r4_c2,3,2,0,4,2,22,7,changed_q065,0.65,128,local_pauli_shadow,0.72967688,0.7437744140625,0.014097534062500132,0.27199019498990346,0.25720206749134805
ZZ_d3_r4_c3,3,2,0,4,3,23,8,changed_q065,0.65,128,local_pauli_shadow,0.72967688,0.743499755859375,0.013822875859375073,0.24969616115368867,0.25720206749134805
ZZ_d3_r4_c4,3,2,0,4,4,24,9,changed_q065,0.65,128,local_pauli_shadow,0.72967688,0.71136474609375,-0.018312133906249882,0.26432469827497307,0.25720206749134805
ZZ_d0_r0_c0,0,0,1,0,0,0,1,changed_q065,0.65,256,native_all_z,0.7158927199999999,0.71392822265625,-0.001964497343749927,0.04135333222200641,0.04363814332144501
ZZ_d0_r0_c1,0,0,1,0,1,1,2,changed_q065,0.65,256,native_all_z,0.7158927199999999,0.713714599609375,-0.002178120390624927,0.04194262324098617,0.04363814332144501
ZZ_d0_r0_c2,0,0,1,0,2,2,3,changed_q065,0.65,256,native_all_z,0.7158927199999999,0.71826171875,0.002368998750000085,0.04073722914368428,0.04363814332144501
ZZ_d0_r0_c3,0,0,1,0,3,3,4,changed_q065,0.65,256,native_all_z,0.7158927199999999,0.718902587890625,0.0030098678906250818,0.04160689147851876,0.04363814332144501
ZZ_d0_r0_c4,0,0,1,0,4,4,0,changed_q065,0.65,256,native_all_z,0.7158927199999999,0.71685791015625,0.0009651901562500731,0.04279888007493095,0.04363814332144501
ZZ_d0_r1_c0,0,0,1,1,0,5,6,changed_q065,0.65,256,native_all_z,0.7158927199999999,0.716796875,0.0009041550000000948,0.04361701598204636,0.04363814332144501
ZZ_d0_r1_c1,0,0,1,1,1,6,7,changed_q065,0.65,256,native_all_z,0.7158927199999999,0.71881103515625,0.002918315156250074,0.042594543737151755,0.04363814332144501
ZZ_d0_r1_c2,0,0,1,1,2,7,8,changed_q065,0.65,256,native_all_z,0.7158927199999999,0.72088623046875,0.004993510468750085,0.04428429631452463,0.04363814332144501
ZZ_d0_r1_c3,0,0,1,1,3,8,9,changed_q065,0.65,256,native_all_z,0.7158927199999999,0.719879150390625,0.003986430390625073,0.042545821955493064,0.04363814332144501
ZZ_d0_r1_c4,0,0,1,1,4,9,5,changed_q065,0.65,256,native_all_z,0.7158927199999999,0.714752197265625,-0.001140522734374927,0.04410080120633174,0.04363814332144501
ZZ_d0_r2_c0,0,0,1,2,0,10,11,changed_q065,0.65,256,native_all_z,0.7158927199999999,0.713134765625,-0.002757954374999927,0.04367771494857828,0.04363814332144501
ZZ_d0_r2_c1,0,0,1,2,1,11,12,changed_q065,0.65,256,native_all_z,0.7158927199999999,0.714080810546875,-0.001811909453124927,0.041842394305654215,0.04363814332144501
ZZ_d0_r2_c2,0,0,1,2,2,12,13,changed_q065,0.65,256,native_all_z,0.7158927199999999,0.71856689453125,0.002674174531250073,0.044580515921515275,0.04363814332144501
ZZ_d0_r2_c3,0,0,1,2,3,13,14,changed_q065,0.65,256,native_all_z,0.7158927199999999,0.717742919921875,0.001850199921875073,0.04763959800569173,0.04363814332144501
ZZ_d0_r2_c4,0,0,1,2,4,14,10,changed_q065,0.65,256,native_all_z,0.7158927199999999,0.72100830078125,0.005115580781250087,0.04592017337646039,0.04363814332144501
ZZ_d0_r3_c0,0,0,1,3,0,15,16,changed_q065,0.65,256,native_all_z,0.7158927199999999,0.71875,0.002857280000000073,0.042880553859998075,0.04363814332144501
ZZ_d0_r3_c1,0,0,1,3,1,16,17,changed_q065,0.65,256,native_all_z,0.7158927199999999,0.713897705078125,-0.001995014921874927,0.045003905069268706,0.04363814332144501
ZZ_d0_r3_c2,0,0,1,3,2,17,18,changed_q065,0.65,256,native_all_z,0.7158927199999999,0.712615966796875,-0.003276753203124927,0.04499669567186122,0.04363814332144501
ZZ_d0_r3_c3,0,0,1,3,3,18,19,changed_q065,0.65,256,native_all_z,0.7158927199999999,0.7138671875,-0.002025532499999927,0.04283873795303214,0.04363814332144501
ZZ_d0_r3_c4,0,0,1,3,4,19,15,changed_q065,0.65,256,native_all_z,0.7158927199999999,0.7169189453125,0.001026225312500073,0.045408462151725934,0.04363814332144501
ZZ_d0_r4_c0,0,0,1,4,0,20,21,changed_q065,0.65,256,native_all_z,0.7158927199999999,0.714111328125,-0.001781391874999927,0.04183023144647406,0.04363814332144501
ZZ_d0_r4_c1,0,0,1,4,1,21,22,changed_q065,0.65,256,native_all_z,0.7158927199999999,0.713897705078125,-0.0019950149218749148,0.04165282273913796,0.04363814332144501
ZZ_d0_r4_c2,0,0,1,4,2,22,23,changed_q065,0.65,256,native_all_z,0.7158927199999999,0.714813232421875,-0.001079487578124927,0.04386625834444914,0.04363814332144501
ZZ_d0_r4_c3,0,0,1,4,3,23,24,changed_q065,0.65,256,native_all_z,0.7158927199999999,0.714202880859375,-0.001689839140624927,0.042208106808072327,0.04363814332144501
ZZ_d0_r4_c4,0,0,1,4,4,24,20,changed_q065,0.65,256,native_all_z,0.7158927199999999,0.716522216796875,0.0006294967968750731,0.045517256657367416,0.04363814332144501
ZZ_d1_r0_c0,1,1,0,0,0,0,5,changed_q065,0.65,256,native_all_z,0.7158927199999999,0.712127685546875,-0.003765034453124927,0.04793249614121407,0.04363814332144501
ZZ_d1_r0_c1,1,1,0,0,1,1,6,changed_q065,0.65,256,native_all_z,0.7158927199999999,0.716522216796875,0.0006294967968750731,0.04279039481846456,0.04363814332144501
ZZ_d1_r0_c2,1,1,0,0,2,2,7,changed_q065,0.65,256,native_all_z,0.7158927199999999,0.717041015625,0.001148295625000073,0.04412744521071405,0.04363814332144501
ZZ_d1_r0_c3,1,1,0,0,3,3,8,changed_q065,0.65,256,native_all_z,0.7158927199999999,0.718994140625,0.003101420625000073,0.0426906790849792,0.04363814332144501
ZZ_d1_r0_c4,1,1,0,0,4,4,9,changed_q065,0.65,256,native_all_z,0.7158927199999999,0.71502685546875,-0.0008658645312499269,0.04417529861792417,0.04363814332144501
ZZ_d1_r1_c0,1,1,0,1,0,5,10,changed_q065,0.65,256,native_all_z,0.7158927199999999,0.7132568359375,-0.002635884062499927,0.04651908294507892,0.04363814332144501
ZZ_d1_r1_c1,1,1,0,1,1,6,11,changed_q065,0.65,256,native_all_z,0.7158927199999999,0.71392822265625,-0.001964497343749927,0.0434725855511978,0.04363814332144501
ZZ_d1_r1_c2,1,1,0,1,2,7,12,changed_q065,0.65,256,native_all_z,0.7158927199999999,0.718658447265625,0.002765727265625073,0.04107675443818753,0.04363814332144501
ZZ_d1_r1_c3,1,1,0,1,3,8,13,changed_q065,0.65,256,native_all_z,0.7158927199999999,0.719573974609375,0.003681254609375073,0.041452150700001404,0.04363814332144501
ZZ_d1_r1_c4,1,1,0,1,4,9,14,changed_q065,0.65,256,native_all_z,0.7158927199999999,0.720489501953125,0.004596781953125099,0.04262596294045377,0.04363814332144501
ZZ_d1_r2_c0,1,1,0,2,0,10,15,changed_q065,0.65,256,native_all_z,0.7158927199999999,0.716094970703125,0.0002022507031250731,0.044878346892723166,0.04363814332144501
ZZ_d1_r2_c1,1,1,0,2,1,11,16,changed_q065,0.65,256,native_all_z,0.7158927199999999,0.711456298828125,-0.004436421171874897,0.044114319878129395,0.04363814332144501
ZZ_d1_r2_c2,1,1,0,2,2,12,17,changed_q065,0.65,256,native_all_z,0.7158927199999999,0.715667724609375,-0.0002249953906249269,0.04277233570840505,0.04363814332144501
ZZ_d1_r2_c3,1,1,0,2,3,13,18,changed_q065,0.65,256,native_all_z,0.7158927199999999,0.71484375,-0.001048969999999927,0.046774731913506784,0.04363814332144501
ZZ_d1_r2_c4,1,1,0,2,4,14,19,changed_q065,0.65,256,native_all_z,0.7158927199999999,0.716156005859375,0.0002632858593750731,0.044013261515788486,0.04363814332144501
ZZ_d1_r3_c0,1,1,0,3,0,15,20,changed_q065,0.65,256,native_all_z,0.7158927199999999,0.7171630859375,0.001270365937500073,0.042985965101727266,0.04363814332144501
ZZ_d1_r3_c1,1,1,0,3,1,16,21,changed_q065,0.65,256,native_all_z,0.7158927199999999,0.71368408203125,-0.002208637968749927,0.043925829916595535,0.04363814332144501
ZZ_d1_r3_c2,1,1,0,3,2,17,22,changed_q065,0.65,256,native_all_z,0.7158927199999999,0.7147216796875,-0.001171040312499927,0.04599622151573933,0.04363814332144501
ZZ_d1_r3_c3,1,1,0,3,3,18,23,changed_q065,0.65,256,native_all_z,0.7158927199999999,0.71826171875,0.002368998750000073,0.04246233416716726,0.04363814332144501
ZZ_d1_r3_c4,1,1,0,3,4,19,24,changed_q065,0.65,256,native_all_z,0.7158927199999999,0.715057373046875,-0.0008353469531249269,0.046092134604102,0.04363814332144501
ZZ_d1_r4_c0,1,1,0,4,0,20,0,changed_q065,0.65,256,native_all_z,0.7158927199999999,0.71343994140625,-0.002452778593749927,0.042508431392231906,0.04363814332144501
ZZ_d1_r4_c1,1,1,0,4,1,21,1,changed_q065,0.65,256,native_all_z,0.7158927199999999,0.71319580078125,-0.002696919218749927,0.04111756106642432,0.04363814332144501
ZZ_d1_r4_c2,1,1,0,4,2,22,2,changed_q065,0.65,256,native_all_z,0.7158927199999999,0.71417236328125,-0.001720356718749927,0.04150253602796227,0.04363814332144501
ZZ_d1_r4_c3,1,1,0,4,3,23,3,changed_q065,0.65,256,native_all_z,0.7158927199999999,0.722686767578125,0.006794047578125094,0.0408163444907462,0.04363814332144501
ZZ_d1_r4_c4,1,1,0,4,4,24,4,changed_q065,0.65,256,native_all_z,0.7158927199999999,0.717498779296875,0.001606059296875073,0.04512641447098571,0.04363814332144501
ZZ_d2_r0_c0,2,0,2,0,0,0,2,changed_q065,0.65,256,native_all_z,0.72967688,0.728485107421875,-0.0011917725781249722,0.044079259175591495,0.04273700692505238
ZZ_d2_r0_c1,2,0,2,0,1,1,3,changed_q065,0.65,256,native_all_z,0.72967688,0.731719970703125,0.002043090703125028,0.040154836725692415,0.04273700692505238
ZZ_d2_r0_c2,2,0,2,0,2,2,4,changed_q065,0.65,256,native_all_z,0.72967688,0.726654052734375,-0.003022827265624972,0.04392167938819638,0.04273700692505238
ZZ_d2_r0_c3,2,0,2,0,3,3,0,changed_q065,0.65,256,native_all_z,0.72967688,0.731658935546875,0.001982055546875028,0.040117991296916115,0.04273700692505238
ZZ_d2_r0_c4,2,0,2,0,4,4,1,changed_q065,0.65,256,native_all_z,0.72967688,0.73101806640625,0.0013411864062500278,0.041097733944136045,0.04273700692505238
ZZ_d2_r1_c0,2,0,2,1,0,5,7,changed_q065,0.65,256,native_all_z,0.72967688,0.72998046875,0.00030358875000002783,0.04173415731108081,0.04273700692505238
ZZ_d2_r1_c1,2,0,2,1,1,6,8,changed_q065,0.65,256,native_all_z,0.72967688,0.73382568359375,0.004148803593750028,0.04069738287221525,0.04273700692505238
ZZ_d2_r1_c2,2,0,2,1,2,7,9,changed_q065,0.65,256,native_all_z,0.72967688,0.733001708984375,0.003324828984375028,0.03966050957676781,0.04273700692505238
ZZ_d2_r1_c3,2,0,2,1,3,8,5,changed_q065,0.65,256,native_all_z,0.72967688,0.732421875,0.002744995000000028,0.04568915277866351,0.04273700692505238
ZZ_d2_r1_c4,2,0,2,1,4,9,6,changed_q065,0.65,256,native_all_z,0.72967688,0.730438232421875,0.0007613524218750278,0.04149651632728944,0.04273700692505238
ZZ_d2_r2_c0,2,0,2,2,0,10,12,changed_q065,0.65,256,native_all_z,0.72967688,0.730377197265625,0.0007003172656250278,0.044188837821931407,0.04273700692505238
ZZ_d2_r2_c1,2,0,2,2,1,11,13,changed_q065,0.65,256,native_all_z,0.72967688,0.723663330078125,-0.006013549921874972,0.044734194702158316,0.04273700692505238
ZZ_d2_r2_c2,2,0,2,2,2,12,14,changed_q065,0.65,256,native_all_z,0.72967688,0.730987548828125,0.0013106688281250278,0.04034774153758563,0.04273700692505238
ZZ_d2_r2_c3,2,0,2,2,3,13,10,changed_q065,0.65,256,native_all_z,0.72967688,0.729217529296875,-0.00045935070312497217,0.04565447601058412,0.04273700692505238
ZZ_d2_r2_c4,2,0,2,2,4,14,11,changed_q065,0.65,256,native_all_z,0.72967688,0.7305908203125,0.0009139403125000278,0.04171717079163708,0.04273700692505238
ZZ_d2_r3_c0,2,0,2,3,0,15,17,changed_q065,0.65,256,native_all_z,0.72967688,0.726593017578125,-0.003083862421874972,0.043942287208268635,0.04273700692505238
ZZ_d2_r3_c1,2,0,2,3,1,16,18,changed_q065,0.65,256,native_all_z,0.72967688,0.72784423828125,-0.0018326417187499722,0.04518434557942217,0.04273700692505238
ZZ_d2_r3_c2,2,0,2,3,2,17,19,changed_q065,0.65,256,native_all_z,0.72967688,0.730133056640625,0.00045617664062502783,0.04327946123183371,0.04273700692505238
ZZ_d2_r3_c3,2,0,2,3,3,18,15,changed_q065,0.65,256,native_all_z,0.72967688,0.73016357421875,0.00048669421875002783,0.041266563110446464,0.04273700692505238
ZZ_d2_r3_c4,2,0,2,3,4,19,16,changed_q065,0.65,256,native_all_z,0.72967688,0.73193359375,0.002256713750000028,0.04177119975118669,0.04273700692505238
ZZ_d2_r4_c0,2,0,2,4,0,20,22,changed_q065,0.65,256,native_all_z,0.72967688,0.727813720703125,-0.0018631592968749722,0.04630954091440925,0.04273700692505238
ZZ_d2_r4_c1,2,0,2,4,1,21,23,changed_q065,0.65,256,native_all_z,0.72967688,0.7303466796875,0.0006697996875000278,0.04218992776569121,0.04273700692505238
ZZ_d2_r4_c2,2,0,2,4,2,22,24,changed_q065,0.65,256,native_all_z,0.72967688,0.730224609375,0.0005477293750000278,0.04510991639181119,0.04273700692505238
ZZ_d2_r4_c3,2,0,2,4,3,23,20,changed_q065,0.65,256,native_all_z,0.72967688,0.72955322265625,-0.00012365734374997217,0.041771736102335394,0.04273700692505238
ZZ_d2_r4_c4,2,0,2,4,4,24,21,changed_q065,0.65,256,native_all_z,0.72967688,0.731536865234375,0.0018599852343750278,0.04375426469857217,0.04273700692505238
ZZ_d3_r0_c0,3,2,0,0,0,0,10,changed_q065,0.65,256,native_all_z,0.72967688,0.729949951171875,0.00027307117187502783,0.04403523745880058,0.04273700692505238
ZZ_d3_r0_c1,3,2,0,0,1,1,11,changed_q065,0.65,256,native_all_z,0.72967688,0.726959228515625,-0.002717651484374972,0.038463787671361264,0.04273700692505238
ZZ_d3_r0_c2,3,2,0,0,2,2,12,changed_q065,0.65,256,native_all_z,0.72967688,0.731353759765625,0.0016768797656250278,0.04120268945145963,0.04273700692505238
ZZ_d3_r0_c3,3,2,0,0,3,3,13,changed_q065,0.65,256,native_all_z,0.72967688,0.729888916015625,0.00021203601562502783,0.04232803789865328,0.04273700692505238
ZZ_d3_r0_c4,3,2,0,0,4,4,14,changed_q065,0.65,256,native_all_z,0.72967688,0.731658935546875,0.001982055546875028,0.04325228304257187,0.04273700692505238
ZZ_d3_r1_c0,3,2,0,1,0,5,15,changed_q065,0.65,256,native_all_z,0.72967688,0.729400634765625,-0.00027624523437497217,0.04178025791894609,0.04273700692505238
ZZ_d3_r1_c1,3,2,0,1,1,6,16,changed_q065,0.65,256,native_all_z,0.72967688,0.731109619140625,0.0014327391406250278,0.044599319541673475,0.04273700692505238
ZZ_d3_r1_c2,3,2,0,1,2,7,17,changed_q065,0.65,256,native_all_z,0.72967688,0.73046875,0.0007918700000000278,0.04320842157848319,0.04273700692505238
ZZ_d3_r1_c3,3,2,0,1,3,8,18,changed_q065,0.65,256,native_all_z,0.72967688,0.732696533203125,0.003019653203125028,0.041095266970767534,0.04273700692505238
ZZ_d3_r1_c4,3,2,0,1,4,9,19,changed_q065,0.65,256,native_all_z,0.72967688,0.7279052734375,-0.0017716065624999722,0.04305079641271197,0.04273700692505238
ZZ_d3_r2_c0,3,2,0,2,0,10,20,changed_q065,0.65,256,native_all_z,0.72967688,0.728240966796875,-0.0014359132031249722,0.04508037067214198,0.04273700692505238
ZZ_d3_r2_c1,3,2,0,2,1,11,21,changed_q065,0.65,256,native_all_z,0.72967688,0.725006103515625,-0.004670776484374972,0.04161102737831324,0.04273700692505238
ZZ_d3_r2_c2,3,2,0,2,2,12,22,changed_q065,0.65,256,native_all_z,0.72967688,0.729827880859375,0.00015100085937502783,0.04211796711236136,0.04273700692505238
ZZ_d3_r2_c3,3,2,0,2,3,13,23,changed_q065,0.65,256,native_all_z,0.72967688,0.7298583984375,0.00018151843750002783,0.04135305679617789,0.04273700692505238
ZZ_d3_r2_c4,3,2,0,2,4,14,24,changed_q065,0.65,256,native_all_z,0.72967688,0.7305908203125,0.0009139403125000278,0.0442896690015275,0.04273700692505238
ZZ_d3_r3_c0,3,2,0,3,0,15,0,changed_q065,0.65,256,native_all_z,0.72967688,0.72900390625,-0.0006729737499999722,0.04357728811036698,0.04273700692505238
ZZ_d3_r3_c1,3,2,0,3,1,16,1,changed_q065,0.65,256,native_all_z,0.72967688,0.727783203125,-0.0018936768749999722,0.0421191497524622,0.04273700692505238
ZZ_d3_r3_c2,3,2,0,3,2,17,2,changed_q065,0.65,256,native_all_z,0.72967688,0.72784423828125,-0.0018326417187499722,0.04271050621685516,0.04273700692505238
ZZ_d3_r3_c3,3,2,0,3,3,18,3,changed_q065,0.65,256,native_all_z,0.72967688,0.730499267578125,0.0008223875781250278,0.04263685963949724,0.04273700692505238
ZZ_d3_r3_c4,3,2,0,3,4,19,4,changed_q065,0.65,256,native_all_z,0.72967688,0.7275390625,-0.002137817499999972,0.043462980947952194,0.04273700692505238
ZZ_d3_r4_c0,3,2,0,4,0,20,5,changed_q065,0.65,256,native_all_z,0.72967688,0.728668212890625,-0.0010086671093749722,0.042669941777155544,0.04273700692505238
ZZ_d3_r4_c1,3,2,0,4,1,21,6,changed_q065,0.65,256,native_all_z,0.72967688,0.729583740234375,-9.313976562497217e-05,0.04280405902322232,0.04273700692505238
ZZ_d3_r4_c2,3,2,0,4,2,22,7,changed_q065,0.65,256,native_all_z,0.72967688,0.7294921875,-0.00018469249999997217,0.041166896550182915,0.04273700692505238
ZZ_d3_r4_c3,3,2,0,4,3,23,8,changed_q065,0.65,256,native_all_z,0.72967688,0.735137939453125,0.005461059453125028,0.043830269436912296,0.04273700692505238
ZZ_d3_r4_c4,3,2,0,4,4,24,9,changed_q065,0.65,256,native_all_z,0.72967688,0.729400634765625,-0.00027624523437497217,0.042700285813572325,0.04273700692505238
ZZ_d0_r0_c0,0,0,1,0,0,0,1,changed_q065,0.65,256,local_pauli_shadow,0.7158927199999999,0.714111328125,-0.0017813918749999165,0.17678988509847415,0.1820831885500223
ZZ_d0_r0_c1,0,0,1,0,1,1,2,changed_q065,0.65,256,local_pauli_shadow,0.7158927199999999,0.7172698974609375,0.0013771774609375844,0.1948015879339225,0.1820831885500223
ZZ_d0_r0_c2,0,0,1,0,2,2,3,changed_q065,0.65,256,local_pauli_shadow,0.7158927199999999,0.7062835693359375,-0.009609150664062375,0.18148481324797933,0.1820831885500223
ZZ_d0_r0_c3,0,0,1,0,3,3,4,changed_q065,0.65,256,local_pauli_shadow,0.7158927199999999,0.7057342529296875,-0.010158467070312394,0.1659330441753832,0.1820831885500223
ZZ_d0_r0_c4,0,0,1,0,4,4,0,changed_q065,0.65,256,local_pauli_shadow,0.7158927199999999,0.703948974609375,-0.011943745390624864,0.1818747589388755,0.1820831885500223
ZZ_d0_r1_c0,0,0,1,1,0,5,6,changed_q065,0.65,256,local_pauli_shadow,0.7158927199999999,0.7235870361328125,0.007694316132812667,0.1711688217501199,0.1820831885500223
ZZ_d0_r1_c1,0,0,1,1,1,6,7,changed_q065,0.65,256,local_pauli_shadow,0.7158927199999999,0.696533203125,-0.01935951687499987,0.1692412234108058,0.1820831885500223
ZZ_d0_r1_c2,0,0,1,1,2,7,8,changed_q065,0.65,256,local_pauli_shadow,0.7158927199999999,0.702301025390625,-0.013591694609374889,0.16265885114090584,0.1820831885500223
ZZ_d0_r1_c3,0,0,1,1,3,8,9,changed_q065,0.65,256,local_pauli_shadow,0.7158927199999999,0.736907958984375,0.02101523898437499,0.18841581064344526,0.1820831885500223
ZZ_d0_r1_c4,0,0,1,1,4,9,5,changed_q065,0.65,256,local_pauli_shadow,0.7158927199999999,0.7395172119140625,0.02362449191406245,0.1942845590659128,0.1820831885500223
ZZ_d0_r2_c0,0,0,1,2,0,10,11,changed_q065,0.65,256,local_pauli_shadow,0.7158927199999999,0.714111328125,-0.0017813918749998848,0.1804389565874551,0.1820831885500223
ZZ_d0_r2_c1,0,0,1,2,1,11,12,changed_q065,0.65,256,local_pauli_shadow,0.7158927199999999,0.7183685302734375,0.002475810273437604,0.17575571456735525,0.1820831885500223
ZZ_d0_r2_c2,0,0,1,2,2,12,13,changed_q065,0.65,256,local_pauli_shadow,0.7158927199999999,0.7043609619140625,-0.011531758085937338,0.1893506005927678,0.1820831885500223
ZZ_d0_r2_c3,0,0,1,2,3,13,14,changed_q065,0.65,256,local_pauli_shadow,0.7158927199999999,0.7271575927734375,0.011264872773437625,0.18883264030213287,0.1820831885500223
ZZ_d0_r2_c4,0,0,1,2,4,14,10,changed_q065,0.65,256,local_pauli_shadow,0.7158927199999999,0.731689453125,0.015796733125000156,0.186116123538414,0.1820831885500223
ZZ_d0_r3_c0,0,0,1,3,0,15,16,changed_q065,0.65,256,local_pauli_shadow,0.7158927199999999,0.7150726318359375,-0.0008200881640624239,0.17893316150135155,0.1820831885500223
ZZ_d0_r3_c1,0,0,1,3,1,16,17,changed_q065,0.65,256,local_pauli_shadow,0.7158927199999999,0.7180938720703125,0.00220115207031262,0.17990216645192814,0.1820831885500223
ZZ_d0_r3_c2,0,0,1,3,2,17,18,changed_q065,0.65,256,local_pauli_shadow,0.7158927199999999,0.7068328857421875,-0.00905983425781237,0.17716493435044245,0.1820831885500223
ZZ_d0_r3_c3,0,0,1,3,3,18,19,changed_q065,0.65,256,local_pauli_shadow,0.7158927199999999,0.712188720703125,-0.0037039992968749117,0.16877268731385855,0.1820831885500223
ZZ_d0_r3_c4,0,0,1,3,4,19,15,changed_q065,0.65,256,local_pauli_shadow,0.7158927199999999,0.72784423828125,0.011951518281250113,0.183033982582015,0.1820831885500223
ZZ_d0_r4_c0,0,0,1,4,0,20,21,changed_q065,0.65,256,local_pauli_shadow,0.7158927199999999,0.71356201171875,-0.0023307082812498926,0.1835810189741169,0.1820831885500223
ZZ_d0_r4_c1,0,0,1,4,1,21,22,changed_q065,0.65,256,local_pauli_shadow,0.7158927199999999,0.731964111328125,0.01607139132812509,0.17973623280123283,0.1820831885500223
ZZ_d0_r4_c2,0,0,1,4,2,22,23,changed_q065,0.65,256,local_pauli_shadow,0.7158927199999999,0.7244110107421875,0.008518290742187518,0.18626517203063525,0.1820831885500223
ZZ_d0_r4_c3,0,0,1,4,3,23,24,changed_q065,0.65,256,local_pauli_shadow,0.7158927199999999,0.69818115234375,-0.017711567656249913,0.1729279161223706,0.1820831885500223
ZZ_d0_r4_c4,0,0,1,4,4,24,20,changed_q065,0.65,256,local_pauli_shadow,0.7158927199999999,0.7029876708984375,-0.012905049101562423,0.18248540291652257,0.1820831885500223
ZZ_d1_r0_c0,1,1,0,0,0,0,5,changed_q065,0.65,256,local_pauli_shadow,0.7158927199999999,0.7238616943359375,0.00796897433593763,0.19085989857609723,0.1820831885500223
ZZ_d1_r0_c1,1,1,0,0,1,1,6,changed_q065,0.65,256,local_pauli_shadow,0.7158927199999999,0.7068328857421875,-0.009059834257812401,0.1739473125010095,0.1820831885500223
ZZ_d1_r0_c2,1,1,0,0,2,2,7,changed_q065,0.65,256,local_pauli_shadow,0.7158927199999999,0.71246337890625,-0.003429341093749903,0.18670776908557782,0.1820831885500223
ZZ_d1_r0_c3,1,1,0,0,3,3,8,changed_q065,0.65,256,local_pauli_shadow,0.7158927199999999,0.7068328857421875,-0.009059834257812363,0.17235799440834731,0.1820831885500223
ZZ_d1_r0_c4,1,1,0,0,4,4,9,changed_q065,0.65,256,local_pauli_shadow,0.7158927199999999,0.7136993408203125,-0.002193379179687348,0.1915637152630654,0.1820831885500223
ZZ_d1_r1_c0,1,1,0,1,0,5,10,changed_q065,0.65,256,local_pauli_shadow,0.7158927199999999,0.729217529296875,0.013324809296875175,0.1802261469355453,0.1820831885500223
ZZ_d1_r1_c1,1,1,0,1,1,6,11,changed_q065,0.65,256,local_pauli_shadow,0.7158927199999999,0.702301025390625,-0.013591694609374885,0.17902150240996598,0.1820831885500223
ZZ_d1_r1_c2,1,1,0,1,2,7,12,changed_q065,0.65,256,local_pauli_shadow,0.7158927199999999,0.7219390869140625,0.0060463669140626165,0.1707553324236292,0.1820831885500223
ZZ_d1_r1_c3,1,1,0,1,3,8,13,changed_q065,0.65,256,local_pauli_shadow,0.7158927199999999,0.7208404541015625,0.004947734101562587,0.17063952049919287,0.1820831885500223
ZZ_d1_r1_c4,1,1,0,1,4,9,14,changed_q065,0.65,256,local_pauli_shadow,0.7158927199999999,0.744049072265625,0.028156352265624955,0.1881623495888127,0.1820831885500223
ZZ_d1_r2_c0,1,1,0,2,0,10,15,changed_q065,0.65,256,local_pauli_shadow,0.7158927199999999,0.7345733642578125,0.018680644257812455,0.17856663376843737,0.1820831885500223
ZZ_d1_r2_c1,1,1,0,2,1,11,16,changed_q065,0.65,256,local_pauli_shadow,0.7158927199999999,0.7239990234375,0.00810630343750013,0.18508439372245514,0.1820831885500223
ZZ_d1_r2_c2,1,1,0,2,2,12,17,changed_q065,0.65,256,local_pauli_shadow,0.7158927199999999,0.7126007080078125,-0.0032920119921873597,0.18125306657752166,0.1820831885500223
ZZ_d1_r2_c3,1,1,0,2,3,13,18,changed_q065,0.65,256,local_pauli_shadow,0.7158927199999999,0.71466064453125,-0.0012320754687498835,0.1694425474730365,0.1820831885500223
ZZ_d1_r2_c4,1,1,0,2,4,14,19,changed_q065,0.65,256,local_pauli_shadow,0.7158927199999999,0.712188720703125,-0.00370399929687491,0.17331713224079498,0.1820831885500223
ZZ_d1_r3_c0,1,1,0,3,0,15,20,changed_q065,0.65,256,local_pauli_shadow,0.7158927199999999,0.719329833984375,0.003437113984375106,0.17164085413399835,0.1820831885500223
ZZ_d1_r3_c1,1,1,0,3,1,16,21,changed_q065,0.65,256,local_pauli_shadow,0.7158927199999999,0.7126007080078125,-0.0032920119921873887,0.1825271482862999,0.1820831885500223
ZZ_d1_r3_c2,1,1,0,3,2,17,22,changed_q065,0.65,256,local_pauli_shadow,0.7158927199999999,0.713836669921875,-0.0020560500781249226,0.1749430542329487,0.1820831885500223
ZZ_d1_r3_c3,1,1,0,3,3,18,23,changed_q065,0.65,256,local_pauli_shadow,0.7158927199999999,0.704498291015625,-0.01139442898437488,0.17413245075549555,0.1820831885500223
ZZ_d1_r3_c4,1,1,0,3,4,19,24,changed_q065,0.65,256,local_pauli_shadow,0.7158927199999999,0.717132568359375,0.0012398483593750896,0.1858174649375161,0.1820831885500223
ZZ_d1_r4_c0,1,1,0,4,0,20,0,changed_q065,0.65,256,local_pauli_shadow,0.7158927199999999,0.72784423828125,0.011951518281250132,0.18895236420658304,0.1820831885500223
ZZ_d1_r4_c1,1,1,0,4,1,21,1,changed_q065,0.65,256,local_pauli_shadow,0.7158927199999999,0.729217529296875,0.013324809296875077,0.1871131304373893,0.1820831885500223
ZZ_d1_r4_c2,1,1,0,4,2,22,2,changed_q065,0.65,256,local_pauli_shadow,0.7158927199999999,0.7117767333984375,-0.004115986601562378,0.18411204647724086,0.1820831885500223
ZZ_d1_r4_c3,1,1,0,4,3,23,3,changed_q065,0.65,256,local_pauli_shadow,0.7158927199999999,0.71685791015625,0.0009651901562500952,0.17590659305758646,0.1820831885500223
ZZ_d1_r4_c4,1,1,0,4,4,24,4,changed_q065,0.65,256,local_pauli_shadow,0.7158927199999999,0.7218017578125,0.00590903781250013,0.17142871752654873,0.1820831885500223
ZZ_d2_r0_c0,2,0,2,0,0,0,2,changed_q065,0.65,256,local_pauli_shadow,0.72967688,0.7147979736328125,-0.014878906367187472,0.17173330119324684,0.18186932605833225
ZZ_d2_r0_c1,2,0,2,0,1,1,3,changed_q065,0.65,256,local_pauli_shadow,0.72967688,0.731964111328125,0.002287231328125028,0.1691297731434819,0.18186932605833225
ZZ_d2_r0_c2,2,0,2,0,2,2,4,changed_q065,0.65,256,local_pauli_shadow,0.72967688,0.71246337890625,-0.017213501093749972,0.17863255919490217,0.18186932605833225
ZZ_d2_r0_c3,2,0,2,0,3,3,0,changed_q065,0.65,256,local_pauli_shadow,0.72967688,0.73114013671875,0.0014632567187500278,0.1793685004649279,0.18186932605833225
ZZ_d2_r0_c4,2,0,2,0,4,4,1,changed_q065,0.65,256,local_pauli_shadow,0.72967688,0.7239990234375,-0.005677856562499972,0.18789418664274027,0.18186932605833225
ZZ_d2_r1_c0,2,0,2,1,0,5,7,changed_q065,0.65,256,local_pauli_shadow,0.72967688,0.7304534912109375,0.0007766112109375278,0.19746601990203813,0.18186932605833225
ZZ_d2_r1_c1,2,0,2,1,1,6,8,changed_q065,0.65,256,local_pauli_shadow,0.72967688,0.72344970703125,-0.0062271729687499704,0.1896594026213226,0.18186932605833225
ZZ_d2_r1_c2,2,0,2,1,2,7,9,changed_q065,0.65,256,local_pauli_shadow,0.72967688,0.7349853515625,0.005308471562500028,0.1748115972542965,0.18186932605833225
ZZ_d2_r1_c3,2,0,2,1,3,8,5,changed_q065,0.65,256,local_pauli_shadow,0.72967688,0.74652099609375,0.016844116093750104,0.18334603995815832,0.18186932605833225
ZZ_d2_r1_c4,2,0,2,1,4,9,6,changed_q065,0.65,256,local_pauli_shadow,0.72967688,0.7277069091796875,-0.001969970820312472,0.18983972743172092,0.18186932605833225
ZZ_d2_r2_c0,2,0,2,2,0,10,12,changed_q065,0.65,256,local_pauli_shadow,0.72967688,0.7459716796875,0.016294799687500076,0.19675953896339343,0.18186932605833225
ZZ_d2_r2_c1,2,0,2,2,1,11,13,changed_q065,0.65,256,local_pauli_shadow,0.72967688,0.738006591796875,0.008329711796875028,0.16814977186572347,0.18186932605833225
ZZ_d2_r2_c2,2,0,2,2,2,12,14,changed_q065,0.65,256,local_pauli_shadow,0.72967688,0.7136993408203125,-0.015977539179687396,0.17413541991284437,0.18186932605833225
ZZ_d2_r2_c3,2,0,2,2,3,13,10,changed_q065,0.65,256,local_pauli_shadow,0.72967688,0.723724365234375,-0.005952514765624972,0.19058601683390491,0.18186932605833225
ZZ_d2_r2_c4,2,0,2,2,4,14,11,changed_q065,0.65,256,local_pauli_shadow,0.72967688,0.7494049072265625,0.01972802722656273,0.16768438854170487,0.18186932605833225
ZZ_d2_r3_c0,2,0,2,3,0,15,17,changed_q065,0.65,256,local_pauli_shadow,0.72967688,0.7279815673828125,-0.0016953126171874722,0.18280434777535706,0.18186932605833225
ZZ_d2_r3_c1,2,0,2,3,1,16,18,changed_q065,0.65,256,local_pauli_shadow,0.72967688,0.73004150390625,0.00036462390625002783,0.19160313784152,0.18186932605833225
ZZ_d2_r3_c2,2,0,2,3,2,17,19,changed_q065,0.65,256,local_pauli_shadow,0.72967688,0.7261962890625,-0.003480590937499972,0.18004522752226354,0.18186932605833225
ZZ_d2_r3_c3,2,0,2,3,3,18,15,changed_q065,0.65,256,local_pauli_shadow,0.72967688,0.7433624267578125,0.013685546757812616,0.17597952192249333,0.18186932605833225
ZZ_d2_r3_c4,2,0,2,3,4,19,16,changed_q065,0.65,256,local_pauli_shadow,0.72967688,0.7318267822265625,0.002149902226562528,0.1882394838063838,0.18186932605833225
ZZ_d2_r4_c0,2,0,2,4,0,20,22,changed_q065,0.65,256,local_pauli_shadow,0.72967688,0.71685791015625,-0.012818969843749972,0.17341665711346163,0.18186932605833225
ZZ_d2_r4_c1,2,0,2,4,1,21,23,changed_q065,0.65,256,local_pauli_shadow,0.72967688,0.738006591796875,0.008329711796875047,0.18970886059678882,0.18186932605833225
ZZ_d2_r4_c2,2,0,2,4,2,22,24,changed_q065,0.65,256,local_pauli_shadow,0.72967688,0.720428466796875,-0.009248413203124972,0.17648982053625964,0.18186932605833225
ZZ_d2_r4_c3,2,0,2,4,3,23,20,changed_q065,0.65,256,local_pauli_shadow,0.72967688,0.722076416015625,-0.007600463984374972,0.1699947384583036,0.18186932605833225
ZZ_d2_r4_c4,2,0,2,4,4,24,21,changed_q065,0.65,256,local_pauli_shadow,0.72967688,0.70147705078125,-0.02819982921874964,0.16513369207750037,0.18186932605833225
ZZ_d3_r0_c0,3,2,0,0,0,0,10,changed_q065,0.65,256,local_pauli_shadow,0.72967688,0.7414398193359375,0.011762939335937528,0.1951685611284555,0.18186932605833225
ZZ_d3_r0_c1,3,2,0,0,1,1,11,changed_q065,0.65,256,local_pauli_shadow,0.72967688,0.745697021484375,0.016020141484375028,0.19081790525923062,0.18186932605833225
ZZ_d3_r0_c2,3,2,0,0,2,2,12,changed_q065,0.65,256,local_pauli_shadow,0.72967688,0.7283935546875,-0.0012833253124999722,0.18543270104573753,0.18186932605833225
ZZ_d3_r0_c3,3,2,0,0,3,3,13,changed_q065,0.65,256,local_pauli_shadow,0.72967688,0.723175048828125,-0.006501831171874972,0.17450619940293624,0.18186932605833225
ZZ_d3_r0_c4,3,2,0,0,4,4,14,changed_q065,0.65,256,local_pauli_shadow,0.72967688,0.7282562255859375,-0.0014206544140624722,0.17330007725319077,0.18186932605833225
ZZ_d3_r1_c0,3,2,0,1,0,5,15,changed_q065,0.65,256,local_pauli_shadow,0.72967688,0.7513275146484375,0.02165063464843759,0.19550523834662129,0.18186932605833225
ZZ_d3_r1_c1,3,2,0,1,1,6,16,changed_q065,0.65,256,local_pauli_shadow,0.72967688,0.7252349853515625,-0.004441894648437472,0.1622384635601914,0.18186932605833225
ZZ_d3_r1_c2,3,2,0,1,2,7,17,changed_q065,0.65,256,local_pauli_shadow,0.72967688,0.72235107421875,-0.007325805781249972,0.1807450112230561,0.18186932605833225
ZZ_d3_r1_c3,3,2,0,1,3,8,18,changed_q065,0.65,256,local_pauli_shadow,0.72967688,0.7169952392578125,-0.012681640742187375,0.181596569178831,0.18186932605833225
ZZ_d3_r1_c4,3,2,0,1,4,9,19,changed_q065,0.65,256,local_pauli_shadow,0.72967688,0.7260589599609375,-0.003617920039062472,0.16844258544353707,0.18186932605833225
ZZ_d3_r2_c0,3,2,0,2,0,10,20,changed_q065,0.65,256,local_pauli_shadow,0.72967688,0.7301788330078125,0.0005019530078125278,0.18576259191739627,0.18186932605833225
ZZ_d3_r2_c1,3,2,0,2,1,11,21,changed_q065,0.65,256,local_pauli_shadow,0.72967688,0.72509765625,-0.004579223749999972,0.17484965785893025,0.18186932605833225
ZZ_d3_r2_c2,3,2,0,2,2,12,22,changed_q065,0.65,256,local_pauli_shadow,0.72967688,0.7417144775390625,0.012037597539062528,0.17523895157054525,0.18186932605833225
ZZ_d3_r2_c3,3,2,0,2,3,13,23,changed_q065,0.65,256,local_pauli_shadow,0.72967688,0.7241363525390625,-0.005540527460937474,0.16762583371401268,0.18186932605833225
ZZ_d3_r2_c4,3,2,0,2,4,14,24,changed_q065,0.65,256,local_pauli_shadow,0.72967688,0.7260589599609375,-0.003617920039062472,0.17732314420614223,0.18186932605833225
ZZ_d3_r3_c0,3,2,0,3,0,15,0,changed_q065,0.65,256,local_pauli_shadow,0.72967688,0.729217529296875,-0.00045935070312497217,0.1958283706092277,0.18186932605833225
ZZ_d3_r3_c1,3,2,0,3,1,16,1,changed_q065,0.65,256,local_pauli_shadow,0.72967688,0.725372314453125,-0.004304565546874972,0.1946202184510208,0.18186932605833225
ZZ_d3_r3_c2,3,2,0,3,2,17,2,changed_q065,0.65,256,local_pauli_shadow,0.72967688,0.7142486572265625,-0.015428222773437472,0.1843173664808819,0.18186932605833225
ZZ_d3_r3_c3,3,2,0,3,3,18,3,changed_q065,0.65,256,local_pauli_shadow,0.72967688,0.7279815673828125,-0.0016953126171874722,0.16430526827804662,0.18186932605833225
ZZ_d3_r3_c4,3,2,0,3,4,19,4,changed_q065,0.65,256,local_pauli_shadow,0.72967688,0.7219390869140625,-0.007737793085937472,0.1715568512297872,0.18186932605833225
ZZ_d3_r4_c0,3,2,0,4,0,20,5,changed_q065,0.65,256,local_pauli_shadow,0.72967688,0.7323760986328125,0.002699218632812528,0.18332737204443908,0.18186932605833225
ZZ_d3_r4_c1,3,2,0,4,1,21,6,changed_q065,0.65,256,local_pauli_shadow,0.72967688,0.7227630615234375,-0.006913818476562472,0.18335022287594754,0.18186932605833225
ZZ_d3_r4_c2,3,2,0,4,2,22,7,changed_q065,0.65,256,local_pauli_shadow,0.72967688,0.7371826171875,0.007505737187500028,0.18014119345264615,0.18186932605833225
ZZ_d3_r4_c3,3,2,0,4,3,23,8,changed_q065,0.65,256,local_pauli_shadow,0.72967688,0.7433624267578125,0.013685546757812537,0.18499418399759754,0.18186932605833225
ZZ_d3_r4_c4,3,2,0,4,4,24,9,changed_q065,0.65,256,local_pauli_shadow,0.72967688,0.72894287109375,-0.0007340089062499722,0.17654928926739957,0.18186932605833225
ZZ_d0_r0_c0,0,0,1,0,0,0,1,changed_q065,0.65,512,native_all_z,0.7158927199999999,0.7134552001953125,-0.002437519804687427,0.03215836606376669,0.030856827060984214
ZZ_d0_r0_c1,0,0,1,0,1,1,2,changed_q065,0.65,512,native_all_z,0.7158927199999999,0.7130279541015625,-0.002864765898437427,0.030640740002383468,0.030856827060984214
ZZ_d0_r0_c2,0,0,1,0,2,2,3,changed_q065,0.65,512,native_all_z,0.7158927199999999,0.7167510986328125,0.0008583786328125731,0.030311144109585214,0.030856827060984214
ZZ_d0_r0_c3,0,0,1,0,3,3,4,changed_q065,0.65,512,native_all_z,0.7158927199999999,0.716461181640625,0.0005684616406250731,0.030861857746042668,0.030856827060984214
ZZ_d0_r0_c4,0,0,1,0,4,4,0,changed_q065,0.65,512,native_all_z,0.7158927199999999,0.7173919677734375,0.001499247773437573,0.029934636951156928,0.030856827060984214
ZZ_d0_r1_c0,0,0,1,1,0,5,6,changed_q065,0.65,512,native_all_z,0.7158927199999999,0.7173309326171875,0.001438212617187573,0.030451997669545858,0.030856827060984214
ZZ_d0_r1_c1,0,0,1,1,1,6,7,changed_q065,0.65,512,native_all_z,0.7158927199999999,0.718597412109375,0.002704692109375073,0.030481757043161764,0.030856827060984214
ZZ_d0_r1_c2,0,0,1,1,2,7,8,changed_q065,0.65,512,native_all_z,0.7158927199999999,0.7209930419921875,0.005100321992187589,0.030898038893298212,0.030856827060984214
ZZ_d0_r1_c3,0,0,1,1,3,8,9,changed_q065,0.65,512,native_all_z,0.7158927199999999,0.7187652587890625,0.002872538789062573,0.028999788592695065,0.030856827060984214
ZZ_d0_r1_c4,0,0,1,1,4,9,5,changed_q065,0.65,512,native_all_z,0.7158927199999999,0.7149810791015625,-0.0009116408984374269,0.030880292689354282,0.030856827060984214
ZZ_d0_r2_c0,0,0,1,2,0,10,11,changed_q065,0.65,512,native_all_z,0.7158927199999999,0.7149505615234375,-0.0009421584765624269,0.031464509116479585,0.030856827060984214
ZZ_d0_r2_c1,0,0,1,2,1,11,12,changed_q065,0.65,512,native_all_z,0.7158927199999999,0.716552734375,0.0006600143750000731,0.030046469613414575,0.030856827060984214
ZZ_d0_r2_c2,0,0,1,2,2,12,13,changed_q065,0.65,512,native_all_z,0.7158927199999999,0.7191619873046875,0.0032692673046875735,0.0316192451603044,0.030856827060984214
ZZ_d0_r2_c3,0,0,1,2,3,13,14,changed_q065,0.65,512,native_all_z,0.7158927199999999,0.71771240234375,0.001819682343750073,0.03225751923076548,0.030856827060984214
ZZ_d0_r2_c4,0,0,1,2,4,14,10,changed_q065,0.65,512,native_all_z,0.7158927199999999,0.7188720703125,0.002979350312500073,0.03233796573125922,0.030856827060984214
ZZ_d0_r3_c0,0,0,1,3,0,15,16,changed_q065,0.65,512,native_all_z,0.7158927199999999,0.7176666259765625,0.001773905976562573,0.03128822103687669,0.030856827060984214
ZZ_d0_r3_c1,0,0,1,3,1,16,17,changed_q065,0.65,512,native_all_z,0.7158927199999999,0.7154693603515625,-0.0004233596484374269,0.031938073669216555,0.030856827060984214
ZZ_d0_r3_c2,0,0,1,3,2,17,18,changed_q065,0.65,512,native_all_z,0.7158927199999999,0.7143707275390625,-0.001521992460937427,0.03170080218462218,0.030856827060984214
ZZ_d0_r3_c3,0,0,1,3,3,18,19,changed_q065,0.65,512,native_all_z,0.7158927199999999,0.7137908935546875,-0.002101826445312427,0.03252345212970502,0.030856827060984214
ZZ_d0_r3_c4,0,0,1,3,4,19,15,changed_q065,0.65,512,native_all_z,0.7158927199999999,0.716339111328125,0.0004463913281250731,0.03429443932106988,0.030856827060984214
ZZ_d0_r4_c0,0,0,1,4,0,20,21,changed_q065,0.65,512,native_all_z,0.7158927199999999,0.7146759033203125,-0.001216816679687427,0.028474970442989272,0.030856827060984214
ZZ_d0_r4_c1,0,0,1,4,1,21,22,changed_q065,0.65,512,native_all_z,0.7158927199999999,0.716217041015625,0.0003243210156250731,0.028576056912626917,0.030856827060984214
ZZ_d0_r4_c2,0,0,1,4,2,22,23,changed_q065,0.65,512,native_all_z,0.7158927199999999,0.7166595458984375,0.0007668258984375731,0.0310275254997999,0.030856827060984214
ZZ_d0_r4_c3,0,0,1,4,3,23,24,changed_q065,0.65,512,native_all_z,0.7158927199999999,0.7142181396484375,-0.001674580351562427,0.029997999390374577,0.030856827060984214
ZZ_d0_r4_c4,0,0,1,4,4,24,20,changed_q065,0.65,512,native_all_z,0.7158927199999999,0.7162628173828125,0.0003700973828125731,0.028273458570740484,0.030856827060984214
ZZ_d1_r0_c0,1,1,0,0,0,0,5,changed_q065,0.65,512,native_all_z,0.7158927199999999,0.71771240234375,0.001819682343750073,0.03317932258856259,0.030856827060984214
ZZ_d1_r0_c1,1,1,0,0,1,1,6,changed_q065,0.65,512,native_all_z,0.7158927199999999,0.714874267578125,-0.001018452421874927,0.028712625740957485,0.030856827060984214
ZZ_d1_r0_c2,1,1,0,0,2,2,7,changed_q065,0.65,512,native_all_z,0.7158927199999999,0.7175750732421875,0.001682353242187573,0.03137119121036273,0.030856827060984214
ZZ_d1_r0_c3,1,1,0,0,3,3,8,changed_q065,0.65,512,native_all_z,0.7158927199999999,0.7176361083984375,0.001743388398437573,0.03085185702162394,0.030856827060984214
ZZ_d1_r0_c4,1,1,0,0,4,4,9,changed_q065,0.65,512,native_all_z,0.7158927199999999,0.71484375,-0.001048969999999927,0.030050587728064668,0.030856827060984214
ZZ_d1_r1_c0,1,1,0,1,0,5,10,changed_q065,0.65,512,native_all_z,0.7158927199999999,0.716583251953125,0.0006905319531250731,0.03362166050664342,0.030856827060984214
ZZ_d1_r1_c1,1,1,0,1,1,6,11,changed_q065,0.65,512,native_all_z,0.7158927199999999,0.716156005859375,0.0002632858593750731,0.030643560626149452,0.030856827060984214
ZZ_d1_r1_c2,1,1,0,1,2,7,12,changed_q065,0.65,512,native_all_z,0.7158927199999999,0.719024658203125,0.003131938203125073,0.028571028208313327,0.030856827060984214
ZZ_d1_r1_c3,1,1,0,1,3,8,13,changed_q065,0.65,512,native_all_z,0.7158927199999999,0.71875,0.002857280000000073,0.031298571046418665,0.030856827060984214
ZZ_d1_r1_c4,1,1,0,1,4,9,14,changed_q065,0.65,512,native_all_z,0.7158927199999999,0.7171173095703125,0.001224589570312573,0.03066024930141173,0.030856827060984214
ZZ_d1_r2_c0,1,1,0,2,0,10,15,changed_q065,0.65,512,native_all_z,0.7158927199999999,0.7187652587890625,0.002872538789062573,0.03141116824080349,0.030856827060984214
ZZ_d1_r2_c1,1,1,0,2,1,11,16,changed_q065,0.65,512,native_all_z,0.7158927199999999,0.7124176025390625,-0.0034751174609374256,0.030507669445176928,0.030856827060984214
ZZ_d1_r2_c2,1,1,0,2,2,12,17,changed_q065,0.65,512,native_all_z,0.7158927199999999,0.716522216796875,0.0006294967968750731,0.03245085615375472,0.030856827060984214
ZZ_d1_r2_c3,1,1,0,2,3,13,18,changed_q065,0.65,512,native_all_z,0.7158927199999999,0.715423583984375,-0.0004691360156249269,0.032493688125427383,0.030856827060984214
ZZ_d1_r2_c4,1,1,0,2,4,14,19,changed_q065,0.65,512,native_all_z,0.7158927199999999,0.7162933349609375,0.0004006149609375731,0.03402976914058965,0.030856827060984214
ZZ_d1_r3_c0,1,1,0,3,0,15,20,changed_q065,0.65,512,native_all_z,0.7158927199999999,0.7169189453125,0.001026225312500073,0.032868817210596354,0.030856827060984214
ZZ_d1_r3_c1,1,1,0,3,1,16,21,changed_q065,0.65,512,native_all_z,0.7158927199999999,0.713531494140625,-0.002361225859374927,0.029605157855181842,0.030856827060984214
ZZ_d1_r3_c2,1,1,0,3,2,17,22,changed_q065,0.65,512,native_all_z,0.7158927199999999,0.7180938720703125,0.002201152070312573,0.03155848273309647,0.030856827060984214
ZZ_d1_r3_c3,1,1,0,3,3,18,23,changed_q065,0.65,512,native_all_z,0.7158927199999999,0.7171478271484375,0.001255107148437573,0.029703359524375157,0.030856827060984214
ZZ_d1_r3_c4,1,1,0,3,4,19,24,changed_q065,0.65,512,native_all_z,0.7158927199999999,0.7139129638671875,-0.001979756132812427,0.03366505533035857,0.030856827060984214
ZZ_d1_r4_c0,1,1,0,4,0,20,0,changed_q065,0.65,512,native_all_z,0.7158927199999999,0.7159881591796875,9.54391796875731e-05,0.031023328925822203,0.030856827060984214
ZZ_d1_r4_c1,1,1,0,4,1,21,1,changed_q065,0.65,512,native_all_z,0.7158927199999999,0.7114715576171875,-0.00442116238281242,0.026826770957987744,0.030856827060984214
ZZ_d1_r4_c2,1,1,0,4,2,22,2,changed_q065,0.65,512,native_all_z,0.7158927199999999,0.717620849609375,0.001728129609375073,0.028582928166651197,0.030856827060984214
ZZ_d1_r4_c3,1,1,0,4,3,23,3,changed_q065,0.65,512,native_all_z,0.7158927199999999,0.71771240234375,0.001819682343750073,0.027848613901805198,0.030856827060984214
ZZ_d1_r4_c4,1,1,0,4,4,24,4,changed_q065,0.65,512,native_all_z,0.7158927199999999,0.7175140380859375,0.001621318085937573,0.02996618361450249,0.030856827060984214
ZZ_d2_r0_c0,2,0,2,0,0,0,2,changed_q065,0.65,512,native_all_z,0.72967688,0.731170654296875,0.0014937742968750278,0.030786094488957708,0.03021962740432098
ZZ_d2_r0_c1,2,0,2,0,1,1,3,changed_q065,0.65,512,native_all_z,0.72967688,0.72698974609375,-0.002687133906249972,0.027808550171447552,0.03021962740432098
ZZ_d2_r0_c2,2,0,2,0,2,2,4,changed_q065,0.65,512,native_all_z,0.72967688,0.7277984619140625,-0.0018784180859374722,0.03230651992078481,0.03021962740432098
ZZ_d2_r0_c3,2,0,2,0,3,3,0,changed_q065,0.65,512,native_all_z,0.72967688,0.7315216064453125,0.0018447264453125278,0.027780044427054406,0.03021962740432098
ZZ_d2_r0_c4,2,0,2,0,4,4,1,changed_q065,0.65,512,native_all_z,0.72967688,0.72918701171875,-0.0004898682812499722,0.028293426952553116,0.03021962740432098
ZZ_d2_r1_c0,2,0,2,1,0,5,7,changed_q065,0.65,512,native_all_z,0.72967688,0.7310333251953125,0.0013564451953125278,0.030072458376886425,0.03021962740432098
ZZ_d2_r1_c1,2,0,2,1,1,6,8,changed_q065,0.65,512,native_all_z,0.72967688,0.7338409423828125,0.004164062382812528,0.028371957938700086,0.03021962740432098
ZZ_d2_r1_c2,2,0,2,1,2,7,9,changed_q065,0.65,512,native_all_z,0.72967688,0.73052978515625,0.0008529051562500278,0.031360566081815235,0.03021962740432098
ZZ_d2_r1_c3,2,0,2,1,3,8,5,changed_q065,0.65,512,native_all_z,0.72967688,0.733123779296875,0.003446899296875028,0.031372845856644106,0.03021962740432098
ZZ_d2_r1_c4,2,0,2,1,4,9,6,changed_q065,0.65,512,native_all_z,0.72967688,0.73028564453125,0.0006087645312500278,0.02834939979831207,0.03021962740432098
ZZ_d2_r2_c0,2,0,2,2,0,10,12,changed_q065,0.65,512,native_all_z,0.72967688,0.7306976318359375,0.0010207518359375278,0.029904587585595072,0.03021962740432098
ZZ_d2_r2_c1,2,0,2,2,1,11,13,changed_q065,0.65,512,native_all_z,0.72967688,0.7278900146484375,-0.0017868653515624722,0.0289293777751864,0.03021962740432098
ZZ_d2_r2_c2,2,0,2,2,2,12,14,changed_q065,0.65,512,native_all_z,0.72967688,0.7328033447265625,0.003126464726562528,0.03096984426512553,0.03021962740432098
ZZ_d2_r2_c3,2,0,2,2,3,13,10,changed_q065,0.65,512,native_all_z,0.72967688,0.730682373046875,0.0010054930468750278,0.030651266174408828,0.03021962740432098
ZZ_d2_r2_c4,2,0,2,2,4,14,11,changed_q065,0.65,512,native_all_z,0.72967688,0.7317352294921875,0.002058349492187528,0.03078803166525552,0.03021962740432098
ZZ_d2_r3_c0,2,0,2,3,0,15,17,changed_q065,0.65,512,native_all_z,0.72967688,0.7310791015625,0.0014022215625000278,0.0311360549547191,0.03021962740432098
ZZ_d2_r3_c1,2,0,2,3,1,16,18,changed_q065,0.65,512,native_all_z,0.72967688,0.726837158203125,-0.002839721796874972,0.029964744772009742,0.03021962740432098
ZZ_d2_r3_c2,2,0,2,3,2,17,19,changed_q065,0.65,512,native_all_z,0.72967688,0.728729248046875,-0.0009476319531249722,0.030200797685468496,0.03021962740432098
ZZ_d2_r3_c3,2,0,2,3,3,18,15,changed_q065,0.65,512,native_all_z,0.72967688,0.7310943603515625,0.0014174803515625278,0.031102924645935434,0.03021962740432098
ZZ_d2_r3_c4,2,0,2,3,4,19,16,changed_q065,0.65,512,native_all_z,0.72967688,0.7289886474609375,-0.0006882325390624722,0.02867399458101207,0.03021962740432098
ZZ_d2_r4_c0,2,0,2,4,0,20,22,changed_q065,0.65,512,native_all_z,0.72967688,0.7305755615234375,0.0008986815234375278,0.030387769188561703,0.03021962740432098
ZZ_d2_r4_c1,2,0,2,4,1,21,23,changed_q065,0.65,512,native_all_z,0.72967688,0.7303924560546875,0.0007155760546875278,0.03001588907471802,0.03021962740432098
ZZ_d2_r4_c2,2,0,2,4,2,22,24,changed_q065,0.65,512,native_all_z,0.72967688,0.732452392578125,0.002775512578125028,0.030944501254493998,0.03021962740432098
ZZ_d2_r4_c3,2,0,2,4,3,23,20,changed_q065,0.65,512,native_all_z,0.72967688,0.728851318359375,-0.0008255616406249722,0.02927605860448612,0.03021962740432098
ZZ_d2_r4_c4,2,0,2,4,4,24,21,changed_q065,0.65,512,native_all_z,0.72967688,0.73028564453125,0.0006087645312500278,0.03114841643530178,0.03021962740432098
ZZ_d3_r0_c0,3,2,0,0,0,0,10,changed_q065,0.65,512,native_all_z,0.72967688,0.731475830078125,0.0017989500781250278,0.03114422937998422,0.03021962740432098
ZZ_d3_r0_c1,3,2,0,0,1,1,11,changed_q065,0.65,512,native_all_z,0.72967688,0.7269287109375,-0.002748169062499972,0.030283731792950307,0.03021962740432098
ZZ_d3_r0_c2,3,2,0,0,2,2,12,changed_q065,0.65,512,native_all_z,0.72967688,0.7310943603515625,0.0014174803515625278,0.028738310577240966,0.03021962740432098
ZZ_d3_r0_c3,3,2,0,0,3,3,13,changed_q065,0.65,512,native_all_z,0.72967688,0.7280731201171875,-0.0016037598828124722,0.030881489047739265,0.03021962740432098
ZZ_d3_r0_c4,3,2,0,0,4,4,14,changed_q065,0.65,512,native_all_z,0.72967688,0.7324676513671875,0.002790771367187528,0.03313001108393057,0.03021962740432098
ZZ_d3_r1_c0,3,2,0,1,0,5,15,changed_q065,0.65,512,native_all_z,0.72967688,0.7324981689453125,0.002821288945312528,0.030708818241397352,0.03021962740432098
ZZ_d3_r1_c1,3,2,0,1,1,6,16,changed_q065,0.65,512,native_all_z,0.72967688,0.7301788330078125,0.0005019530078125278,0.031123685159617838,0.03021962740432098
ZZ_d3_r1_c2,3,2,0,1,2,7,17,changed_q065,0.65,512,native_all_z,0.72967688,0.731231689453125,0.0015548094531250278,0.0307760462367096,0.03021962740432098
ZZ_d3_r1_c3,3,2,0,1,3,8,18,changed_q065,0.65,512,native_all_z,0.72967688,0.732635498046875,0.002958618046875028,0.028364573026614628,0.03021962740432098
ZZ_d3_r1_c4,3,2,0,1,4,9,19,changed_q065,0.65,512,native_all_z,0.72967688,0.7261962890625,-0.003480590937499972,0.03340803559987923,0.03021962740432098
ZZ_d3_r2_c0,3,2,0,2,0,10,20,changed_q065,0.65,512,native_all_z,0.72967688,0.7305145263671875,0.0008376463671875278,0.031943015107113434,0.03021962740432098
ZZ_d3_r2_c1,3,2,0,2,1,11,21,changed_q065,0.65,512,native_all_z,0.72967688,0.7273406982421875,-0.002336181757812472,0.02966525159068186,0.03021962740432098
ZZ_d3_r2_c2,3,2,0,2,2,12,22,changed_q065,0.65,512,native_all_z,0.72967688,0.7313690185546875,0.0016921385546875278,0.03054534000734854,0.03021962740432098
ZZ_d3_r2_c3,3,2,0,2,3,13,23,changed_q065,0.65,512,native_all_z,0.72967688,0.7282562255859375,-0.0014206544140624722,0.03071977145682159,0.03021962740432098
ZZ_d3_r2_c4,3,2,0,2,4,14,24,changed_q065,0.65,512,native_all_z,0.72967688,0.731048583984375,0.0013717039843750278,0.03155929748590629,0.03021962740432098
ZZ_d3_r3_c0,3,2,0,3,0,15,0,changed_q065,0.65,512,native_all_z,0.72967688,0.7319488525390625,0.002271972539062528,0.03243750480035904,0.03021962740432098
ZZ_d3_r3_c1,3,2,0,3,1,16,1,changed_q065,0.65,512,native_all_z,0.72967688,0.7255706787109375,-0.004106201289062472,0.02916778083649418,0.03021962740432098
ZZ_d3_r3_c2,3,2,0,3,2,17,2,changed_q065,0.65,512,native_all_z,0.72967688,0.7294158935546875,-0.00026098644531247217,0.03206854264144182,0.03021962740432098
ZZ_d3_r3_c3,3,2,0,3,3,18,3,changed_q065,0.65,512,native_all_z,0.72967688,0.7302093505859375,0.0005324705859375278,0.029887666846686953,0.03021962740432098
ZZ_d3_r3_c4,3,2,0,3,4,19,4,changed_q065,0.65,512,native_all_z,0.72967688,0.7271728515625,-0.002504028437499972,0.030665603698191508,0.03021962740432098
ZZ_d3_r4_c0,3,2,0,4,0,20,5,changed_q065,0.65,512,native_all_z,0.72967688,0.7305145263671875,0.0008376463671875278,0.031484427062960604,0.03021962740432098
ZZ_d3_r4_c1,3,2,0,4,1,21,6,changed_q065,0.65,512,native_all_z,0.72967688,0.7306365966796875,0.0009597166796875278,0.026610185904224686,0.03021962740432098
ZZ_d3_r4_c2,3,2,0,4,2,22,7,changed_q065,0.65,512,native_all_z,0.72967688,0.7325897216796875,0.002912841679687528,0.030637339318351206,0.03021962740432098
ZZ_d3_r4_c3,3,2,0,4,3,23,8,changed_q065,0.65,512,native_all_z,0.72967688,0.7341461181640625,0.004469238164062528,0.030019599862030826,0.03021962740432098
ZZ_d3_r4_c4,3,2,0,4,4,24,9,changed_q065,0.65,512,native_all_z,0.72967688,0.7293548583984375,-0.00032202160156247217,0.03005005490859779,0.03021962740432098
ZZ_d0_r0_c0,0,0,1,0,0,0,1,changed_q065,0.65,512,local_pauli_shadow,0.7158927199999999,0.7082748413085938,-0.007617878691406116,0.12514342671703965,0.1287522573637895
ZZ_d0_r0_c1,0,0,1,0,1,1,2,changed_q065,0.65,512,local_pauli_shadow,0.7158927199999999,0.7062149047851562,-0.009677815214843632,0.1369933341423455,0.1287522573637895
ZZ_d0_r0_c2,0,0,1,0,2,2,3,changed_q065,0.65,512,local_pauli_shadow,0.7158927199999999,0.7063522338867188,-0.009540486113281127,0.12894683927898803,0.1287522573637895
ZZ_d0_r0_c3,0,0,1,0,3,3,4,changed_q065,0.65,512,local_pauli_shadow,0.7158927199999999,0.7000350952148438,-0.015857624785156142,0.12097653027927675,0.1287522573637895
ZZ_d0_r0_c4,0,0,1,0,4,4,0,changed_q065,0.65,512,local_pauli_shadow,0.7158927199999999,0.7108840942382812,-0.005008625761718654,0.1239455766454192,0.1287522573637895
ZZ_d0_r1_c0,0,0,1,1,0,5,6,changed_q065,0.65,512,local_pauli_shadow,0.7158927199999999,0.7255096435546875,0.00961692355468766,0.12626863597814142,0.1287522573637895
ZZ_d0_r1_c1,0,0,1,1,1,6,7,changed_q065,0.65,512,local_pauli_shadow,0.7158927199999999,0.705047607421875,-0.010845112578124863,0.1217569858801268,0.1287522573637895
ZZ_d0_r1_c2,0,0,1,1,2,7,8,changed_q065,0.65,512,local_pauli_shadow,0.7158927199999999,0.7103347778320312,-0.005557942167968604,0.12266139015420478,0.1287522573637895
ZZ_d0_r1_c3,0,0,1,1,3,8,9,changed_q065,0.65,512,local_pauli_shadow,0.7158927199999999,0.7211837768554688,0.005291056855468877,0.13264826705138022,0.1287522573637895
ZZ_d0_r1_c4,0,0,1,1,4,9,5,changed_q065,0.65,512,local_pauli_shadow,0.7158927199999999,0.7235870361328125,0.007694316132812613,0.13202878464120468,0.1287522573637895
ZZ_d0_r2_c0,0,0,1,2,0,10,11,changed_q065,0.65,512,local_pauli_shadow,0.7158927199999999,0.715484619140625,-0.00040810085937489915,0.13385106420882115,0.1287522573637895
ZZ_d0_r2_c1,0,0,1,2,1,11,12,changed_q065,0.65,512,local_pauli_shadow,0.7158927199999999,0.7109527587890625,-0.00493996121093737,0.11984393395394123,0.1287522573637895
ZZ_d0_r2_c2,0,0,1,2,2,12,13,changed_q065,0.65,512,local_pauli_shadow,0.7158927199999999,0.7093048095703125,-0.0065879104296873835,0.1254767429322817,0.1287522573637895
ZZ_d0_r2_c3,0,0,1,2,3,13,14,changed_q065,0.65,512,local_pauli_shadow,0.7158927199999999,0.7231063842773438,0.0072136642773438595,0.13810180524866558,0.1287522573637895
ZZ_d0_r2_c4,0,0,1,2,4,14,10,changed_q065,0.65,512,local_pauli_shadow,0.7158927199999999,0.7274322509765625,0.011539530976562648,0.1310959856211711,0.1287522573637895
ZZ_d0_r3_c0,0,0,1,3,0,15,16,changed_q065,0.65,512,local_pauli_shadow,0.7158927199999999,0.7101974487304688,-0.005695271269531153,0.13324940550981973,0.1287522573637895
ZZ_d0_r3_c1,0,0,1,3,1,16,17,changed_q065,0.65,512,local_pauli_shadow,0.7158927199999999,0.7120513916015625,-0.003841328398437399,0.12645358942744836,0.1287522573637895
ZZ_d0_r3_c2,0,0,1,3,2,17,18,changed_q065,0.65,512,local_pauli_shadow,0.7158927199999999,0.7125320434570312,-0.0033606765429686353,0.13254375803916818,0.1287522573637895
ZZ_d0_r3_c3,0,0,1,3,3,18,19,changed_q065,0.65,512,local_pauli_shadow,0.7158927199999999,0.709716796875,-0.00617592312499992,0.1251554516771267,0.1287522573637895
ZZ_d0_r3_c4,0,0,1,3,4,19,15,changed_q065,0.65,512,local_pauli_shadow,0.7158927199999999,0.7195358276367188,0.0036431076367188886,0.11669770199672402,0.1287522573637895
ZZ_d0_r4_c0,0,0,1,4,0,20,21,changed_q065,0.65,512,local_pauli_shadow,0.7158927199999999,0.7108840942382812,-0.005008625761718668,0.13782437404406198,0.1287522573637895
ZZ_d0_r4_c1,0,0,1,4,1,21,22,changed_q065,0.65,512,local_pauli_shadow,0.7158927199999999,0.7293548583984375,0.013462138398437616,0.1281032880038099,0.1287522573637895
ZZ_d0_r4_c2,0,0,1,4,2,22,23,changed_q065,0.65,512,local_pauli_shadow,0.7158927199999999,0.7213211059570312,0.005428385957031403,0.13174938005812772,0.1287522573637895
ZZ_d0_r4_c3,0,0,1,4,3,23,24,changed_q065,0.65,512,local_pauli_shadow,0.7158927199999999,0.7139053344726562,-0.0019873855273436773,0.12470323156883063,0.1287522573637895
ZZ_d0_r4_c4,0,0,1,4,4,24,20,changed_q065,0.65,512,local_pauli_shadow,0.7158927199999999,0.708892822265625,-0.00699989773437484,0.12804155631686684,0.1287522573637895
ZZ_d1_r0_c0,1,1,0,0,0,0,5,changed_q065,0.65,512,local_pauli_shadow,0.7158927199999999,0.7189865112304688,0.003093791230468867,0.12444405794790997,0.1287522573637895
ZZ_d1_r0_c1,1,1,0,0,1,1,6,changed_q065,0.65,512,local_pauli_shadow,0.7158927199999999,0.7084121704101562,-0.007480549589843639,0.12653942762680795,0.1287522573637895
ZZ_d1_r0_c2,1,1,0,0,2,2,7,changed_q065,0.65,512,local_pauli_shadow,0.7158927199999999,0.7175445556640625,0.0016518356640625822,0.12920031644440855,0.1287522573637895
ZZ_d1_r0_c3,1,1,0,0,3,3,8,changed_q065,0.65,512,local_pauli_shadow,0.7158927199999999,0.7106094360351562,-0.005283283964843658,0.125416122236852,0.1287522573637895
ZZ_d1_r0_c4,1,1,0,0,4,4,9,changed_q065,0.65,512,local_pauli_shadow,0.7158927199999999,0.6997604370117188,-0.016132282988281156,0.13202458357237865,0.1287522573637895
ZZ_d1_r1_c0,1,1,0,1,0,5,10,changed_q065,0.65,512,local_pauli_shadow,0.7158927199999999,0.7277069091796875,0.011814189179687675,0.13373117982368085,0.1287522573637895
ZZ_d1_r1_c1,1,1,0,1,1,6,11,changed_q065,0.65,512,local_pauli_shadow,0.7158927199999999,0.7064895629882812,-0.009403157011718608,0.1336674398625585,0.1287522573637895
ZZ_d1_r1_c2,1,1,0,1,2,7,12,changed_q065,0.65,512,local_pauli_shadow,0.7158927199999999,0.7239990234375,0.008106303437500103,0.13095151408028627,0.1287522573637895
ZZ_d1_r1_c3,1,1,0,1,3,8,13,changed_q065,0.65,512,local_pauli_shadow,0.7158927199999999,0.7145233154296875,-0.0013694045703124217,0.12431511149599216,0.1287522573637895
ZZ_d1_r1_c4,1,1,0,1,4,9,14,changed_q065,0.65,512,local_pauli_shadow,0.7158927199999999,0.7345733642578125,0.01868064425781254,0.13263792472716907,0.1287522573637895
ZZ_d1_r2_c0,1,1,0,2,0,10,15,changed_q065,0.65,512,local_pauli_shadow,0.7158927199999999,0.7225570678710938,0.0066643478710939185,0.14007869577579848,0.1287522573637895
ZZ_d1_r2_c1,1,1,0,2,1,11,16,changed_q065,0.65,512,local_pauli_shadow,0.7158927199999999,0.7104034423828125,-0.005489277617187359,0.13738215094021428,0.1287522573637895
ZZ_d1_r2_c2,1,1,0,2,2,12,17,changed_q065,0.65,512,local_pauli_shadow,0.7158927199999999,0.700103759765625,-0.015788960234374916,0.11823951841165693,0.1287522573637895
ZZ_d1_r2_c3,1,1,0,2,3,13,18,changed_q065,0.65,512,local_pauli_shadow,0.7158927199999999,0.713836669921875,-0.0020560500781248957,0.1273297887072848,0.1287522573637895
ZZ_d1_r2_c4,1,1,0,2,4,14,19,changed_q065,0.65,512,local_pauli_shadow,0.7158927199999999,0.71356201171875,-0.0023307082812499187,0.12468514717747534,0.1287522573637895
ZZ_d1_r3_c0,1,1,0,3,0,15,20,changed_q065,0.65,512,local_pauli_shadow,0.7158927199999999,0.7129440307617188,-0.0029486892382811765,0.12378196364993757,0.1287522573637895
ZZ_d1_r3_c1,1,1,0,3,1,16,21,changed_q065,0.65,512,local_pauli_shadow,0.7158927199999999,0.7130813598632812,-0.00281136013671862,0.12805280337693722,0.1287522573637895
ZZ_d1_r3_c2,1,1,0,3,2,17,22,changed_q065,0.65,512,local_pauli_shadow,0.7158927199999999,0.7229690551757812,0.00707633517578141,0.12790574163967317,0.1287522573637895
ZZ_d1_r3_c3,1,1,0,3,3,18,23,changed_q065,0.65,512,local_pauli_shadow,0.7158927199999999,0.7097854614257812,-0.00610725857421867,0.1324531518665633,0.1287522573637895
ZZ_d1_r3_c4,1,1,0,3,4,19,24,changed_q065,0.65,512,local_pauli_shadow,0.7158927199999999,0.7200851440429688,0.004192424042968891,0.12724826864343478,0.1287522573637895
ZZ_d1_r4_c0,1,1,0,4,0,20,0,changed_q065,0.65,512,local_pauli_shadow,0.7158927199999999,0.7219390869140625,0.006046366914062658,0.127038362928369,0.1287522573637895
ZZ_d1_r4_c1,1,1,0,4,1,21,1,changed_q065,0.65,512,local_pauli_shadow,0.7158927199999999,0.7184371948242188,0.0025444748242188474,0.12665340079160106,0.1287522573637895
ZZ_d1_r4_c2,1,1,0,4,2,22,2,changed_q065,0.65,512,local_pauli_shadow,0.7158927199999999,0.7252349853515625,0.009342265351562589,0.12537559208617943,0.1287522573637895
ZZ_d1_r4_c3,1,1,0,4,3,23,3,changed_q065,0.65,512,local_pauli_shadow,0.7158927199999999,0.7222824096679688,0.006389689667968898,0.1301996225438109,0.1287522573637895
ZZ_d1_r4_c4,1,1,0,4,4,24,4,changed_q065,0.65,512,local_pauli_shadow,0.7158927199999999,0.7218017578125,0.005909037812500092,0.12122818787156978,0.1287522573637895
ZZ_d2_r0_c0,2,0,2,0,0,0,2,changed_q065,0.65,512,local_pauli_shadow,0.72967688,0.7227630615234375,-0.006913818476562472,0.13258494335032162,0.12860103374567403
ZZ_d2_r0_c1,2,0,2,0,1,1,3,changed_q065,0.65,512,local_pauli_shadow,0.72967688,0.722900390625,-0.006776489374999972,0.1247905940111659,0.12860103374567403
ZZ_d2_r0_c2,2,0,2,0,2,2,4,changed_q065,0.65,512,local_pauli_shadow,0.72967688,0.7173385620117188,-0.012338317988281222,0.12024759582349093,0.12860103374567403
ZZ_d2_r0_c3,2,0,2,0,3,3,0,changed_q065,0.65,512,local_pauli_shadow,0.72967688,0.7255096435546875,-0.004167236445312472,0.12256157328016906,0.12860103374567403
ZZ_d2_r0_c4,2,0,2,0,4,4,1,changed_q065,0.65,512,local_pauli_shadow,0.72967688,0.7189178466796875,-0.010759033320312472,0.12607626209853118,0.12860103374567403
ZZ_d2_r1_c0,2,0,2,1,0,5,7,changed_q065,0.65,512,local_pauli_shadow,0.72967688,0.7305908203125,0.0009139403125000278,0.13209062940465277,0.12860103374567403
ZZ_d2_r1_c1,2,0,2,1,1,6,8,changed_q065,0.65,512,local_pauli_shadow,0.72967688,0.7332687377929688,0.003591857792968778,0.13603040831975557,0.12860103374567403
ZZ_d2_r1_c2,2,0,2,1,2,7,9,changed_q065,0.65,512,local_pauli_shadow,0.72967688,0.7338180541992188,0.004141174199218778,0.1280022949592335,0.12860103374567403
ZZ_d2_r1_c3,2,0,2,1,3,8,5,changed_q065,0.65,512,local_pauli_shadow,0.72967688,0.7463150024414062,0.016638122441406424,0.13488991953027274,0.12860103374567403
ZZ_d2_r1_c4,2,0,2,1,4,9,6,changed_q065,0.65,512,local_pauli_shadow,0.72967688,0.7305908203125,0.0009139403125000278,0.13441848578845825,0.12860103374567403
ZZ_d2_r2_c0,2,0,2,2,0,10,12,changed_q065,0.65,512,local_pauli_shadow,0.72967688,0.7403411865234375,0.010664306523437528,0.13068055151497168,0.12860103374567403
ZZ_d2_r2_c1,2,0,2,2,1,11,13,changed_q065,0.65,512,local_pauli_shadow,0.72967688,0.7275009155273438,-0.002175964472656222,0.11859453784219963,0.12860103374567403
ZZ_d2_r2_c2,2,0,2,2,2,12,14,changed_q065,0.65,512,local_pauli_shadow,0.72967688,0.7312088012695312,0.0015319212695312778,0.1336612361428708,0.12860103374567403
ZZ_d2_r2_c3,2,0,2,2,3,13,10,changed_q065,0.65,512,local_pauli_shadow,0.72967688,0.7290802001953125,-0.0005966798046874722,0.1271956549150919,0.12860103374567403
ZZ_d2_r2_c4,2,0,2,2,4,14,11,changed_q065,0.65,512,local_pauli_shadow,0.72967688,0.7491989135742188,0.019522033574218986,0.1269669615606998,0.12860103374567403
ZZ_d2_r3_c0,2,0,2,3,0,15,17,changed_q065,0.65,512,local_pauli_shadow,0.72967688,0.7181625366210938,-0.011514343378906222,0.13774373927526706,0.12860103374567403
ZZ_d2_r3_c1,2,0,2,3,1,16,18,changed_q065,0.65,512,local_pauli_shadow,0.72967688,0.7353973388671875,0.005720458867187528,0.13970454796448475,0.12860103374567403
ZZ_d2_r3_c2,2,0,2,3,2,17,19,changed_q065,0.65,512,local_pauli_shadow,0.72967688,0.7329940795898438,0.003317199589843778,0.13024687722133105,0.12860103374567403
ZZ_d2_r3_c3,2,0,2,3,3,18,15,changed_q065,0.65,512,local_pauli_shadow,0.72967688,0.7367019653320312,0.007025085332031278,0.1256377856745047,0.12860103374567403
ZZ_d2_r3_c4,2,0,2,3,4,19,16,changed_q065,0.65,512,local_pauli_shadow,0.72967688,0.7309341430664062,0.0012572630664062778,0.1285615731353471,0.12860103374567403
ZZ_d2_r4_c0,2,0,2,4,0,20,22,changed_q065,0.65,512,local_pauli_shadow,0.72967688,0.72894287109375,-0.0007340089062499722,0.12203331386201623,0.12860103374567403
ZZ_d2_r4_c1,2,0,2,4,1,21,23,changed_q065,0.65,512,local_pauli_shadow,0.72967688,0.7417831420898438,0.012106262089843778,0.1368768926495936,0.12860103374567403
ZZ_d2_r4_c2,2,0,2,4,2,22,24,changed_q065,0.65,512,local_pauli_shadow,0.72967688,0.722900390625,-0.006776489374999972,0.1211192007868563,0.12860103374567403
ZZ_d2_r4_c3,2,0,2,4,3,23,20,changed_q065,0.65,512,local_pauli_shadow,0.72967688,0.7259902954101562,-0.003686584589843722,0.1165333033755709,0.12860103374567403
ZZ_d2_r4_c4,2,0,2,4,4,24,21,changed_q065,0.65,512,local_pauli_shadow,0.72967688,0.7164459228515625,-0.01323095714843735,0.11772311153128932,0.12860103374567403
ZZ_d3_r0_c0,3,2,0,0,0,0,10,changed_q065,0.65,512,local_pauli_shadow,0.72967688,0.7351913452148438,0.005514465214843778,0.12613856892918102,0.12860103374567403
ZZ_d3_r0_c1,3,2,0,0,1,1,11,changed_q065,0.65,512,local_pauli_shadow,0.72967688,0.739654541015625,0.009977661015625028,0.14050872947260373,0.12860103374567403
ZZ_d3_r0_c2,3,2,0,0,2,2,12,changed_q065,0.65,512,local_pauli_shadow,0.72967688,0.7349166870117188,0.005239807011718778,0.13185593184764774,0.12860103374567403
ZZ_d3_r0_c3,3,2,0,0,3,3,13,changed_q065,0.65,512,local_pauli_shadow,0.72967688,0.719329833984375,-0.010347046015624972,0.11967101333601224,0.12860103374567403
ZZ_d3_r0_c4,3,2,0,0,4,4,14,changed_q065,0.65,512,local_pauli_shadow,0.72967688,0.7356719970703125,0.005995117070312528,0.12702465083779066,0.12860103374567403
ZZ_d3_r1_c0,3,2,0,1,0,5,15,changed_q065,0.65,512,local_pauli_shadow,0.72967688,0.7357406616210938,0.006063781621093778,0.13458191862833901,0.12860103374567403
ZZ_d3_r1_c1,3,2,0,1,1,6,16,changed_q065,0.65,512,local_pauli_shadow,0.72967688,0.7302474975585938,0.0005706175585937778,0.12379889193006231,0.12860103374567403
ZZ_d3_r1_c2,3,2,0,1,2,7,17,changed_q065,0.65,512,local_pauli_shadow,0.72967688,0.7204971313476562,-0.009179748652343722,0.1350772553878901,0.12860103374567403
ZZ_d3_r1_c3,3,2,0,1,3,8,18,changed_q065,0.65,512,local_pauli_shadow,0.72967688,0.73004150390625,0.00036462390625002783,0.12849712019246787,0.12860103374567403
ZZ_d3_r1_c4,3,2,0,1,4,9,19,changed_q065,0.65,512,local_pauli_shadow,0.72967688,0.729217529296875,-0.00045935070312497217,0.12819737377181217,0.12860103374567403
ZZ_d3_r2_c0,3,2,0,2,0,10,20,changed_q065,0.65,512,local_pauli_shadow,0.72967688,0.7306594848632812,0.0009826048632812778,0.1366801263491196,0.12860103374567403
ZZ_d3_r2_c1,3,2,0,2,1,11,21,changed_q065,0.65,512,local_pauli_shadow,0.72967688,0.7222824096679688,-0.007394470332031222,0.13533370283629145,0.12860103374567403
ZZ_d3_r2_c2,3,2,0,2,2,12,22,changed_q065,0.65,512,local_pauli_shadow,0.72967688,0.73553466796875,0.005857787968750028,0.12905161793698877,0.12860103374567403
ZZ_d3_r2_c3,3,2,0,2,3,13,23,changed_q065,0.65,512,local_pauli_shadow,0.72967688,0.7200851440429688,-0.009591735957031222,0.12230357842107684,0.12860103374567403
ZZ_d3_r2_c4,3,2,0,2,4,14,24,changed_q065,0.65,512,local_pauli_shadow,0.72967688,0.7351226806640625,0.005445800664062528,0.1311857063104355,0.12860103374567403
ZZ_d3_r3_c0,3,2,0,3,0,15,0,changed_q065,0.65,512,local_pauli_shadow,0.72967688,0.7178192138671875,-0.011857666132812472,0.13457960756118745,0.12860103374567403
ZZ_d3_r3_c1,3,2,0,3,1,16,1,changed_q065,0.65,512,local_pauli_shadow,0.72967688,0.7178192138671875,-0.011857666132812472,0.13285555705977523,0.12860103374567403
ZZ_d3_r3_c2,3,2,0,3,2,17,2,changed_q065,0.65,512,local_pauli_shadow,0.72967688,0.7163772583007812,-0.013299621699218722,0.1338080731134241,0.12860103374567403
ZZ_d3_r3_c3,3,2,0,3,3,18,3,changed_q065,0.65,512,local_pauli_shadow,0.72967688,0.7242050170898438,-0.005471862910156222,0.12340755297837186,0.12860103374567403
ZZ_d3_r3_c4,3,2,0,3,4,19,4,changed_q065,0.65,512,local_pauli_shadow,0.72967688,0.7276382446289062,-0.002038635371093722,0.12248940792904757,0.12860103374567403
ZZ_d3_r4_c0,3,2,0,4,0,20,5,changed_q065,0.65,512,local_pauli_shadow,0.72967688,0.7231063842773438,-0.006570495722656222,0.13904535139074856,0.12860103374567403
ZZ_d3_r4_c1,3,2,0,4,1,21,6,changed_q065,0.65,512,local_pauli_shadow,0.72967688,0.7276382446289062,-0.002038635371093722,0.1270078245769448,0.12860103374567403
ZZ_d3_r4_c2,3,2,0,4,2,22,7,changed_q065,0.65,512,local_pauli_shadow,0.72967688,0.7413711547851562,0.011694274785156278,0.12190563974372379,0.12860103374567403
ZZ_d3_r4_c3,3,2,0,4,3,23,8,changed_q065,0.65,512,local_pauli_shadow,0.72967688,0.7430191040039062,0.013342224003906293,0.12242678482919814,0.12860103374567403
ZZ_d3_r4_c4,3,2,0,4,4,24,9,changed_q065,0.65,512,local_pauli_shadow,0.72967688,0.7337493896484375,0.004072509648437528,0.12669444549322606,0.12860103374567403
ZZ_d0_r0_c0,0,0,1,0,0,0,1,changed_q065,0.65,1024,native_all_z,0.7158927199999999,0.7153091430664062,-0.0005835769335936769,0.021609313972757598,0.021819071660722503
ZZ_d0_r0_c1,0,0,1,0,1,1,2,changed_q065,0.65,1024,native_all_z,0.7158927199999999,0.7161483764648438,0.0002556564648438231,0.02057497329530679,0.021819071660722503
ZZ_d0_r0_c2,0,0,1,0,2,2,3,changed_q065,0.65,1024,native_all_z,0.7158927199999999,0.71673583984375,0.0008431198437500731,0.02119368946339135,0.021819071660722503
ZZ_d0_r0_c3,0,0,1,0,3,3,4,changed_q065,0.65,1024,native_all_z,0.7158927199999999,0.7147979736328125,-0.001094746367187427,0.02115598163299396,0.021819071660722503
ZZ_d0_r0_c4,0,0,1,0,4,4,0,changed_q065,0.65,1024,native_all_z,0.7158927199999999,0.71453857421875,-0.001354145781249927,0.020586429223980456,0.021819071660722503
ZZ_d0_r1_c0,0,0,1,1,0,5,6,changed_q065,0.65,1024,native_all_z,0.7158927199999999,0.7167739868164062,0.0008812668164063231,0.020406229355585104,0.021819071660722503
ZZ_d0_r1_c1,0,0,1,1,1,6,7,changed_q065,0.65,1024,native_all_z,0.7158927199999999,0.717315673828125,0.001422953828125073,0.022226794788562366,0.021819071660722503
ZZ_d0_r1_c2,0,0,1,1,2,7,8,changed_q065,0.65,1024,native_all_z,0.7158927199999999,0.7190322875976562,0.003139567597656323,0.022417486432064843,0.021819071660722503
ZZ_d0_r1_c3,0,0,1,1,3,8,9,changed_q065,0.65,1024,native_all_z,0.7158927199999999,0.7178421020507812,0.001949382050781323,0.01894439354555231,0.021819071660722503
ZZ_d0_r1_c4,0,0,1,1,4,9,5,changed_q065,0.65,1024,native_all_z,0.7158927199999999,0.7157516479492188,-0.0001410720507811769,0.01973806334864013,0.021819071660722503
ZZ_d0_r2_c0,0,0,1,2,0,10,11,changed_q065,0.65,1024,native_all_z,0.7158927199999999,0.7162322998046875,0.0003395798046875731,0.02146714924320963,0.021819071660722503
ZZ_d0_r2_c1,0,0,1,2,1,11,12,changed_q065,0.65,1024,native_all_z,0.7158927199999999,0.7160263061523438,0.0001335861523438231,0.020744178632898732,0.021819071660722503
ZZ_d0_r2_c2,0,0,1,2,2,12,13,changed_q065,0.65,1024,native_all_z,0.7158927199999999,0.7171554565429688,0.001262736542968823,0.02259698430513618,0.021819071660722503
ZZ_d0_r2_c3,0,0,1,2,3,13,14,changed_q065,0.65,1024,native_all_z,0.7158927199999999,0.7163619995117188,0.0004692795117188231,0.02176862722757162,0.021819071660722503
ZZ_d0_r2_c4,0,0,1,2,4,14,10,changed_q065,0.65,1024,native_all_z,0.7158927199999999,0.7177047729492188,0.001812052949218823,0.021065544046152126,0.021819071660722503
ZZ_d0_r3_c0,0,0,1,3,0,15,16,changed_q065,0.65,1024,native_all_z,0.7158927199999999,0.7163162231445312,0.0004235031445313231,0.020715850804967104,0.021819071660722503
ZZ_d0_r3_c1,0,0,1,3,1,16,17,changed_q065,0.65,1024,native_all_z,0.7158927199999999,0.7160797119140625,0.0001869919140625731,0.021040698165971348,0.021819071660722503
ZZ_d0_r3_c2,0,0,1,3,2,17,18,changed_q065,0.65,1024,native_all_z,0.7158927199999999,0.7148361206054688,-0.001056599394531177,0.021772333289797077,0.021819071660722503
ZZ_d0_r3_c3,0,0,1,3,3,18,19,changed_q065,0.65,1024,native_all_z,0.7158927199999999,0.7149276733398438,-0.0009650466601561769,0.02336587351067093,0.021819071660722503
ZZ_d0_r3_c4,0,0,1,3,4,19,15,changed_q065,0.65,1024,native_all_z,0.7158927199999999,0.7159957885742188,0.0001030685742188231,0.021872277260679578,0.021819071660722503
ZZ_d0_r4_c0,0,0,1,4,0,20,21,changed_q065,0.65,1024,native_all_z,0.7158927199999999,0.7145767211914062,-0.001315998808593677,0.021158147465519167,0.021819071660722503
ZZ_d0_r4_c1,0,0,1,4,1,21,22,changed_q065,0.65,1024,native_all_z,0.7158927199999999,0.7152938842773438,-0.0005988357226561769,0.021202129644871833,0.021819071660722503
ZZ_d0_r4_c2,0,0,1,4,2,22,23,changed_q065,0.65,1024,native_all_z,0.7158927199999999,0.7161178588867188,0.0002251388867188231,0.023657547853261737,0.021819071660722503
ZZ_d0_r4_c3,0,0,1,4,3,23,24,changed_q065,0.65,1024,native_all_z,0.7158927199999999,0.7152252197265625,-0.0006675002734374269,0.021076186311272657,0.021819071660722503
ZZ_d0_r4_c4,0,0,1,4,4,24,20,changed_q065,0.65,1024,native_all_z,0.7158927199999999,0.7163925170898438,0.0004997970898438231,0.020228634961079243,0.021819071660722503
ZZ_d1_r0_c0,1,1,0,0,0,0,5,changed_q065,0.65,1024,native_all_z,0.7158927199999999,0.71624755859375,0.0003548385937500731,0.023266550231993196,0.021819071660722503
ZZ_d1_r0_c1,1,1,0,0,1,1,6,changed_q065,0.65,1024,native_all_z,0.7158927199999999,0.716339111328125,0.0004463913281250731,0.01999693175056194,0.021819071660722503
ZZ_d1_r0_c2,1,1,0,0,2,2,7,changed_q065,0.65,1024,native_all_z,0.7158927199999999,0.7162246704101562,0.0003319504101563231,0.02306916472864043,0.021819071660722503
ZZ_d1_r0_c3,1,1,0,0,3,3,8,changed_q065,0.65,1024,native_all_z,0.7158927199999999,0.717437744140625,0.001545024140625073,0.021385880211571676,0.021819071660722503
ZZ_d1_r0_c4,1,1,0,0,4,4,9,changed_q065,0.65,1024,native_all_z,0.7158927199999999,0.7139663696289062,-0.001926350371093677,0.02182785442258421,0.021819071660722503
ZZ_d1_r1_c0,1,1,0,1,0,5,10,changed_q065,0.65,1024,native_all_z,0.7158927199999999,0.7174606323242188,0.001567912324218823,0.022771401488123743,0.021819071660722503
ZZ_d1_r1_c1,1,1,0,1,1,6,11,changed_q065,0.65,1024,native_all_z,0.7158927199999999,0.716552734375,0.0006600143750000731,0.02297233355540311,0.021819071660722503
ZZ_d1_r1_c2,1,1,0,1,2,7,12,changed_q065,0.65,1024,native_all_z,0.7158927199999999,0.7184066772460938,0.002513957246093823,0.022191703489382437,0.021819071660722503
ZZ_d1_r1_c3,1,1,0,1,3,8,13,changed_q065,0.65,1024,native_all_z,0.7158927199999999,0.7186660766601562,0.002773356660156323,0.022187499345861,0.021819071660722503
ZZ_d1_r1_c4,1,1,0,1,4,9,14,changed_q065,0.65,1024,native_all_z,0.7158927199999999,0.7158737182617188,-1.9001738281176905e-05,0.021732572652377543,0.021819071660722503
ZZ_d1_r2_c0,1,1,0,2,0,10,15,changed_q065,0.65,1024,native_all_z,0.7158927199999999,0.7171401977539062,0.001247477753906323,0.021802975989608984,0.021819071660722503
ZZ_d1_r2_c1,1,1,0,2,1,11,16,changed_q065,0.65,1024,native_all_z,0.7158927199999999,0.71417236328125,-0.001720356718749927,0.021544759066218912,0.021819071660722503
ZZ_d1_r2_c2,1,1,0,2,2,12,17,changed_q065,0.65,1024,native_all_z,0.7158927199999999,0.7153549194335938,-0.0005378005664061769,0.02337028870542887,0.021819071660722503
ZZ_d1_r2_c3,1,1,0,2,3,13,18,changed_q065,0.65,1024,native_all_z,0.7158927199999999,0.7156906127929688,-0.0002021072070311769,0.022420967798522595,0.021819071660722503
ZZ_d1_r2_c4,1,1,0,2,4,14,19,changed_q065,0.65,1024,native_all_z,0.7158927199999999,0.7155075073242188,-0.0003852126757811769,0.022427539640859688,0.021819071660722503
ZZ_d1_r3_c0,1,1,0,3,0,15,20,changed_q065,0.65,1024,native_all_z,0.7158927199999999,0.7165908813476562,0.0006981613476563231,0.020618273175657075,0.021819071660722503
ZZ_d1_r3_c1,1,1,0,3,1,16,21,changed_q065,0.65,1024,native_all_z,0.7158927199999999,0.7137832641601562,-0.002109455839843677,0.022047178797316085,0.021819071660722503
ZZ_d1_r3_c2,1,1,0,3,2,17,22,changed_q065,0.65,1024,native_all_z,0.7158927199999999,0.716033935546875,0.0001412155468750731,0.023169664272847505,0.021819071660722503
ZZ_d1_r3_c3,1,1,0,3,3,18,23,changed_q065,0.65,1024,native_all_z,0.7158927199999999,0.7169036865234375,0.001010966523437573,0.022288388850010752,0.021819071660722503
ZZ_d1_r3_c4,1,1,0,3,4,19,24,changed_q065,0.65,1024,native_all_z,0.7158927199999999,0.7151412963867188,-0.0007514236132811769,0.02329047525010558,0.021819071660722503
ZZ_d1_r4_c0,1,1,0,4,0,20,0,changed_q065,0.65,1024,native_all_z,0.7158927199999999,0.7149734497070312,-0.0009192702929686769,0.022772111925286317,0.021819071660722503
ZZ_d1_r4_c1,1,1,0,4,1,21,1,changed_q065,0.65,1024,native_all_z,0.7158927199999999,0.7123489379882812,-0.003543782011718677,0.020172313212593416,0.021819071660722503
ZZ_d1_r4_c2,1,1,0,4,2,22,2,changed_q065,0.65,1024,native_all_z,0.7158927199999999,0.7166061401367188,0.0007134201367188231,0.02153657808998677,0.021819071660722503
ZZ_d1_r4_c3,1,1,0,4,3,23,3,changed_q065,0.65,1024,native_all_z,0.7158927199999999,0.7176971435546875,0.001804423554687573,0.021622684941434194,0.021819071660722503
ZZ_d1_r4_c4,1,1,0,4,4,24,4,changed_q065,0.65,1024,native_all_z,0.7158927199999999,0.715789794921875,-0.0001029250781249269,0.021283913233757112,0.021819071660722503
ZZ_d2_r0_c0,2,0,2,0,0,0,2,changed_q065,0.65,1024,native_all_z,0.72967688,0.73004150390625,0.00036462390625002783,0.02189747887106616,0.02136850346252619
ZZ_d2_r0_c1,2,0,2,0,1,1,3,changed_q065,0.65,1024,native_all_z,0.72967688,0.7287673950195312,-0.0009094849804687222,0.02092224478387884,0.02136850346252619
ZZ_d2_r0_c2,2,0,2,0,2,2,4,changed_q065,0.65,1024,native_all_z,0.72967688,0.7285614013671875,-0.0011154786328124722,0.020654557476354772,0.02136850346252619
ZZ_d2_r0_c3,2,0,2,0,3,3,0,changed_q065,0.65,1024,native_all_z,0.72967688,0.7311553955078125,0.0014785155078125278,0.020087544311944917,0.02136850346252619
ZZ_d2_r0_c4,2,0,2,0,4,4,1,changed_q065,0.65,1024,native_all_z,0.72967688,0.7284164428710938,-0.0012604371289062222,0.0199967997992575,0.02136850346252619
ZZ_d2_r1_c0,2,0,2,1,0,5,7,changed_q065,0.65,1024,native_all_z,0.72967688,0.7298049926757812,0.00012811267578127783,0.021169447193789378,0.02136850346252619
ZZ_d2_r1_c1,2,0,2,1,1,6,8,changed_q065,0.65,1024,native_all_z,0.72967688,0.7323226928710938,0.002645812871093778,0.021506601021808795,0.02136850346252619
ZZ_d2_r1_c2,2,0,2,1,2,7,9,changed_q065,0.65,1024,native_all_z,0.72967688,0.7300567626953125,0.00037988269531252783,0.023255049380564222,0.02136850346252619
ZZ_d2_r1_c3,2,0,2,1,3,8,5,changed_q065,0.65,1024,native_all_z,0.72967688,0.732147216796875,0.002470336796875028,0.0213886116026791,0.02136850346252619
ZZ_d2_r1_c4,2,0,2,1,4,9,6,changed_q065,0.65,1024,native_all_z,0.72967688,0.728973388671875,-0.0007034913281249722,0.020074220596874914,0.02136850346252619
ZZ_d2_r2_c0,2,0,2,2,0,10,12,changed_q065,0.65,1024,native_all_z,0.72967688,0.7305221557617188,0.0008452757617187778,0.020722763996295353,0.02136850346252619
ZZ_d2_r2_c1,2,0,2,2,1,11,13,changed_q065,0.65,1024,native_all_z,0.72967688,0.727783203125,-0.0018936768749999722,0.022506883548017987,0.02136850346252619
ZZ_d2_r2_c2,2,0,2,2,2,12,14,changed_q065,0.65,1024,native_all_z,0.72967688,0.7314910888671875,0.0018142088671875278,0.021765084820137018,0.02136850346252619
ZZ_d2_r2_c3,2,0,2,2,3,13,10,changed_q065,0.65,1024,native_all_z,0.72967688,0.731292724609375,0.0016158446093750278,0.021711245977505015,0.02136850346252619
ZZ_d2_r2_c4,2,0,2,2,4,14,11,changed_q065,0.65,1024,native_all_z,0.72967688,0.7294845581054688,-0.00019232189453122217,0.02128735397098414,0.02136850346252619
ZZ_d2_r3_c0,2,0,2,3,0,15,17,changed_q065,0.65,1024,native_all_z,0.72967688,0.7296218872070312,-5.499279296872217e-05,0.021524936895488754,0.02136850346252619
ZZ_d2_r3_c1,2,0,2,3,1,16,18,changed_q065,0.65,1024,native_all_z,0.72967688,0.7278671264648438,-0.0018097535351562222,0.02201011781276675,0.02136850346252619
ZZ_d2_r3_c2,2,0,2,3,2,17,19,changed_q065,0.65,1024,native_all_z,0.72967688,0.7295074462890625,-0.00016943371093747217,0.02179763974508242,0.02136850346252619
ZZ_d2_r3_c3,2,0,2,3,3,18,15,changed_q065,0.65,1024,native_all_z,0.72967688,0.7300567626953125,0.00037988269531252783,0.01979282464509844,0.02136850346252619
ZZ_d2_r3_c4,2,0,2,3,4,19,16,changed_q065,0.65,1024,native_all_z,0.72967688,0.730133056640625,0.00045617664062502783,0.020268966777888302,0.02136850346252619
ZZ_d2_r4_c0,2,0,2,4,0,20,22,changed_q065,0.65,1024,native_all_z,0.72967688,0.72967529296875,-1.5870312499721706e-06,0.022011870311436952,0.02136850346252619
ZZ_d2_r4_c1,2,0,2,4,1,21,23,changed_q065,0.65,1024,native_all_z,0.72967688,0.7294158935546875,-0.00026098644531247217,0.021880973416923095,0.02136850346252619
ZZ_d2_r4_c2,2,0,2,4,2,22,24,changed_q065,0.65,1024,native_all_z,0.72967688,0.7311019897460938,0.0014251097460937778,0.022259140332404646,0.02136850346252619
ZZ_d2_r4_c3,2,0,2,4,3,23,20,changed_q065,0.65,1024,native_all_z,0.72967688,0.7293624877929688,-0.00031439220703122217,0.020197197882910585,0.02136850346252619
ZZ_d2_r4_c4,2,0,2,4,4,24,21,changed_q065,0.65,1024,native_all_z,0.72967688,0.730804443359375,0.0011275633593750278,0.021782543314756733,0.02136850346252619
ZZ_d3_r0_c0,3,2,0,0,0,0,10,changed_q065,0.65,1024,native_all_z,0.72967688,0.7295608520507812,-0.00011602794921872217,0.02220558874627926,0.02136850346252619
ZZ_d3_r0_c1,3,2,0,0,1,1,11,changed_q065,0.65,1024,native_all_z,0.72967688,0.7292022705078125,-0.00047460949218747217,0.022172981376566973,0.02136850346252619
ZZ_d3_r0_c2,3,2,0,0,2,2,12,changed_q065,0.65,1024,native_all_z,0.72967688,0.7307281494140625,0.0010512694140625278,0.021645944438178327,0.02136850346252619
ZZ_d3_r0_c3,3,2,0,0,3,3,13,changed_q065,0.65,1024,native_all_z,0.72967688,0.7277908325195312,-0.0018860474804687222,0.021487310061212007,0.02136850346252619
ZZ_d3_r0_c4,3,2,0,0,4,4,14,changed_q065,0.65,1024,native_all_z,0.72967688,0.7292938232421875,-0.00038305675781247217,0.022422826668691543,0.02136850346252619
ZZ_d3_r1_c0,3,2,0,1,0,5,15,changed_q065,0.65,1024,native_all_z,0.72967688,0.7310943603515625,0.0014174803515625278,0.02162422195338105,0.02136850346252619
ZZ_d3_r1_c1,3,2,0,1,1,6,16,changed_q065,0.65,1024,native_all_z,0.72967688,0.729461669921875,-0.00021521007812497217,0.021638162270476134,0.02136850346252619
ZZ_d3_r1_c2,3,2,0,1,2,7,17,changed_q065,0.65,1024,native_all_z,0.72967688,0.7310638427734375,0.0013869627734375278,0.022030674743306472,0.02136850346252619
ZZ_d3_r1_c3,3,2,0,1,3,8,18,changed_q065,0.65,1024,native_all_z,0.72967688,0.732421875,0.002744995000000028,0.02143287211901086,0.02136850346252619
ZZ_d3_r1_c4,3,2,0,1,4,9,19,changed_q065,0.65,1024,native_all_z,0.72967688,0.72784423828125,-0.0018326417187499722,0.024008204956839432,0.02136850346252619
ZZ_d3_r2_c0,3,2,0,2,0,10,20,changed_q065,0.65,1024,native_all_z,0.72967688,0.73052978515625,0.0008529051562500278,0.02152268484761839,0.02136850346252619
ZZ_d3_r2_c1,3,2,0,2,1,11,21,changed_q065,0.65,1024,native_all_z,0.72967688,0.7278823852539062,-0.0017944947460937222,0.02222960204012801,0.02136850346252619
ZZ_d3_r2_c2,3,2,0,2,2,12,22,changed_q065,0.65,1024,native_all_z,0.72967688,0.7297134399414062,3.655994140627783e-05,0.020613915233041534,0.02136850346252619
ZZ_d3_r2_c3,3,2,0,2,3,13,23,changed_q065,0.65,1024,native_all_z,0.72967688,0.7285385131835938,-0.0011383668164062222,0.021901308932249626,0.02136850346252619
ZZ_d3_r2_c4,3,2,0,2,4,14,24,changed_q065,0.65,1024,native_all_z,0.72967688,0.729461669921875,-0.00021521007812497217,0.02198724751267355,0.02136850346252619
ZZ_d3_r3_c0,3,2,0,3,0,15,0,changed_q065,0.65,1024,native_all_z,0.72967688,0.730316162109375,0.0006392821093750278,0.022094343372691803,0.02136850346252619
ZZ_d3_r3_c1,3,2,0,3,1,16,1,changed_q065,0.65,1024,native_all_z,0.72967688,0.727752685546875,-0.0019241944531249722,0.02055984787348059,0.02136850346252619
ZZ_d3_r3_c2,3,2,0,3,2,17,2,changed_q065,0.65,1024,native_all_z,0.72967688,0.7282028198242188,-0.0014740601757812222,0.021965280377274556,0.02136850346252619
ZZ_d3_r3_c3,3,2,0,3,3,18,3,changed_q065,0.65,1024,native_all_z,0.72967688,0.7296905517578125,1.367175781252783e-05,0.022041508578697154,0.02136850346252619
ZZ_d3_r3_c4,3,2,0,3,4,19,4,changed_q065,0.65,1024,native_all_z,0.72967688,0.7271652221679688,-0.002511657832031222,0.02000388388380321,0.02136850346252619
ZZ_d3_r4_c0,3,2,0,4,0,20,5,changed_q065,0.65,1024,native_all_z,0.72967688,0.7308883666992188,0.0012114866992187778,0.022372421087705256,0.02136850346252619
ZZ_d3_r4_c1,3,2,0,4,1,21,6,changed_q065,0.65,1024,native_all_z,0.72967688,0.7290420532226562,-0.0006348267773437222,0.02138477039745957,0.02136850346252619
ZZ_d3_r4_c2,3,2,0,4,2,22,7,changed_q065,0.65,1024,native_all_z,0.72967688,0.7316131591796875,0.0019362791796875278,0.02260698433851658,0.02136850346252619
ZZ_d3_r4_c3,3,2,0,4,3,23,8,changed_q065,0.65,1024,native_all_z,0.72967688,0.733062744140625,0.003385864140625028,0.022488048152615004,0.02136850346252619
ZZ_d3_r4_c4,3,2,0,4,4,24,9,changed_q065,0.65,1024,native_all_z,0.72967688,0.7302169799804688,0.0005400999804687778,0.02014504967433703,0.02136850346252619
ZZ_d0_r0_c0,0,0,1,0,0,0,1,changed_q065,0.65,1024,local_pauli_shadow,0.7158927199999999,0.7146263122558594,-0.0012664077441405237,0.08889754944800057,0.09104159427501116
ZZ_d0_r0_c1,0,0,1,0,1,1,2,changed_q065,0.65,1024,local_pauli_shadow,0.7158927199999999,0.7117424011230469,-0.00415031887695304,0.09004096341504297,0.09104159427501116
ZZ_d0_r0_c2,0,0,1,0,2,2,3,changed_q065,0.65,1024,local_pauli_shadow,0.7158927199999999,0.7147636413574219,-0.0011290786425780497,0.09080237516756669,0.09104159427501116
ZZ_d0_r0_c3,0,0,1,0,3,3,4,changed_q065,0.65,1024,local_pauli_shadow,0.7158927199999999,0.7019920349121094,-0.013900685087890519,0.08334618123128969,0.09104159427501116
ZZ_d0_r0_c4,0,0,1,0,4,4,0,changed_q065,0.65,1024,local_pauli_shadow,0.7158927199999999,0.7111587524414062,-0.004733967558593663,0.08599982642412714,0.09104159427501116
ZZ_d0_r1_c0,0,0,1,1,0,5,6,changed_q065,0.65,1024,local_pauli_shadow,0.7158927199999999,0.7277755737304688,0.011882853730468912,0.09306039430008903,0.09104159427501116
ZZ_d0_r1_c1,0,0,1,1,1,6,7,changed_q065,0.65,1024,local_pauli_shadow,0.7158927199999999,0.7128753662109375,-0.003017353789062427,0.08411738237772427,0.09104159427501116
ZZ_d0_r1_c2,0,0,1,1,2,7,8,changed_q065,0.65,1024,local_pauli_shadow,0.7158927199999999,0.7124977111816406,-0.0033950088183592768,0.07939488147981008,0.09104159427501116
ZZ_d0_r1_c3,0,0,1,1,3,8,9,changed_q065,0.65,1024,local_pauli_shadow,0.7158927199999999,0.7192611694335938,0.003368449433593867,0.09825965713283606,0.09104159427501116
ZZ_d0_r1_c4,0,0,1,1,4,9,5,changed_q065,0.65,1024,local_pauli_shadow,0.7158927199999999,0.722900390625,0.007007670625000129,0.09390698997707463,0.09104159427501116
ZZ_d0_r2_c0,0,0,1,2,0,10,11,changed_q065,0.65,1024,local_pauli_shadow,0.7158927199999999,0.7191581726074219,0.0032654526074219706,0.09152084106603495,0.09104159427501116
ZZ_d0_r2_c1,0,0,1,2,1,11,12,changed_q065,0.65,1024,local_pauli_shadow,0.7158927199999999,0.7118453979492188,-0.004047322050781177,0.086496441208075,0.09104159427501116
ZZ_d0_r2_c2,0,0,1,2,2,12,13,changed_q065,0.65,1024,local_pauli_shadow,0.7158927199999999,0.7137680053710938,-0.0021247146289061544,0.09116926502667601,0.09104159427501116
ZZ_d0_r2_c3,0,0,1,2,3,13,14,changed_q065,0.65,1024,local_pauli_shadow,0.7158927199999999,0.7126007080078125,-0.003292011992187403,0.09534770918327425,0.09104159427501116
ZZ_d0_r2_c4,0,0,1,2,4,14,10,changed_q065,0.65,1024,local_pauli_shadow,0.7158927199999999,0.7215957641601562,0.005703044160156353,0.08947139568931299,0.09104159427501116
ZZ_d0_r3_c0,0,0,1,3,0,15,16,changed_q065,0.65,1024,local_pauli_shadow,0.7158927199999999,0.7127037048339844,-0.003189015166015552,0.09545569764458721,0.09104159427501116
ZZ_d0_r3_c1,0,0,1,3,1,16,17,changed_q065,0.65,1024,local_pauli_shadow,0.7158927199999999,0.7186088562011719,0.0027161362011719594,0.09487588669038419,0.09104159427501116
ZZ_d0_r3_c2,0,0,1,3,2,17,18,changed_q065,0.65,1024,local_pauli_shadow,0.7158927199999999,0.7114334106445312,-0.004459309355468675,0.08929245069073413,0.09104159427501116
ZZ_d0_r3_c3,0,0,1,3,3,18,19,changed_q065,0.65,1024,local_pauli_shadow,0.7158927199999999,0.7115020751953125,-0.004390644804687427,0.09588887759958253,0.09104159427501116
ZZ_d0_r3_c4,0,0,1,3,4,19,15,changed_q065,0.65,1024,local_pauli_shadow,0.7158927199999999,0.7136650085449219,-0.002227711455078052,0.0884267812544217,0.09104159427501116
ZZ_d0_r4_c0,0,0,1,4,0,20,21,changed_q065,0.65,1024,local_pauli_shadow,0.7158927199999999,0.7032279968261719,-0.012664723173828003,0.09266451242558804,0.09104159427501116
ZZ_d0_r4_c1,0,0,1,4,1,21,22,changed_q065,0.65,1024,local_pauli_shadow,0.7158927199999999,0.7278785705566406,0.01198585055664076,0.08740945416102203,0.09104159427501116
ZZ_d0_r4_c2,0,0,1,4,2,22,23,changed_q065,0.65,1024,local_pauli_shadow,0.7158927199999999,0.71685791015625,0.0009651901562500753,0.0882436881782825,0.09104159427501116
ZZ_d0_r4_c3,0,0,1,4,3,23,24,changed_q065,0.65,1024,local_pauli_shadow,0.7158927199999999,0.7180252075195312,0.0021324875195313617,0.09124161197174156,0.09104159427501116
ZZ_d0_r4_c4,0,0,1,4,4,24,20,changed_q065,0.65,1024,local_pauli_shadow,0.7158927199999999,0.7063522338867188,-0.009540486113281078,0.08711321579663331,0.09104159427501116
ZZ_d1_r0_c0,1,1,0,0,0,0,5,changed_q065,0.65,1024,local_pauli_shadow,0.7158927199999999,0.7241706848144531,0.008277964814453264,0.0962860068118788,0.09104159427501116
ZZ_d1_r0_c1,1,1,0,0,1,1,6,changed_q065,0.65,1024,local_pauli_shadow,0.7158927199999999,0.7143516540527344,-0.001541065947265552,0.09385304945040676,0.09104159427501116
ZZ_d1_r0_c2,1,1,0,0,2,2,7,changed_q065,0.65,1024,local_pauli_shadow,0.7158927199999999,0.7259902954101562,0.010097575410156387,0.0979529273553397,0.09104159427501116
ZZ_d1_r0_c3,1,1,0,0,3,3,8,changed_q065,0.65,1024,local_pauli_shadow,0.7158927199999999,0.7118453979492188,-0.004047322050781151,0.08903717563811891,0.09104159427501116
ZZ_d1_r0_c4,1,1,0,0,4,4,9,changed_q065,0.65,1024,local_pauli_shadow,0.7158927199999999,0.7018547058105469,-0.014038014189452974,0.09137946044186365,0.09104159427501116
ZZ_d1_r1_c0,1,1,0,1,0,5,10,changed_q065,0.65,1024,local_pauli_shadow,0.7158927199999999,0.72509765625,0.00920493625000016,0.09504729498928954,0.09104159427501116
ZZ_d1_r1_c1,1,1,0,1,1,6,11,changed_q065,0.65,1024,local_pauli_shadow,0.7158927199999999,0.7087898254394531,-0.00710289456054675,0.0963762261549066,0.09104159427501116
ZZ_d1_r1_c2,1,1,0,1,2,7,12,changed_q065,0.65,1024,local_pauli_shadow,0.7158927199999999,0.7198104858398438,0.003917765839843828,0.0890608196652161,0.09104159427501116
ZZ_d1_r1_c3,1,1,0,1,3,8,13,changed_q065,0.65,1024,local_pauli_shadow,0.7158927199999999,0.7133903503417969,-0.002502369658203052,0.09075287126771227,0.09104159427501116
ZZ_d1_r1_c4,1,1,0,1,4,9,14,changed_q065,0.65,1024,local_pauli_shadow,0.7158927199999999,0.7277755737304688,0.011882853730468919,0.0898735715207821,0.09104159427501116
ZZ_d1_r2_c0,1,1,0,2,0,10,15,changed_q065,0.65,1024,local_pauli_shadow,0.7158927199999999,0.7196388244628906,0.0037461044628907445,0.09682588348336511,0.09104159427501116
ZZ_d1_r2_c1,1,1,0,2,1,11,16,changed_q065,0.65,1024,local_pauli_shadow,0.7158927199999999,0.7151412963867188,-0.0007514236132811457,0.09279928957652084,0.09104159427501116
ZZ_d1_r2_c2,1,1,0,2,2,12,17,changed_q065,0.65,1024,local_pauli_shadow,0.7158927199999999,0.7142143249511719,-0.0016783950488280458,0.08672730252671089,0.09104159427501116
ZZ_d1_r2_c3,1,1,0,2,3,13,18,changed_q065,0.65,1024,local_pauli_shadow,0.7158927199999999,0.7115364074707031,-0.004356312529296788,0.08907300438891155,0.09104159427501116
ZZ_d1_r2_c4,1,1,0,2,4,14,19,changed_q065,0.65,1024,local_pauli_shadow,0.7158927199999999,0.7133216857910156,-0.002571034208984296,0.09719383504439605,0.09104159427501116
ZZ_d1_r3_c0,1,1,0,3,0,15,20,changed_q065,0.65,1024,local_pauli_shadow,0.7158927199999999,0.70477294921875,-0.011119770781249863,0.08635417443431817,0.09104159427501116
ZZ_d1_r3_c1,1,1,0,3,1,16,21,changed_q065,0.65,1024,local_pauli_shadow,0.7158927199999999,0.7158966064453125,3.886445312581768e-06,0.09596769472706554,0.09104159427501116
ZZ_d1_r3_c2,1,1,0,3,2,17,22,changed_q065,0.65,1024,local_pauli_shadow,0.7158927199999999,0.72344970703125,0.00755698703125012,0.09038927123074321,0.09104159427501116
ZZ_d1_r3_c3,1,1,0,3,3,18,23,changed_q065,0.65,1024,local_pauli_shadow,0.7158927199999999,0.7159652709960938,7.255099609382266e-05,0.08844101072233845,0.09104159427501116
ZZ_d1_r3_c4,1,1,0,3,4,19,24,changed_q065,0.65,1024,local_pauli_shadow,0.7158927199999999,0.7203941345214844,0.004501414521484505,0.09345135421380218,0.09104159427501116
ZZ_d1_r4_c0,1,1,0,4,0,20,0,changed_q065,0.65,1024,local_pauli_shadow,0.7158927199999999,0.7181282043457031,0.0022354843457032003,0.09156890098915282,0.09104159427501116
ZZ_d1_r4_c1,1,1,0,4,1,21,1,changed_q065,0.65,1024,local_pauli_shadow,0.7158927199999999,0.7103004455566406,-0.005592274443359262,0.09252029785453277,0.09104159427501116
ZZ_d1_r4_c2,1,1,0,4,2,22,2,changed_q065,0.65,1024,local_pauli_shadow,0.7158927199999999,0.7276382446289062,0.011745524628906394,0.09491227818101076,0.09104159427501116
ZZ_d1_r4_c3,1,1,0,4,3,23,3,changed_q065,0.65,1024,local_pauli_shadow,0.7158927199999999,0.7164459228515625,0.0005532028515625731,0.08953512272676521,0.09104159427501116
ZZ_d1_r4_c4,1,1,0,4,4,24,4,changed_q065,0.65,1024,local_pauli_shadow,0.7158927199999999,0.71026611328125,-0.0056266067187498835,0.08382416722084253,0.09104159427501116
ZZ_d2_r0_c0,2,0,2,0,0,0,2,changed_q065,0.65,1024,local_pauli_shadow,0.72967688,0.7263679504394531,-0.003308929560546847,0.09324625783126127,0.09093466302916613
ZZ_d2_r0_c1,2,0,2,0,1,1,3,changed_q065,0.65,1024,local_pauli_shadow,0.72967688,0.72125244140625,-0.008424438593749972,0.09365836626734393,0.09093466302916613
ZZ_d2_r0_c2,2,0,2,0,2,2,4,changed_q065,0.65,1024,local_pauli_shadow,0.72967688,0.7230377197265625,-0.006639160273437472,0.08325001009228512,0.09093466302916613
ZZ_d2_r0_c3,2,0,2,0,3,3,0,changed_q065,0.65,1024,local_pauli_shadow,0.72967688,0.7272262573242188,-0.002450622675781222,0.08776502827294501,0.09093466302916613
ZZ_d2_r0_c4,2,0,2,0,4,4,1,changed_q065,0.65,1024,local_pauli_shadow,0.72967688,0.7165489196777344,-0.013127960322265597,0.09231614414572092,0.09093466302916613
ZZ_d2_r1_c0,2,0,2,1,0,5,7,changed_q065,0.65,1024,local_pauli_shadow,0.72967688,0.7356719970703125,0.005995117070312528,0.08796020278473936,0.09093466302916613
ZZ_d2_r1_c1,2,0,2,1,1,6,8,changed_q065,0.65,1024,local_pauli_shadow,0.72967688,0.7257156372070312,-0.003961242792968722,0.0979521203191351,0.09093466302916613
ZZ_d2_r1_c2,2,0,2,1,2,7,9,changed_q065,0.65,1024,local_pauli_shadow,0.72967688,0.7328224182128906,0.003145538212890653,0.09064392566844594,0.09093466302916613
ZZ_d2_r1_c3,2,0,2,1,3,8,5,changed_q065,0.65,1024,local_pauli_shadow,0.72967688,0.7405471801757812,0.010870300175781278,0.09373305063199348,0.09093466302916613
ZZ_d2_r1_c4,2,0,2,1,4,9,6,changed_q065,0.65,1024,local_pauli_shadow,0.72967688,0.7254066467285156,-0.004270233271484347,0.09245194924261661,0.09093466302916613
ZZ_d2_r2_c0,2,0,2,2,0,10,12,changed_q065,0.65,1024,local_pauli_shadow,0.72967688,0.7357749938964844,0.006098113896484403,0.0875490795700441,0.09093466302916613
ZZ_d2_r2_c1,2,0,2,2,1,11,13,changed_q065,0.65,1024,local_pauli_shadow,0.72967688,0.7269172668457031,-0.002759613154296847,0.08790481189244959,0.09093466302916613
ZZ_d2_r2_c2,2,0,2,2,2,12,14,changed_q065,0.65,1024,local_pauli_shadow,0.72967688,0.7323417663574219,0.002664886357421903,0.09459991648299848,0.09093466302916613
ZZ_d2_r2_c3,2,0,2,2,3,13,10,changed_q065,0.65,1024,local_pauli_shadow,0.72967688,0.7271919250488281,-0.002484954951171847,0.09118971489081784,0.09093466302916613
ZZ_d2_r2_c4,2,0,2,2,4,14,11,changed_q065,0.65,1024,local_pauli_shadow,0.72967688,0.7321701049804688,0.002493224980468778,0.09301929272088447,0.09093466302916613
ZZ_d2_r3_c0,2,0,2,3,0,15,17,changed_q065,0.65,1024,local_pauli_shadow,0.72967688,0.7263336181640625,-0.003343261835937472,0.0914046317529145,0.09093466302916613
ZZ_d2_r3_c1,2,0,2,3,1,16,18,changed_q065,0.65,1024,local_pauli_shadow,0.72967688,0.7347793579101562,0.005102477910156278,0.09258163907940652,0.09093466302916613
ZZ_d2_r3_c2,2,0,2,3,2,17,19,changed_q065,0.65,1024,local_pauli_shadow,0.72967688,0.7329254150390625,0.003248535039062528,0.09205584280600608,0.09093466302916613
ZZ_d2_r3_c3,2,0,2,3,3,18,15,changed_q065,0.65,1024,local_pauli_shadow,0.72967688,0.7317924499511719,0.002115569951171903,0.08762293574798678,0.09093466302916613
ZZ_d2_r3_c4,2,0,2,3,4,19,16,changed_q065,0.65,1024,local_pauli_shadow,0.72967688,0.7322731018066406,0.002596221806640653,0.08929004071212951,0.09093466302916613
ZZ_d2_r4_c0,2,0,2,4,0,20,22,changed_q065,0.65,1024,local_pauli_shadow,0.72967688,0.7252693176269531,-0.004407562373046847,0.08279982775104164,0.09093466302916613
ZZ_d2_r4_c1,2,0,2,4,1,21,23,changed_q065,0.65,1024,local_pauli_shadow,0.72967688,0.7346763610839844,0.004999481083984403,0.09503771841357507,0.09093466302916613
ZZ_d2_r4_c2,2,0,2,4,2,22,24,changed_q065,0.65,1024,local_pauli_shadow,0.72967688,0.7239990234375,-0.005677856562499972,0.0876238660829399,0.09093466302916613
ZZ_d2_r4_c3,2,0,2,4,3,23,20,changed_q065,0.65,1024,local_pauli_shadow,0.72967688,0.7257843017578125,-0.003892578242187472,0.0911809838573744,0.09093466302916613
ZZ_d2_r4_c4,2,0,2,4,4,24,21,changed_q065,0.65,1024,local_pauli_shadow,0.72967688,0.7177162170410156,-0.011960662958984347,0.09326015721114282,0.09093466302916613
ZZ_d3_r0_c0,3,2,0,0,0,0,10,changed_q065,0.65,1024,local_pauli_shadow,0.72967688,0.7351226806640625,0.005445800664062528,0.09290306390082499,0.09093466302916613
ZZ_d3_r0_c1,3,2,0,0,1,1,11,changed_q065,0.65,1024,local_pauli_shadow,0.72967688,0.7346420288085938,0.004965148808593778,0.09585816648539956,0.09093466302916613
ZZ_d3_r0_c2,3,2,0,0,2,2,12,changed_q065,0.65,1024,local_pauli_shadow,0.72967688,0.7392082214355469,0.009531341435546903,0.09198584794568777,0.09093466302916613
ZZ_d3_r0_c3,3,2,0,0,3,3,13,changed_q065,0.65,1024,local_pauli_shadow,0.72967688,0.7188148498535156,-0.010862030146484347,0.09013173096991066,0.09093466302916613
ZZ_d3_r0_c4,3,2,0,0,4,4,14,changed_q065,0.65,1024,local_pauli_shadow,0.72967688,0.7321357727050781,0.002458892705078153,0.09067527981976574,0.09093466302916613
ZZ_d3_r1_c0,3,2,0,1,0,5,15,changed_q065,0.65,1024,local_pauli_shadow,0.72967688,0.7333030700683594,0.003626190068359403,0.09662106759186585,0.09093466302916613
ZZ_d3_r1_c1,3,2,0,1,1,6,16,changed_q065,0.65,1024,local_pauli_shadow,0.72967688,0.7228660583496094,-0.006810821650390597,0.09009663975840175,0.09093466302916613
ZZ_d3_r1_c2,3,2,0,1,2,7,17,changed_q065,0.65,1024,local_pauli_shadow,0.72967688,0.726470947265625,-0.003205932734374972,0.09282929056019082,0.09093466302916613
ZZ_d3_r1_c3,3,2,0,1,3,8,18,changed_q065,0.65,1024,local_pauli_shadow,0.72967688,0.7177505493164062,-0.011926330683593722,0.08622428143739688,0.09093466302916613
ZZ_d3_r1_c4,3,2,0,1,4,9,19,changed_q065,0.65,1024,local_pauli_shadow,0.72967688,0.7251319885253906,-0.004544891474609347,0.09261228713172412,0.09093466302916613
ZZ_d3_r2_c0,3,2,0,2,0,10,20,changed_q065,0.65,1024,local_pauli_shadow,0.72967688,0.7290802001953125,-0.0005966798046874722,0.09254411176610174,0.09093466302916613
ZZ_d3_r2_c1,3,2,0,2,1,11,21,changed_q065,0.65,1024,local_pauli_shadow,0.72967688,0.73004150390625,0.00036462390625002783,0.09711168448810498,0.09093466302916613
ZZ_d3_r2_c2,3,2,0,2,2,12,22,changed_q065,0.65,1024,local_pauli_shadow,0.72967688,0.7375946044921875,0.007917724492187528,0.08476611530974885,0.09093466302916613
ZZ_d3_r2_c3,3,2,0,2,3,13,23,changed_q065,0.65,1024,local_pauli_shadow,0.72967688,0.7257499694824219,-0.003926910517578097,0.08813694705901146,0.09093466302916613
ZZ_d3_r2_c4,3,2,0,2,4,14,24,changed_q065,0.65,1024,local_pauli_shadow,0.72967688,0.7328224182128906,0.003145538212890653,0.09274998306593528,0.09093466302916613
ZZ_d3_r3_c0,3,2,0,3,0,15,0,changed_q065,0.65,1024,local_pauli_shadow,0.72967688,0.7246856689453125,-0.004991211054687472,0.0942201696195222,0.09093466302916613
ZZ_d3_r3_c1,3,2,0,3,1,16,1,changed_q065,0.65,1024,local_pauli_shadow,0.72967688,0.72344970703125,-0.006227172968749972,0.09124525811231043,0.09093466302916613
ZZ_d3_r3_c2,3,2,0,3,2,17,2,changed_q065,0.65,1024,local_pauli_shadow,0.72967688,0.7269172668457031,-0.002759613154296847,0.09333573595942311,0.09093466302916613
ZZ_d3_r3_c3,3,2,0,3,3,18,3,changed_q065,0.65,1024,local_pauli_shadow,0.72967688,0.7257499694824219,-0.003926910517578097,0.08976861092564446,0.09093466302916613
ZZ_d3_r3_c4,3,2,0,3,4,19,4,changed_q065,0.65,1024,local_pauli_shadow,0.72967688,0.7247886657714844,-0.004888214228515597,0.09173562744346575,0.09093466302916613
ZZ_d3_r4_c0,3,2,0,4,0,20,5,changed_q065,0.65,1024,local_pauli_shadow,0.72967688,0.7224884033203125,-0.007188476679687472,0.0939390268449232,0.09093466302916613
ZZ_d3_r4_c1,3,2,0,4,1,21,6,changed_q065,0.65,1024,local_pauli_shadow,0.72967688,0.7302818298339844,0.0006049498339844028,0.09071232639153164,0.09093466302916613
ZZ_d3_r4_c2,3,2,0,4,2,22,7,changed_q065,0.65,1024,local_pauli_shadow,0.72967688,0.7400321960449219,0.010355316044921903,0.08969886232790658,0.09093466302916613
ZZ_d3_r4_c3,3,2,0,4,3,23,8,changed_q065,0.65,1024,local_pauli_shadow,0.72967688,0.7389335632324219,0.009256683232421903,0.09293283496767597,0.09093466302916613
ZZ_d3_r4_c4,3,2,0,4,4,24,9,changed_q065,0.65,1024,local_pauli_shadow,0.72967688,0.7314491271972656,0.0017722471972656528,0.08821398515115168,0.09093466302916613
ZZ_d0_r0_c0,0,0,1,0,0,0,1,changed_q065,0.65,2048,native_all_z,0.7158927199999999,0.7162551879882812,0.0003624679882813231,0.014341638642626426,0.015428413530492107
ZZ_d0_r0_c1,0,0,1,0,1,1,2,changed_q065,0.65,2048,native_all_z,0.7158927199999999,0.7157020568847656,-0.0001906631152343019,0.014917447243741408,0.015428413530492107
ZZ_d0_r0_c2,0,0,1,0,2,2,3,changed_q065,0.65,2048,native_all_z,0.7158927199999999,0.7161407470703125,0.0002480270703125731,0.014364018256997336,0.015428413530492107
ZZ_d0_r0_c3,0,0,1,0,3,3,4,changed_q065,0.65,2048,native_all_z,0.7158927199999999,0.7157020568847656,-0.0001906631152343019,0.014432330814843693,0.015428413530492107
ZZ_d0_r0_c4,0,0,1,0,4,4,0,changed_q065,0.65,2048,native_all_z,0.7158927199999999,0.7158889770507812,-3.7429492186769053e-06,0.014665306313900676,0.015428413530492107
ZZ_d0_r1_c0,0,0,1,1,0,5,6,changed_q065,0.65,2048,native_all_z,0.7158927199999999,0.7170944213867188,0.001201701386718823,0.014098180211860305,0.015428413530492107
ZZ_d0_r1_c1,0,0,1,1,1,6,7,changed_q065,0.65,2048,native_all_z,0.7158927199999999,0.716522216796875,0.0006294967968750731,0.015349355483504502,0.015428413530492107
ZZ_d0_r1_c2,0,0,1,1,2,7,8,changed_q065,0.65,2048,native_all_z,0.7158927199999999,0.7181472778320312,0.002254557832031323,0.01589622535173152,0.015428413530492107
ZZ_d0_r1_c3,0,0,1,1,3,8,9,changed_q065,0.65,2048,native_all_z,0.7158927199999999,0.7178421020507812,0.001949382050781323,0.014522367727477021,0.015428413530492107
ZZ_d0_r1_c4,0,0,1,1,4,9,5,changed_q065,0.65,2048,native_all_z,0.7158927199999999,0.7168731689453125,0.000980448945312573,0.014827960698190736,0.015428413530492107
ZZ_d0_r2_c0,0,0,1,2,0,10,11,changed_q065,0.65,2048,native_all_z,0.7158927199999999,0.7152023315429688,-0.0006903884570311769,0.015001670431030994,0.015428413530492107
ZZ_d0_r2_c1,0,0,1,2,1,11,12,changed_q065,0.65,2048,native_all_z,0.7158927199999999,0.7148857116699219,-0.001007008330078052,0.015634145272028905,0.015428413530492107
ZZ_d0_r2_c2,0,0,1,2,2,12,13,changed_q065,0.65,2048,native_all_z,0.7158927199999999,0.7155990600585938,-0.0002936599414061769,0.014736926560009264,0.015428413530492107
ZZ_d0_r2_c3,0,0,1,2,3,13,14,changed_q065,0.65,2048,native_all_z,0.7158927199999999,0.7152252197265625,-0.0006675002734374269,0.01450693330030813,0.015428413530492107
ZZ_d0_r2_c4,0,0,1,2,4,14,10,changed_q065,0.65,2048,native_all_z,0.7158927199999999,0.7165641784667969,0.0006714584667969481,0.015453770193319474,0.015428413530492107
ZZ_d0_r3_c0,0,0,1,3,0,15,16,changed_q065,0.65,2048,native_all_z,0.7158927199999999,0.7161026000976562,0.0002098800976563231,0.015148826662036805,0.015428413530492107
ZZ_d0_r3_c1,0,0,1,3,1,16,17,changed_q065,0.65,2048,native_all_z,0.7158927199999999,0.7141571044921875,-0.001735615507812427,0.014899338241658738,0.015428413530492107
ZZ_d0_r3_c2,0,0,1,3,2,17,18,changed_q065,0.65,2048,native_all_z,0.7158927199999999,0.7137374877929688,-0.002155232207031177,0.014976685954239765,0.015428413530492107
ZZ_d0_r3_c3,0,0,1,3,3,18,19,changed_q065,0.65,2048,native_all_z,0.7158927199999999,0.7139511108398438,-0.001941609160156177,0.016064665278761117,0.015428413530492107
ZZ_d0_r3_c4,0,0,1,3,4,19,15,changed_q065,0.65,2048,native_all_z,0.7158927199999999,0.715057373046875,-0.0008353469531249269,0.014828536805444515,0.015428413530492107
ZZ_d0_r4_c0,0,0,1,4,0,20,21,changed_q065,0.65,2048,native_all_z,0.7158927199999999,0.7149848937988281,-0.0009078262011718019,0.015909335714715322,0.015428413530492107
ZZ_d0_r4_c1,0,0,1,4,1,21,22,changed_q065,0.65,2048,native_all_z,0.7158927199999999,0.7152214050292969,-0.0006713149707030519,0.015552075079933957,0.015428413530492107
ZZ_d0_r4_c2,0,0,1,4,2,22,23,changed_q065,0.65,2048,native_all_z,0.7158927199999999,0.7163467407226562,0.0004540207226563231,0.017247691017708407,0.015428413530492107
ZZ_d0_r4_c3,0,0,1,4,3,23,24,changed_q065,0.65,2048,native_all_z,0.7158927199999999,0.716156005859375,0.0002632858593750731,0.01566242953853319,0.015428413530492107
ZZ_d0_r4_c4,0,0,1,4,4,24,20,changed_q065,0.65,2048,native_all_z,0.7158927199999999,0.7156829833984375,-0.0002097366015624269,0.014840048507399926,0.015428413530492107
ZZ_d1_r0_c0,1,1,0,0,0,0,5,changed_q065,0.65,2048,native_all_z,0.7158927199999999,0.7171211242675781,0.001228404267578198,0.015379871189502755,0.015428413530492107
ZZ_d1_r0_c1,1,1,0,0,1,1,6,changed_q065,0.65,2048,native_all_z,0.7158927199999999,0.7154502868652344,-0.0004424331347655519,0.014816690117642283,0.015428413530492107
ZZ_d1_r0_c2,1,1,0,0,2,2,7,changed_q065,0.65,2048,native_all_z,0.7158927199999999,0.716766357421875,0.0008736374218750731,0.016737953381670334,0.015428413530492107
ZZ_d1_r0_c3,1,1,0,0,3,3,8,changed_q065,0.65,2048,native_all_z,0.7158927199999999,0.7175521850585938,0.001659465058593823,0.015545174233883956,0.015428413530492107
ZZ_d1_r0_c4,1,1,0,0,4,4,9,changed_q065,0.65,2048,native_all_z,0.7158927199999999,0.7157936096191406,-9.91103808593019e-05,0.014824564405752862,0.015428413530492107
ZZ_d1_r1_c0,1,1,0,1,0,5,10,changed_q065,0.65,2048,native_all_z,0.7158927199999999,0.7170143127441406,0.001121592744140698,0.01554300638935039,0.015428413530492107
ZZ_d1_r1_c1,1,1,0,1,1,6,11,changed_q065,0.65,2048,native_all_z,0.7158927199999999,0.7163352966308594,0.0004425766308594481,0.0155209879961024,0.015428413530492107
ZZ_d1_r1_c2,1,1,0,1,2,7,12,changed_q065,0.65,2048,native_all_z,0.7158927199999999,0.7166976928710938,0.0008049728710938231,0.013582386405105626,0.015428413530492107
ZZ_d1_r1_c3,1,1,0,1,3,8,13,changed_q065,0.65,2048,native_all_z,0.7158927199999999,0.7171783447265625,0.001285624726562573,0.015054369966953638,0.015428413530492107
ZZ_d1_r1_c4,1,1,0,1,4,9,14,changed_q065,0.65,2048,native_all_z,0.7158927199999999,0.7164230346679688,0.0005303146679688231,0.01515245880036217,0.015428413530492107
ZZ_d1_r2_c0,1,1,0,2,0,10,15,changed_q065,0.65,2048,native_all_z,0.7158927199999999,0.7174224853515625,0.001529765351562573,0.01387326890688703,0.015428413530492107
ZZ_d1_r2_c1,1,1,0,2,1,11,16,changed_q065,0.65,2048,native_all_z,0.7158927199999999,0.7144927978515625,-0.001399922148437427,0.015872310906359384,0.015428413530492107
ZZ_d1_r2_c2,1,1,0,2,2,12,17,changed_q065,0.65,2048,native_all_z,0.7158927199999999,0.7142066955566406,-0.001686024443359302,0.015546737923407421,0.015428413530492107
ZZ_d1_r2_c3,1,1,0,2,3,13,18,changed_q065,0.65,2048,native_all_z,0.7158927199999999,0.7148704528808594,-0.001022267119140552,0.01574793752192231,0.015428413530492107
ZZ_d1_r2_c4,1,1,0,2,4,14,19,changed_q065,0.65,2048,native_all_z,0.7158927199999999,0.7143287658691406,-0.001563954130859302,0.015968876621544476,0.015428413530492107
ZZ_d1_r3_c0,1,1,0,3,0,15,20,changed_q065,0.65,2048,native_all_z,0.7158927199999999,0.7162666320800781,0.0003739120800781981,0.013392044823688975,0.015428413530492107
ZZ_d1_r3_c1,1,1,0,3,1,16,21,changed_q065,0.65,2048,native_all_z,0.7158927199999999,0.7140121459960938,-0.001880574003906177,0.015114515335918257,0.015428413530492107
ZZ_d1_r3_c2,1,1,0,3,2,17,22,changed_q065,0.65,2048,native_all_z,0.7158927199999999,0.7147789001464844,-0.001113819853515552,0.015386052625019008,0.015428413530492107
ZZ_d1_r3_c3,1,1,0,3,3,18,23,changed_q065,0.65,2048,native_all_z,0.7158927199999999,0.7168083190917969,0.0009155990917969481,0.015328697292910932,0.015428413530492107
ZZ_d1_r3_c4,1,1,0,3,4,19,24,changed_q065,0.65,2048,native_all_z,0.7158927199999999,0.7148323059082031,-0.001060414091796802,0.015620566528383844,0.015428413530492107
ZZ_d1_r4_c0,1,1,0,4,0,20,0,changed_q065,0.65,2048,native_all_z,0.7158927199999999,0.7152748107910156,-0.0006179092089843019,0.01538831898263122,0.015428413530492107
ZZ_d1_r4_c1,1,1,0,4,1,21,1,changed_q065,0.65,2048,native_all_z,0.7158927199999999,0.7140045166015625,-0.001888203398437427,0.015702531346957916,0.015428413530492107
ZZ_d1_r4_c2,1,1,0,4,2,22,2,changed_q065,0.65,2048,native_all_z,0.7158927199999999,0.7164459228515625,0.0005532028515625731,0.016128658438046124,0.015428413530492107
ZZ_d1_r4_c3,1,1,0,4,3,23,3,changed_q065,0.65,2048,native_all_z,0.7158927199999999,0.7173004150390625,0.001407695039062573,0.015759588264038876,0.015428413530492107
ZZ_d1_r4_c4,1,1,0,4,4,24,4,changed_q065,0.65,2048,native_all_z,0.7158927199999999,0.7164192199707031,0.0005264999707031981,0.015062102188382758,0.015428413530492107
ZZ_d2_r0_c0,2,0,2,0,0,0,2,changed_q065,0.65,2048,native_all_z,0.72967688,0.7295265197753906,-0.00015036022460934717,0.014720833526062583,0.01510981370216049
ZZ_d2_r0_c1,2,0,2,0,1,1,3,changed_q065,0.65,2048,native_all_z,0.72967688,0.7286033630371094,-0.0010735169628905972,0.015337235969721176,0.01510981370216049
ZZ_d2_r0_c2,2,0,2,0,2,2,4,changed_q065,0.65,2048,native_all_z,0.72967688,0.7297630310058594,8.615100585940283e-05,0.014020999085537738,0.01510981370216049
ZZ_d2_r0_c3,2,0,2,0,3,3,0,changed_q065,0.65,2048,native_all_z,0.72967688,0.7307472229003906,0.0010703429003906528,0.013903925460131339,0.01510981370216049
ZZ_d2_r0_c4,2,0,2,0,4,4,1,changed_q065,0.65,2048,native_all_z,0.72967688,0.729644775390625,-3.210460937497217e-05,0.014219754083783731,0.01510981370216049
ZZ_d2_r1_c0,2,0,2,1,0,5,7,changed_q065,0.65,2048,native_all_z,0.72967688,0.7305068969726562,0.0008300169726562778,0.01452746246103985,0.01510981370216049
ZZ_d2_r1_c1,2,0,2,1,1,6,8,changed_q065,0.65,2048,native_all_z,0.72967688,0.73126220703125,0.0015853270312500278,0.0147459786235357,0.01510981370216049
ZZ_d2_r1_c2,2,0,2,1,2,7,9,changed_q065,0.65,2048,native_all_z,0.72967688,0.7301788330078125,0.0005019530078125278,0.015393578449831795,0.01510981370216049
ZZ_d2_r1_c3,2,0,2,1,3,8,5,changed_q065,0.65,2048,native_all_z,0.72967688,0.7315673828125,0.0018905028125000278,0.01457544432730038,0.01510981370216049
ZZ_d2_r1_c4,2,0,2,1,4,9,6,changed_q065,0.65,2048,native_all_z,0.72967688,0.72955322265625,-0.00012365734374997217,0.013155462795854595,0.01510981370216049
ZZ_d2_r2_c0,2,0,2,2,0,10,12,changed_q065,0.65,2048,native_all_z,0.72967688,0.7289314270019531,-0.0007454529980468472,0.014549398609101571,0.01510981370216049
ZZ_d2_r2_c1,2,0,2,2,1,11,13,changed_q065,0.65,2048,native_all_z,0.72967688,0.7280921936035156,-0.0015846863964843472,0.015174446406345958,0.01510981370216049
ZZ_d2_r2_c2,2,0,2,2,2,12,14,changed_q065,0.65,2048,native_all_z,0.72967688,0.7297286987304688,5.181873046877783e-05,0.015269979438237494,0.01510981370216049
ZZ_d2_r2_c3,2,0,2,2,3,13,10,changed_q065,0.65,2048,native_all_z,0.72967688,0.7302360534667969,0.0005591734667969028,0.014905879586246371,0.01510981370216049
ZZ_d2_r2_c4,2,0,2,2,4,14,11,changed_q065,0.65,2048,native_all_z,0.72967688,0.7293357849121094,-0.00034109508789059717,0.015248979384274051,0.01510981370216049
ZZ_d2_r3_c0,2,0,2,3,0,15,17,changed_q065,0.65,2048,native_all_z,0.72967688,0.7283782958984375,-0.0012985841015624722,0.014073019035033416,0.01510981370216049
ZZ_d2_r3_c1,2,0,2,3,1,16,18,changed_q065,0.65,2048,native_all_z,0.72967688,0.7284698486328125,-0.0012070313671874722,0.016541149817652187,0.01510981370216049
ZZ_d2_r3_c2,2,0,2,3,2,17,19,changed_q065,0.65,2048,native_all_z,0.72967688,0.7284469604492188,-0.0012299195507812222,0.014808391476758812,0.01510981370216049
ZZ_d2_r3_c3,2,0,2,3,3,18,15,changed_q065,0.65,2048,native_all_z,0.72967688,0.7290878295898438,-0.0005890504101562222,0.014369243217157471,0.01510981370216049
ZZ_d2_r3_c4,2,0,2,3,4,19,16,changed_q065,0.65,2048,native_all_z,0.72967688,0.7286453247070312,-0.0010315552929687222,0.014769388990781477,0.01510981370216049
ZZ_d2_r4_c0,2,0,2,4,0,20,22,changed_q065,0.65,2048,native_all_z,0.72967688,0.7293777465820312,-0.00029913341796872217,0.015244683934123357,0.01510981370216049
ZZ_d2_r4_c1,2,0,2,4,1,21,23,changed_q065,0.65,2048,native_all_z,0.72967688,0.7297248840332031,4.800403320315283e-05,0.016540761958409162,0.01510981370216049
ZZ_d2_r4_c2,2,0,2,4,2,22,24,changed_q065,0.65,2048,native_all_z,0.72967688,0.7304763793945312,0.0007994993945312778,0.016080599861954602,0.01510981370216049
ZZ_d2_r4_c3,2,0,2,4,3,23,20,changed_q065,0.65,2048,native_all_z,0.72967688,0.7299346923828125,0.00025781238281252783,0.01434667404293356,0.01510981370216049
ZZ_d2_r4_c4,2,0,2,4,4,24,21,changed_q065,0.65,2048,native_all_z,0.72967688,0.7305335998535156,0.0008567198535156528,0.01448076213862829,0.01510981370216049
ZZ_d3_r0_c0,3,2,0,0,0,0,10,changed_q065,0.65,2048,native_all_z,0.72967688,0.7287979125976562,-0.0008789674023437222,0.013967852265904216,0.01510981370216049
ZZ_d3_r0_c1,3,2,0,0,1,1,11,changed_q065,0.65,2048,native_all_z,0.72967688,0.72882080078125,-0.0008560792187499722,0.016129194404643023,0.01510981370216049
ZZ_d3_r0_c2,3,2,0,0,2,2,12,changed_q065,0.65,2048,native_all_z,0.72967688,0.7298202514648438,0.00014337146484377783,0.014437959700726425,0.01510981370216049
ZZ_d3_r0_c3,3,2,0,0,3,3,13,changed_q065,0.65,2048,native_all_z,0.72967688,0.7277679443359375,-0.0019089356640624722,0.01401818575532711,0.01510981370216049
ZZ_d3_r0_c4,3,2,0,0,4,4,14,changed_q065,0.65,2048,native_all_z,0.72967688,0.7297019958496094,2.511584960940283e-05,0.01554508670082757,0.01510981370216049
ZZ_d3_r1_c0,3,2,0,1,0,5,15,changed_q065,0.65,2048,native_all_z,0.72967688,0.7314491271972656,0.0017722471972656528,0.013956394749364068,0.01510981370216049
ZZ_d3_r1_c1,3,2,0,1,1,6,16,changed_q065,0.65,2048,native_all_z,0.72967688,0.7283363342285156,-0.0013405457714843472,0.014904176105716786,0.01510981370216049
ZZ_d3_r1_c2,3,2,0,1,2,7,17,changed_q065,0.65,2048,native_all_z,0.72967688,0.7301750183105469,0.0004981383105469028,0.014279154898089341,0.01510981370216049
ZZ_d3_r1_c3,3,2,0,1,3,8,18,changed_q065,0.65,2048,native_all_z,0.72967688,0.7310523986816406,0.0013755186816406528,0.015202465915833515,0.01510981370216049
ZZ_d3_r1_c4,3,2,0,1,4,9,19,changed_q065,0.65,2048,native_all_z,0.72967688,0.7283287048339844,-0.0013481751660155972,0.016238967723484033,0.01510981370216049
ZZ_d3_r2_c0,3,2,0,2,0,10,20,changed_q065,0.65,2048,native_all_z,0.72967688,0.7294273376464844,-0.00024954235351559717,0.014435374074231178,0.01510981370216049
ZZ_d3_r2_c1,3,2,0,2,1,11,21,changed_q065,0.65,2048,native_all_z,0.72967688,0.7283859252929688,-0.0012909547070312222,0.015853504313107343,0.01510981370216049
ZZ_d3_r2_c2,3,2,0,2,2,12,22,changed_q065,0.65,2048,native_all_z,0.72967688,0.72967529296875,-1.5870312499721706e-06,0.014065525031049665,0.01510981370216049
ZZ_d3_r2_c3,3,2,0,2,3,13,23,changed_q065,0.65,2048,native_all_z,0.72967688,0.7293014526367188,-0.00037542736328122217,0.015335023089952588,0.01510981370216049
ZZ_d3_r2_c4,3,2,0,2,4,14,24,changed_q065,0.65,2048,native_all_z,0.72967688,0.72906494140625,-0.0006119385937499722,0.01542385337657725,0.01510981370216049
ZZ_d3_r3_c0,3,2,0,3,0,15,0,changed_q065,0.65,2048,native_all_z,0.72967688,0.7300567626953125,0.00037988269531252783,0.014510096007719426,0.01510981370216049
ZZ_d3_r3_c1,3,2,0,3,1,16,1,changed_q065,0.65,2048,native_all_z,0.72967688,0.728912353515625,-0.0007645264843749722,0.015201877598210104,0.01510981370216049
ZZ_d3_r3_c2,3,2,0,3,2,17,2,changed_q065,0.65,2048,native_all_z,0.72967688,0.7285575866699219,-0.0011192933300780972,0.015085790296171693,0.01510981370216049
ZZ_d3_r3_c3,3,2,0,3,3,18,3,changed_q065,0.65,2048,native_all_z,0.72967688,0.7294349670410156,-0.00024191295898434717,0.015336937385599618,0.01510981370216049
ZZ_d3_r3_c4,3,2,0,3,4,19,4,changed_q065,0.65,2048,native_all_z,0.72967688,0.7286911010742188,-0.0009857789257812222,0.014771086530211513,0.01510981370216049
ZZ_d3_r4_c0,3,2,0,4,0,20,5,changed_q065,0.65,2048,native_all_z,0.72967688,0.7303848266601562,0.0007079466601562778,0.01461975419120351,0.01510981370216049
ZZ_d3_r4_c1,3,2,0,4,1,21,6,changed_q065,0.65,2048,native_all_z,0.72967688,0.7295722961425781,-0.00010458385742184717,0.014528958826095034,0.01510981370216049
ZZ_d3_r4_c2,3,2,0,4,2,22,7,changed_q065,0.65,2048,native_all_z,0.72967688,0.7312164306640625,0.0015395506640625278,0.016201378127072282,0.01510981370216049
ZZ_d3_r4_c3,3,2,0,4,3,23,8,changed_q065,0.65,2048,native_all_z,0.72967688,0.73126220703125,0.0015853270312500278,0.01629828950738927,0.01510981370216049
ZZ_d3_r4_c4,3,2,0,4,4,24,9,changed_q065,0.65,2048,native_all_z,0.72967688,0.730712890625,0.0010360106250000278,0.014534073602852712,0.01510981370216049
ZZ_d0_r0_c0,0,0,1,0,0,0,1,changed_q065,0.65,2048,local_pauli_shadow,0.7158927199999999,0.7146778106689453,-0.0012149093310546144,0.06652475247084436,0.06437612868189475
ZZ_d0_r0_c1,0,0,1,0,1,1,2,changed_q065,0.65,2048,local_pauli_shadow,0.7158927199999999,0.7127723693847656,-0.003120350615234302,0.0653970947939856,0.06437612868189475
ZZ_d0_r0_c2,0,0,1,0,2,2,3,changed_q065,0.65,2048,local_pauli_shadow,0.7158927199999999,0.7170810699462891,0.0011883499462891356,0.06803977771999441,0.06437612868189475
ZZ_d0_r0_c3,0,0,1,0,3,3,4,changed_q065,0.65,2048,local_pauli_shadow,0.7158927199999999,0.7114334106445312,-0.004459309355468672,0.06391370174657296,0.06437612868189475
ZZ_d0_r0_c4,0,0,1,0,4,4,0,changed_q065,0.65,2048,local_pauli_shadow,0.7158927199999999,0.7133045196533203,-0.0025882003466796144,0.0630806668264712,0.06437612868189475
ZZ_d0_r1_c0,0,0,1,1,0,5,6,changed_q065,0.65,2048,local_pauli_shadow,0.7158927199999999,0.7231407165527344,0.0072479965527345175,0.0640028000184268,0.06437612868189475
ZZ_d0_r1_c1,0,0,1,1,1,6,7,changed_q065,0.65,2048,local_pauli_shadow,0.7158927199999999,0.7146778106689453,-0.0012149093310546144,0.06081884797636923,0.06437612868189475
ZZ_d0_r1_c2,0,0,1,1,2,7,8,changed_q065,0.65,2048,local_pauli_shadow,0.7158927199999999,0.7168064117431641,0.0009136917431641356,0.0627621227651939,0.06437612868189475
ZZ_d0_r1_c3,0,0,1,1,3,8,9,changed_q065,0.65,2048,local_pauli_shadow,0.7158927199999999,0.7177848815917969,0.001892161591796949,0.06833448059543873,0.06437612868189475
ZZ_d0_r1_c4,0,0,1,1,4,9,5,changed_q065,0.65,2048,local_pauli_shadow,0.7158927199999999,0.7236385345458984,0.007745814545898568,0.06912449675192316,0.06437612868189475
ZZ_d0_r2_c0,0,0,1,2,0,10,11,changed_q065,0.65,2048,local_pauli_shadow,0.7158927199999999,0.7217502593994141,0.005857539399414167,0.06162469009116474,0.06437612868189475
ZZ_d0_r2_c1,0,0,1,2,1,11,12,changed_q065,0.65,2048,local_pauli_shadow,0.7158927199999999,0.709991455078125,-0.00590126492187492,0.0607874151593443,0.06437612868189475
ZZ_d0_r2_c2,0,0,1,2,2,12,13,changed_q065,0.65,2048,local_pauli_shadow,0.7158927199999999,0.7152442932128906,-0.0006484267871093015,0.0653793596672698,0.06437612868189475
ZZ_d0_r2_c3,0,0,1,2,3,13,14,changed_q065,0.65,2048,local_pauli_shadow,0.7158927199999999,0.7092533111572266,-0.006639408842773316,0.06739683805712257,0.06437612868189475
ZZ_d0_r2_c4,0,0,1,2,4,14,10,changed_q065,0.65,2048,local_pauli_shadow,0.7158927199999999,0.7222137451171875,0.006321025117187606,0.06360422274245262,0.06437612868189475
ZZ_d0_r3_c0,0,0,1,3,0,15,16,changed_q065,0.65,2048,local_pauli_shadow,0.7158927199999999,0.71795654296875,0.002063822968750073,0.06848659569865138,0.06437612868189475
ZZ_d0_r3_c1,0,0,1,3,1,16,17,changed_q065,0.65,2048,local_pauli_shadow,0.7158927199999999,0.7151756286621094,-0.0007170913378905519,0.06912432786906239,0.06437612868189475
ZZ_d0_r3_c2,0,0,1,3,2,17,18,changed_q065,0.65,2048,local_pauli_shadow,0.7158927199999999,0.7123260498046875,-0.003566670195312427,0.06593878358112304,0.06437612868189475
ZZ_d0_r3_c3,0,0,1,3,3,18,19,changed_q065,0.65,2048,local_pauli_shadow,0.7158927199999999,0.7142314910888672,-0.0016612289111327394,0.06752369624746737,0.06437612868189475
ZZ_d0_r3_c4,0,0,1,3,4,19,15,changed_q065,0.65,2048,local_pauli_shadow,0.7158927199999999,0.7167034149169922,0.0008106949169922606,0.06152935084735229,0.06437612868189475
ZZ_d0_r4_c0,0,0,1,4,0,20,21,changed_q065,0.65,2048,local_pauli_shadow,0.7158927199999999,0.7120857238769531,-0.0038069961230468023,0.06300621616685051,0.06437612868189475
ZZ_d0_r4_c1,0,0,1,4,1,21,22,changed_q065,0.65,2048,local_pauli_shadow,0.7158927199999999,0.7162742614746094,0.0003815414746094481,0.062356434107468196,0.06437612868189475
ZZ_d0_r4_c2,0,0,1,4,2,22,23,changed_q065,0.65,2048,local_pauli_shadow,0.7158927199999999,0.7158451080322266,-4.7611967773364405e-05,0.07023423378066515,0.06437612868189475
ZZ_d0_r4_c3,0,0,1,4,3,23,24,changed_q065,0.65,2048,local_pauli_shadow,0.7158927199999999,0.7146091461181641,-0.0012835738818358644,0.06722034659507325,0.06437612868189475
ZZ_d0_r4_c4,0,0,1,4,4,24,20,changed_q065,0.65,2048,local_pauli_shadow,0.7158927199999999,0.7116909027099609,-0.004201817290038977,0.062024353479247375,0.06437612868189475
ZZ_d1_r0_c0,1,1,0,0,0,0,5,changed_q065,0.65,2048,local_pauli_shadow,0.7158927199999999,0.7217159271240234,0.005823207124023578,0.0633269814182039,0.06437612868189475
ZZ_d1_r0_c1,1,1,0,0,1,1,6,changed_q065,0.65,2048,local_pauli_shadow,0.7158927199999999,0.7140083312988281,-0.001884388701171802,0.06429990257762705,0.06437612868189475
ZZ_d1_r0_c2,1,1,0,0,2,2,7,changed_q065,0.65,2048,local_pauli_shadow,0.7158927199999999,0.7199821472167969,0.004089427216796969,0.06575342402943415,0.06437612868189475
ZZ_d1_r0_c3,1,1,0,0,3,3,8,changed_q065,0.65,2048,local_pauli_shadow,0.7158927199999999,0.7140083312988281,-0.001884388701171795,0.06839316337915714,0.06437612868189475
ZZ_d1_r0_c4,1,1,0,0,4,4,9,changed_q065,0.65,2048,local_pauli_shadow,0.7158927199999999,0.7070903778076172,-0.0088023421923827,0.06371339545055732,0.06437612868189475
ZZ_d1_r1_c0,1,1,0,1,0,5,10,changed_q065,0.65,2048,local_pauli_shadow,0.7158927199999999,0.7191066741943359,0.0032139541943360197,0.06181466053576326,0.06437612868189475
ZZ_d1_r1_c1,1,1,0,1,1,6,11,changed_q065,0.65,2048,local_pauli_shadow,0.7158927199999999,0.7133388519287109,-0.002553868071288988,0.0666908063477555,0.06437612868189475
ZZ_d1_r1_c2,1,1,0,1,2,7,12,changed_q065,0.65,2048,local_pauli_shadow,0.7158927199999999,0.7154331207275391,-0.0004595992724608644,0.06330120245595987,0.06437612868189475
ZZ_d1_r1_c3,1,1,0,1,3,8,13,changed_q065,0.65,2048,local_pauli_shadow,0.7158927199999999,0.7138710021972656,-0.002021717802734302,0.06636131909112473,0.06437612868189475
ZZ_d1_r1_c4,1,1,0,1,4,9,14,changed_q065,0.65,2048,local_pauli_shadow,0.7158927199999999,0.7251491546630859,0.0092564346630861,0.06627905143447549,0.06437612868189475
ZZ_d1_r2_c0,1,1,0,2,0,10,15,changed_q065,0.65,2048,local_pauli_shadow,0.7158927199999999,0.71795654296875,0.0020638229687500735,0.06538391974046887,0.06437612868189475
ZZ_d1_r2_c1,1,1,0,2,1,11,16,changed_q065,0.65,2048,local_pauli_shadow,0.7158927199999999,0.7148494720458984,-0.0010432479541014738,0.06846607320806779,0.06437612868189475
ZZ_d1_r2_c2,1,1,0,2,2,12,17,changed_q065,0.65,2048,local_pauli_shadow,0.7158927199999999,0.7105579376220703,-0.005334782377929599,0.06386726811585577,0.06437612868189475
ZZ_d1_r2_c3,1,1,0,2,3,13,18,changed_q065,0.65,2048,local_pauli_shadow,0.7158927199999999,0.7124290466308594,-0.003463673369140552,0.06277939033156023,0.06437612868189475
ZZ_d1_r2_c4,1,1,0,2,4,14,19,changed_q065,0.65,2048,local_pauli_shadow,0.7158927199999999,0.7177333831787109,0.0018406631787110184,0.06755531151008798,0.06437612868189475
ZZ_d1_r3_c0,1,1,0,3,0,15,20,changed_q065,0.65,2048,local_pauli_shadow,0.7158927199999999,0.7132530212402344,-0.002639698759765552,0.053332231988833335,0.06437612868189475
ZZ_d1_r3_c1,1,1,0,3,1,16,21,changed_q065,0.65,2048,local_pauli_shadow,0.7158927199999999,0.7155704498291016,-0.0003222701708983644,0.06308603819367996,0.06437612868189475
ZZ_d1_r3_c2,1,1,0,3,2,17,22,changed_q065,0.65,2048,local_pauli_shadow,0.7158927199999999,0.7114677429199219,-0.0044249770800780155,0.061071113886129146,0.06437612868189475
ZZ_d1_r3_c3,1,1,0,3,3,18,23,changed_q065,0.65,2048,local_pauli_shadow,0.7158927199999999,0.7167205810546875,0.0008278610546875731,0.062320687765517684,0.06437612868189475
ZZ_d1_r3_c4,1,1,0,3,4,19,24,changed_q065,0.65,2048,local_pauli_shadow,0.7158927199999999,0.7140598297119141,-0.0018328902880858644,0.06452918891811146,0.06437612868189475
ZZ_d1_r4_c0,1,1,0,4,0,20,0,changed_q065,0.65,2048,local_pauli_shadow,0.7158927199999999,0.7156906127929688,-0.0002021072070311769,0.059473160152612295,0.06437612868189475
ZZ_d1_r4_c1,1,1,0,4,1,21,1,changed_q065,0.65,2048,local_pauli_shadow,0.7158927199999999,0.7110214233398438,-0.00487129666015617,0.06200709158658235,0.06437612868189475
ZZ_d1_r4_c2,1,1,0,4,2,22,2,changed_q065,0.65,2048,local_pauli_shadow,0.7158927199999999,0.7173557281494141,0.0014630081494141356,0.06358965469265732,0.06437612868189475
ZZ_d1_r4_c3,1,1,0,4,3,23,3,changed_q065,0.65,2048,local_pauli_shadow,0.7158927199999999,0.7149009704589844,-0.000991749541015552,0.062200698212499086,0.06437612868189475
ZZ_d1_r4_c4,1,1,0,4,4,24,4,changed_q065,0.65,2048,local_pauli_shadow,0.7158927199999999,0.7116222381591797,-0.004270481840820224,0.0630049528526328,0.06437612868189475
ZZ_d2_r0_c0,2,0,2,0,0,0,2,changed_q065,0.65,2048,local_pauli_shadow,0.72967688,0.7231235504150391,-0.00655332958496091,0.063091707569928,0.06430051687283701
ZZ_d2_r0_c1,2,0,2,0,1,1,3,changed_q065,0.65,2048,local_pauli_shadow,0.72967688,0.7224540710449219,-0.007222808955078097,0.0667317220034034,0.06430051687283701
ZZ_d2_r0_c2,2,0,2,0,2,2,4,changed_q065,0.65,2048,local_pauli_shadow,0.72967688,0.7238445281982422,-0.005832351801757785,0.05966414912832851,0.06430051687283701
ZZ_d2_r0_c3,2,0,2,0,3,3,0,changed_q065,0.65,2048,local_pauli_shadow,0.72967688,0.7284450531005859,-0.0012318268994140347,0.06437825380993407,0.06430051687283701
ZZ_d2_r0_c4,2,0,2,0,4,4,1,changed_q065,0.65,2048,local_pauli_shadow,0.72967688,0.7206687927246094,-0.009008087275390597,0.06330121247918684,0.06430051687283701
ZZ_d2_r1_c0,2,0,2,1,0,5,7,changed_q065,0.65,2048,local_pauli_shadow,0.72967688,0.7395172119140625,0.009840331914062528,0.06632376526928846,0.06430051687283701
ZZ_d2_r1_c1,2,0,2,1,1,6,8,changed_q065,0.65,2048,local_pauli_shadow,0.72967688,0.7230377197265625,-0.006639160273437472,0.0713699523631811,0.06430051687283701
ZZ_d2_r1_c2,2,0,2,1,2,7,9,changed_q065,0.65,2048,local_pauli_shadow,0.72967688,0.7348480224609375,0.005171142460937528,0.06322165713054506,0.06430051687283701
ZZ_d2_r1_c3,2,0,2,1,3,8,5,changed_q065,0.65,2048,local_pauli_shadow,0.72967688,0.7372169494628906,0.007540069462890653,0.06545781342238959,0.06430051687283701
ZZ_d2_r1_c4,2,0,2,1,4,9,6,changed_q065,0.65,2048,local_pauli_shadow,0.72967688,0.7288398742675781,-0.0008370057324218472,0.07035092356916074,0.06430051687283701
ZZ_d2_r2_c0,2,0,2,2,0,10,12,changed_q065,0.65,2048,local_pauli_shadow,0.72967688,0.7323246002197266,0.0026477202197265903,0.06111721034369628,0.06430051687283701
ZZ_d2_r2_c1,2,0,2,2,1,11,13,changed_q065,0.65,2048,local_pauli_shadow,0.72967688,0.7251148223876953,-0.00456205761230466,0.06103278953046922,0.06430051687283701
ZZ_d2_r2_c2,2,0,2,2,2,12,14,changed_q065,0.65,2048,local_pauli_shadow,0.72967688,0.7285137176513672,-0.0011631623486327847,0.06192202134450127,0.06430051687283701
ZZ_d2_r2_c3,2,0,2,2,3,13,10,changed_q065,0.65,2048,local_pauli_shadow,0.72967688,0.7258529663085938,-0.003823913691406222,0.06687477286181523,0.06430051687283701
ZZ_d2_r2_c4,2,0,2,2,4,14,11,changed_q065,0.65,2048,local_pauli_shadow,0.72967688,0.7313117980957031,0.0016349180957031528,0.061602805618048935,0.06430051687283701
ZZ_d2_r3_c0,2,0,2,3,0,15,17,changed_q065,0.65,2048,local_pauli_shadow,0.72967688,0.7282047271728516,-0.0014721528271484097,0.06521484534213114,0.06430051687283701
ZZ_d2_r3_c1,2,0,2,3,1,16,18,changed_q065,0.65,2048,local_pauli_shadow,0.72967688,0.7362384796142578,0.00656159961425784,0.06436526845139576,0.06430051687283701
ZZ_d2_r3_c2,2,0,2,3,2,17,19,changed_q065,0.65,2048,local_pauli_shadow,0.72967688,0.7343158721923828,0.00463899219238284,0.06206292896693762,0.06430051687283701
ZZ_d2_r3_c3,2,0,2,3,3,18,15,changed_q065,0.65,2048,local_pauli_shadow,0.72967688,0.7283248901367188,-0.0013519898632812222,0.06492292962385565,0.06430051687283701
ZZ_d2_r3_c4,2,0,2,3,4,19,16,changed_q065,0.65,2048,local_pauli_shadow,0.72967688,0.7258529663085938,-0.003823913691406222,0.06295623281629571,0.06430051687283701
ZZ_d2_r4_c0,2,0,2,4,0,20,22,changed_q065,0.65,2048,local_pauli_shadow,0.72967688,0.7295436859130859,-0.00013319408691403467,0.06010510575163188,0.06430051687283701
ZZ_d2_r4_c1,2,0,2,4,1,21,23,changed_q065,0.65,2048,local_pauli_shadow,0.72967688,0.7349166870117188,0.005239807011718778,0.0666327200817032,0.06430051687283701
ZZ_d2_r4_c2,2,0,2,4,2,22,24,changed_q065,0.65,2048,local_pauli_shadow,0.72967688,0.7227802276611328,-0.00689665233886716,0.061903790183908514,0.06430051687283701
ZZ_d2_r4_c3,2,0,2,4,3,23,20,changed_q065,0.65,2048,local_pauli_shadow,0.72967688,0.7244281768798828,-0.00524870312011716,0.0653179990094236,0.06430051687283701
ZZ_d2_r4_c4,2,0,2,4,4,24,21,changed_q065,0.65,2048,local_pauli_shadow,0.72967688,0.7184028625488281,-0.011274017451171847,0.06537139431301357,0.06430051687283701
ZZ_d3_r0_c0,3,2,0,0,0,0,10,changed_q065,0.65,2048,local_pauli_shadow,0.72967688,0.7292690277099609,-0.00040785229003903467,0.06483245355743139,0.06430051687283701
ZZ_d3_r0_c1,3,2,0,0,1,1,11,changed_q065,0.65,2048,local_pauli_shadow,0.72967688,0.7310199737548828,0.0013430937548828403,0.06331927303548536,0.06430051687283701
ZZ_d3_r0_c2,3,2,0,0,2,2,12,changed_q065,0.65,2048,local_pauli_shadow,0.72967688,0.7343845367431641,0.00470765674316409,0.06357343473272772,0.06430051687283701
ZZ_d3_r0_c3,3,2,0,0,3,3,13,changed_q065,0.65,2048,local_pauli_shadow,0.72967688,0.7246170043945312,-0.005059875605468722,0.06636979169530838,0.06430051687283701
ZZ_d3_r0_c4,3,2,0,0,4,4,14,changed_q065,0.65,2048,local_pauli_shadow,0.72967688,0.7262992858886719,-0.003377594111328097,0.06359514024450015,0.06430051687283701
ZZ_d3_r1_c0,3,2,0,1,0,5,15,changed_q065,0.65,2048,local_pauli_shadow,0.72967688,0.7348651885986328,0.00518830859863284,0.0663418356791922,0.06430051687283701
ZZ_d3_r1_c1,3,2,0,1,1,6,16,changed_q065,0.65,2048,local_pauli_shadow,0.72967688,0.7219905853271484,-0.007686294672851535,0.06631058185121137,0.06430051687283701
ZZ_d3_r1_c2,3,2,0,1,2,7,17,changed_q065,0.65,2048,local_pauli_shadow,0.72967688,0.7281703948974609,-0.0015064851025390347,0.06483674673373914,0.06430051687283701
ZZ_d3_r1_c3,3,2,0,1,3,8,18,changed_q065,0.65,2048,local_pauli_shadow,0.72967688,0.7235527038574219,-0.006124176142578097,0.06344993010048901,0.06430051687283701
ZZ_d3_r1_c4,3,2,0,1,4,9,19,changed_q065,0.65,2048,local_pauli_shadow,0.72967688,0.7258872985839844,-0.003789581416015597,0.06128024227931097,0.06430051687283701
ZZ_d3_r2_c0,3,2,0,2,0,10,20,changed_q065,0.65,2048,local_pauli_shadow,0.72967688,0.7304706573486328,0.0007937773486328403,0.06173193541756612,0.06430051687283701
ZZ_d3_r2_c1,3,2,0,2,1,11,21,changed_q065,0.65,2048,local_pauli_shadow,0.72967688,0.7271232604980469,-0.002553619501953097,0.07113915319548456,0.06430051687283701
ZZ_d3_r2_c2,3,2,0,2,2,12,22,changed_q065,0.65,2048,local_pauli_shadow,0.72967688,0.7349510192871094,0.005274139287109403,0.06347024975987484,0.06430051687283701
ZZ_d3_r2_c3,3,2,0,2,3,13,23,changed_q065,0.65,2048,local_pauli_shadow,0.72967688,0.7287540435791016,-0.0009228364208984097,0.06173462718168497,0.06430051687283701
ZZ_d3_r2_c4,3,2,0,2,4,14,24,changed_q065,0.65,2048,local_pauli_shadow,0.72967688,0.7310543060302734,0.0013774260302734653,0.06202765172130644,0.06430051687283701
ZZ_d3_r3_c0,3,2,0,3,0,15,0,changed_q065,0.65,2048,local_pauli_shadow,0.72967688,0.727020263671875,-0.002656616328124972,0.06391725190260628,0.06430051687283701
ZZ_d3_r3_c1,3,2,0,3,1,16,1,changed_q065,0.65,2048,local_pauli_shadow,0.72967688,0.7304191589355469,0.0007422789355469028,0.06482044921261794,0.06430051687283701
ZZ_d3_r3_c2,3,2,0,3,2,17,2,changed_q065,0.65,2048,local_pauli_shadow,0.72967688,0.7238788604736328,-0.00579801952636716,0.0652097450494361,0.06430051687283701
ZZ_d3_r3_c3,3,2,0,3,3,18,3,changed_q065,0.65,2048,local_pauli_shadow,0.72967688,0.7303504943847656,0.0006736143847656528,0.06243401412902357,0.06430051687283701
ZZ_d3_r3_c4,3,2,0,3,4,19,4,changed_q065,0.65,2048,local_pauli_shadow,0.72967688,0.7255954742431641,-0.00408140575683591,0.06438056992615938,0.06430051687283701
ZZ_d3_r4_c0,3,2,0,4,0,20,5,changed_q065,0.65,2048,local_pauli_shadow,0.72967688,0.7327709197998047,0.0030940397998047153,0.06246732216954413,0.06430051687283701
ZZ_d3_r4_c1,3,2,0,4,1,21,6,changed_q065,0.65,2048,local_pauli_shadow,0.72967688,0.7304878234863281,0.0008109434863281528,0.06300971482317586,0.06430051687283701
ZZ_d3_r4_c2,3,2,0,4,2,22,7,changed_q065,0.65,2048,local_pauli_shadow,0.72967688,0.7344017028808594,0.004724822880859403,0.06311428710438946,0.06430051687283701
ZZ_d3_r4_c3,3,2,0,4,3,23,8,changed_q065,0.65,2048,local_pauli_shadow,0.72967688,0.7294578552246094,-0.00021902477539059717,0.06555684560967259,0.06430051687283701
ZZ_d3_r4_c4,3,2,0,4,4,24,9,changed_q065,0.65,2048,local_pauli_shadow,0.72967688,0.7311744689941406,0.0014975889941406528,0.06281944975232012,0.06430051687283701
ZZ_d0_r0_c0,0,0,1,0,0,0,1,changed_q065,0.65,4096,native_all_z,0.7158927199999999,0.7152462005615234,-0.0006465194384764894,0.011198075904295552,0.010909535830361252
ZZ_d0_r0_c1,0,0,1,0,1,1,2,changed_q065,0.65,4096,native_all_z,0.7158927199999999,0.7158718109130859,-2.0909086913989405e-05,0.0110594381772014,0.010909535830361252
ZZ_d0_r0_c2,0,0,1,0,2,2,3,changed_q065,0.65,4096,native_all_z,0.7158927199999999,0.7158794403076172,-1.3279692382739405e-05,0.010605173908106537,0.010909535830361252
ZZ_d0_r0_c3,0,0,1,0,3,3,4,changed_q065,0.65,4096,native_all_z,0.7158927199999999,0.7150669097900391,-0.0008258102099608644,0.010202541629537426,0.010909535830361252
ZZ_d0_r0_c4,0,0,1,0,4,4,0,changed_q065,0.65,4096,native_all_z,0.7158927199999999,0.7161102294921875,0.0002175094921875731,0.010382910224106597,0.010909535830361252
ZZ_d0_r1_c0,0,0,1,1,0,5,6,changed_q065,0.65,4096,native_all_z,0.7158927199999999,0.7161388397216797,0.0002461197216797606,0.011198208973937845,0.010909535830361252
ZZ_d0_r1_c1,0,0,1,1,1,6,7,changed_q065,0.65,4096,native_all_z,0.7158927199999999,0.7161502838134766,0.0002575638134766356,0.010899575121501415,0.010909535830361252
ZZ_d0_r1_c2,0,0,1,1,2,7,8,changed_q065,0.65,4096,native_all_z,0.7158927199999999,0.7176895141601562,0.001796794160156323,0.010796624877618169,0.010909535830361252
ZZ_d0_r1_c3,0,0,1,1,3,8,9,changed_q065,0.65,4096,native_all_z,0.7158927199999999,0.7177772521972656,0.001884532197265698,0.01055393588549048,0.010909535830361252
ZZ_d0_r1_c4,0,0,1,1,4,9,5,changed_q065,0.65,4096,native_all_z,0.7158927199999999,0.7168960571289062,0.001003337128906323,0.010088465034079156,0.010909535830361252
ZZ_d0_r2_c0,0,0,1,2,0,10,11,changed_q065,0.65,4096,native_all_z,0.7158927199999999,0.7157840728759766,-0.0001086471240233644,0.01057601472910318,0.010909535830361252
ZZ_d0_r2_c1,0,0,1,2,1,11,12,changed_q065,0.65,4096,native_all_z,0.7158927199999999,0.7154178619384766,-0.0004748580615233644,0.011205945318989297,0.010909535830361252
ZZ_d0_r2_c2,0,0,1,2,2,12,13,changed_q065,0.65,4096,native_all_z,0.7158927199999999,0.7162857055664062,0.0003929855664063231,0.010601125976190845,0.010909535830361252
ZZ_d0_r2_c3,0,0,1,2,3,13,14,changed_q065,0.65,4096,native_all_z,0.7158927199999999,0.7161598205566406,0.0002671005566406981,0.009949986572714054,0.010909535830361252
ZZ_d0_r2_c4,0,0,1,2,4,14,10,changed_q065,0.65,4096,native_all_z,0.7158927199999999,0.7164039611816406,0.0005112411816406981,0.011443354291029596,0.010909535830361252
ZZ_d0_r3_c0,0,0,1,3,0,15,16,changed_q065,0.65,4096,native_all_z,0.7158927199999999,0.7150783538818359,-0.0008143661181639894,0.010675134304865504,0.010909535830361252
ZZ_d0_r3_c1,0,0,1,3,1,16,17,changed_q065,0.65,4096,native_all_z,0.7158927199999999,0.7146892547607422,-0.0012034652392577394,0.01076550562755232,0.010909535830361252
ZZ_d0_r3_c2,0,0,1,3,2,17,18,changed_q065,0.65,4096,native_all_z,0.7158927199999999,0.7140388488769531,-0.001853871123046802,0.010667831233064655,0.010909535830361252
ZZ_d0_r3_c3,0,0,1,3,3,18,19,changed_q065,0.65,4096,native_all_z,0.7158927199999999,0.7144851684570312,-0.001407551542968677,0.01144491518225624,0.010909535830361252
ZZ_d0_r3_c4,0,0,1,3,4,19,15,changed_q065,0.65,4096,native_all_z,0.7158927199999999,0.7147789001464844,-0.001113819853515552,0.01080915052440779,0.010909535830361252
ZZ_d0_r4_c0,0,0,1,4,0,20,21,changed_q065,0.65,4096,native_all_z,0.7158927199999999,0.7162704467773438,0.0003777267773438231,0.011483924668703535,0.010909535830361252
ZZ_d0_r4_c1,0,0,1,4,1,21,22,changed_q065,0.65,4096,native_all_z,0.7158927199999999,0.7165145874023438,0.0006218674023438231,0.010459815825539762,0.010909535830361252
ZZ_d0_r4_c2,0,0,1,4,2,22,23,changed_q065,0.65,4096,native_all_z,0.7158927199999999,0.7164459228515625,0.0005532028515625731,0.011179366186766085,0.010909535830361252
ZZ_d0_r4_c3,0,0,1,4,3,23,24,changed_q065,0.65,4096,native_all_z,0.7158927199999999,0.7164115905761719,0.0005188705761719481,0.010338916310568463,0.010909535830361252
ZZ_d0_r4_c4,0,0,1,4,4,24,20,changed_q065,0.65,4096,native_all_z,0.7158927199999999,0.7168350219726562,0.0009423019726563231,0.01051948701415265,0.010909535830361252
ZZ_d1_r0_c0,1,1,0,0,0,0,5,changed_q065,0.65,4096,native_all_z,0.7158927199999999,0.7158966064453125,3.886445312573095e-06,0.010396141931406082,0.010909535830361252
ZZ_d1_r0_c1,1,1,0,0,1,1,6,changed_q065,0.65,4096,native_all_z,0.7158927199999999,0.7153091430664062,-0.0005835769335936769,0.010992731271511763,0.010909535830361252
ZZ_d1_r0_c2,1,1,0,0,2,2,7,changed_q065,0.65,4096,native_all_z,0.7158927199999999,0.7160568237304688,0.0001641037304688231,0.011406262892730794,0.010909535830361252
ZZ_d1_r0_c3,1,1,0,0,3,3,8,changed_q065,0.65,4096,native_all_z,0.7158927199999999,0.7169780731201172,0.0010853531201172606,0.011386312667386371,0.010909535830361252
ZZ_d1_r0_c4,1,1,0,0,4,4,9,changed_q065,0.65,4096,native_all_z,0.7158927199999999,0.7157173156738281,-0.0001754043261718019,0.010499539151411883,0.010909535830361252
ZZ_d1_r1_c0,1,1,0,1,0,5,10,changed_q065,0.65,4096,native_all_z,0.7158927199999999,0.7161750793457031,0.0002823593457031981,0.011126261397121013,0.010909535830361252
ZZ_d1_r1_c1,1,1,0,1,1,6,11,changed_q065,0.65,4096,native_all_z,0.7158927199999999,0.7161827087402344,0.0002899887402344481,0.010771160892559637,0.010909535830361252
ZZ_d1_r1_c2,1,1,0,1,2,7,12,changed_q065,0.65,4096,native_all_z,0.7158927199999999,0.7159957885742188,0.0001030685742188231,0.010668953343440658,0.010909535830361252
ZZ_d1_r1_c3,1,1,0,1,3,8,13,changed_q065,0.65,4096,native_all_z,0.7158927199999999,0.7170906066894531,0.001197886689453198,0.010179527202643231,0.010909535830361252
ZZ_d1_r1_c4,1,1,0,1,4,9,14,changed_q065,0.65,4096,native_all_z,0.7158927199999999,0.7169609069824219,0.001068186982421948,0.01138654451716751,0.010909535830361252
ZZ_d1_r2_c0,1,1,0,2,0,10,15,changed_q065,0.65,4096,native_all_z,0.7158927199999999,0.7159385681152344,4.5848115234448095e-05,0.010503246059363426,0.010909535830361252
ZZ_d1_r2_c1,1,1,0,2,1,11,16,changed_q065,0.65,4096,native_all_z,0.7158927199999999,0.7149848937988281,-0.0009078262011718019,0.010968576797793563,0.010909535830361252
ZZ_d1_r2_c2,1,1,0,2,2,12,17,changed_q065,0.65,4096,native_all_z,0.7158927199999999,0.7144088745117188,-0.001483845488281177,0.011172063944788015,0.010909535830361252
ZZ_d1_r2_c3,1,1,0,2,3,13,18,changed_q065,0.65,4096,native_all_z,0.7158927199999999,0.7153778076171875,-0.0005149123828124269,0.011254262029235634,0.010909535830361252
ZZ_d1_r2_c4,1,1,0,2,4,14,19,changed_q065,0.65,4096,native_all_z,0.7158927199999999,0.7152862548828125,-0.0006064651171874269,0.011796008078851217,0.010909535830361252
ZZ_d1_r3_c0,1,1,0,3,0,15,20,changed_q065,0.65,4096,native_all_z,0.7158927199999999,0.7159328460693359,4.0126069336010595e-05,0.010047058378597994,0.010909535830361252
ZZ_d1_r3_c1,1,1,0,3,1,16,21,changed_q065,0.65,4096,native_all_z,0.7158927199999999,0.7149810791015625,-0.0009116408984374269,0.010974968235975546,0.010909535830361252
ZZ_d1_r3_c2,1,1,0,3,2,17,22,changed_q065,0.65,4096,native_all_z,0.7158927199999999,0.7150783538818359,-0.0008143661181639894,0.010936283977159976,0.010909535830361252
ZZ_d1_r3_c3,1,1,0,3,3,18,23,changed_q065,0.65,4096,native_all_z,0.7158927199999999,0.7164020538330078,0.0005093338330078856,0.010839634636480933,0.010909535830361252
ZZ_d1_r3_c4,1,1,0,3,4,19,24,changed_q065,0.65,4096,native_all_z,0.7158927199999999,0.7159976959228516,0.0001049759228516356,0.011321036300320565,0.010909535830361252
ZZ_d1_r4_c0,1,1,0,4,0,20,0,changed_q065,0.65,4096,native_all_z,0.7158927199999999,0.7158756256103516,-1.7094389648364405e-05,0.011004201490447105,0.010909535830361252
ZZ_d1_r4_c1,1,1,0,4,1,21,1,changed_q065,0.65,4096,native_all_z,0.7158927199999999,0.7146263122558594,-0.001266407744140552,0.01151840654742039,0.010909535830361252
ZZ_d1_r4_c2,1,1,0,4,2,22,2,changed_q065,0.65,4096,native_all_z,0.7158927199999999,0.7164669036865234,0.0005741836865235106,0.011021624702618199,0.010909535830361252
ZZ_d1_r4_c3,1,1,0,4,3,23,3,changed_q065,0.65,4096,native_all_z,0.7158927199999999,0.7167167663574219,0.0008240463574219481,0.011132276937782114,0.010909535830361252
ZZ_d1_r4_c4,1,1,0,4,4,24,4,changed_q065,0.65,4096,native_all_z,0.7158927199999999,0.7163486480712891,0.0004559280712891356,0.011255587660957068,0.010909535830361252
ZZ_d2_r0_c0,2,0,2,0,0,0,2,changed_q065,0.65,4096,native_all_z,0.72967688,0.729827880859375,0.00015100085937502783,0.010044200685617686,0.010684251731263096
ZZ_d2_r0_c1,2,0,2,0,1,1,3,changed_q065,0.65,4096,native_all_z,0.72967688,0.7286109924316406,-0.0010658875683593472,0.011696720476366163,0.010684251731263096
ZZ_d2_r0_c2,2,0,2,0,2,2,4,changed_q065,0.65,4096,native_all_z,0.72967688,0.7297515869140625,7.470691406252783e-05,0.010250533443201131,0.010684251731263096
ZZ_d2_r0_c3,2,0,2,0,3,3,0,changed_q065,0.65,4096,native_all_z,0.72967688,0.7298526763916016,0.00017579639160159033,0.010281328506796803,0.010684251731263096
ZZ_d2_r0_c4,2,0,2,0,4,4,1,changed_q065,0.65,4096,native_all_z,0.72967688,0.7292575836181641,-0.00041929638183590967,0.011391140368426637,0.010684251731263096
ZZ_d2_r1_c0,2,0,2,1,0,5,7,changed_q065,0.65,4096,native_all_z,0.72967688,0.7297554016113281,7.852161132815283e-05,0.010742891014827763,0.010684251731263096
ZZ_d2_r1_c1,2,0,2,1,1,6,8,changed_q065,0.65,4096,native_all_z,0.72967688,0.7305011749267578,0.0008242949267578403,0.010304346817019477,0.010684251731263096
ZZ_d2_r1_c2,2,0,2,1,2,7,9,changed_q065,0.65,4096,native_all_z,0.72967688,0.729949951171875,0.00027307117187502783,0.010719929377720655,0.010684251731263096
ZZ_d2_r1_c3,2,0,2,1,3,8,5,changed_q065,0.65,4096,native_all_z,0.72967688,0.730926513671875,0.0012496336718750278,0.010132191589249927,0.010684251731263096
ZZ_d2_r1_c4,2,0,2,1,4,9,6,changed_q065,0.65,4096,native_all_z,0.72967688,0.7296237945556641,-5.308544433590967e-05,0.00997581437873773,0.010684251731263096
ZZ_d2_r2_c0,2,0,2,2,0,10,12,changed_q065,0.65,4096,native_all_z,0.72967688,0.7293548583984375,-0.00032202160156247217,0.01057376148943508,0.010684251731263096
ZZ_d2_r2_c1,2,0,2,2,1,11,13,changed_q065,0.65,4096,native_all_z,0.72967688,0.7293758392333984,-0.00030104076660153467,0.010842538330300406,0.010684251731263096
ZZ_d2_r2_c2,2,0,2,2,2,12,14,changed_q065,0.65,4096,native_all_z,0.72967688,0.7293739318847656,-0.00030294811523434717,0.010911881287766594,0.010684251731263096
ZZ_d2_r2_c3,2,0,2,2,3,13,10,changed_q065,0.65,4096,native_all_z,0.72967688,0.7299842834472656,0.00030740344726565283,0.01081310831248534,0.010684251731263096
ZZ_d2_r2_c4,2,0,2,2,4,14,11,changed_q065,0.65,4096,native_all_z,0.72967688,0.7301883697509766,0.0005114897509765903,0.011128899408383845,0.010684251731263096
ZZ_d2_r3_c0,2,0,2,3,0,15,17,changed_q065,0.65,4096,native_all_z,0.72967688,0.7278556823730469,-0.0018211976269530972,0.010983687365827074,0.010684251731263096
ZZ_d2_r3_c1,2,0,2,3,1,16,18,changed_q065,0.65,4096,native_all_z,0.72967688,0.7287731170654297,-0.0009037629345702847,0.01022046528170075,0.010684251731263096
ZZ_d2_r3_c2,2,0,2,3,2,17,19,changed_q065,0.65,4096,native_all_z,0.72967688,0.7286567687988281,-0.0010201112011718472,0.010972076240808993,0.010684251731263096
ZZ_d2_r3_c3,2,0,2,3,3,18,15,changed_q065,0.65,4096,native_all_z,0.72967688,0.7283897399902344,-0.0012871400097655972,0.01033559161084298,0.010684251731263096
ZZ_d2_r3_c4,2,0,2,3,4,19,16,changed_q065,0.65,4096,native_all_z,0.72967688,0.7290325164794922,-0.0006443635205077847,0.01076080890304565,0.010684251731263096
ZZ_d2_r4_c0,2,0,2,4,0,20,22,changed_q065,0.65,4096,native_all_z,0.72967688,0.7302398681640625,0.0005629881640625278,0.010468466961397204,0.010684251731263096
ZZ_d2_r4_c1,2,0,2,4,1,21,23,changed_q065,0.65,4096,native_all_z,0.72967688,0.7301368713378906,0.00045999133789065283,0.010925503077196445,0.010684251731263096
ZZ_d2_r4_c2,2,0,2,4,2,22,24,changed_q065,0.65,4096,native_all_z,0.72967688,0.7309684753417969,0.0012915953417969028,0.011173397481444818,0.010684251731263096
ZZ_d2_r4_c3,2,0,2,4,3,23,20,changed_q065,0.65,4096,native_all_z,0.72967688,0.7299766540527344,0.00029977405273440283,0.010618647139457565,0.010684251731263096
ZZ_d2_r4_c4,2,0,2,4,4,24,21,changed_q065,0.65,4096,native_all_z,0.72967688,0.7311477661132812,0.0014708861132812778,0.010627129720574708,0.010684251731263096
ZZ_d3_r0_c0,3,2,0,0,0,0,10,changed_q065,0.65,4096,native_all_z,0.72967688,0.7289352416992188,-0.0007416383007812222,0.009884752607583827,0.010684251731263096
ZZ_d3_r0_c1,3,2,0,0,1,1,11,changed_q065,0.65,4096,native_all_z,0.72967688,0.7289772033691406,-0.0006996766308593472,0.011414099773203134,0.010684251731263096
ZZ_d3_r0_c2,3,2,0,0,2,2,12,changed_q065,0.65,4096,native_all_z,0.72967688,0.7302970886230469,0.0006202086230469028,0.010685658558199265,0.010684251731263096
ZZ_d3_r0_c3,3,2,0,0,3,3,13,changed_q065,0.65,4096,native_all_z,0.72967688,0.7285823822021484,-0.0010944977978515347,0.010596434285802049,0.010684251731263096
ZZ_d3_r0_c4,3,2,0,0,4,4,14,changed_q065,0.65,4096,native_all_z,0.72967688,0.7300148010253906,0.00033792102539065283,0.010791808984641046,0.010684251731263096
ZZ_d3_r1_c0,3,2,0,1,0,5,15,changed_q065,0.65,4096,native_all_z,0.72967688,0.7301712036132812,0.0004943236132812778,0.009646901024727518,0.010684251731263096
ZZ_d3_r1_c1,3,2,0,1,1,6,16,changed_q065,0.65,4096,native_all_z,0.72967688,0.7285003662109375,-0.0011765137890624722,0.010859027718064634,0.010684251731263096
ZZ_d3_r1_c2,3,2,0,1,2,7,17,changed_q065,0.65,4096,native_all_z,0.72967688,0.7296524047851562,-2.447521484372217e-05,0.010675268709030994,0.010684251731263096
ZZ_d3_r1_c3,3,2,0,1,3,8,18,changed_q065,0.65,4096,native_all_z,0.72967688,0.7303199768066406,0.0006430968066406528,0.01036871737134213,0.010684251731263096
ZZ_d3_r1_c4,3,2,0,1,4,9,19,changed_q065,0.65,4096,native_all_z,0.72967688,0.7287864685058594,-0.0008904114941405972,0.011160864202715153,0.010684251731263096
ZZ_d3_r2_c0,3,2,0,2,0,10,20,changed_q065,0.65,4096,native_all_z,0.72967688,0.7300930023193359,0.00041612231933596533,0.009555624818954198,0.010684251731263096
ZZ_d3_r2_c1,3,2,0,2,1,11,21,changed_q065,0.65,4096,native_all_z,0.72967688,0.7293548583984375,-0.00032202160156247217,0.011160053203338655,0.010684251731263096
ZZ_d3_r2_c2,3,2,0,2,2,12,22,changed_q065,0.65,4096,native_all_z,0.72967688,0.7297496795654297,7.279956542971533e-05,0.010089717746871582,0.010684251731263096
ZZ_d3_r2_c3,3,2,0,2,3,13,23,changed_q065,0.65,4096,native_all_z,0.72967688,0.7295513153076172,-0.00012556469238278467,0.010718152955602413,0.010684251731263096
ZZ_d3_r2_c4,3,2,0,2,4,14,24,changed_q065,0.65,4096,native_all_z,0.72967688,0.7302570343017578,0.0005801543017578403,0.010880287862482529,0.010684251731263096
ZZ_d3_r3_c0,3,2,0,3,0,15,0,changed_q065,0.65,4096,native_all_z,0.72967688,0.7289161682128906,-0.0007607117871093472,0.010286872635411913,0.010684251731263096
ZZ_d3_r3_c1,3,2,0,3,1,16,1,changed_q065,0.65,4096,native_all_z,0.72967688,0.7298507690429688,0.00017388904296877783,0.010864017983703612,0.010684251731263096
ZZ_d3_r3_c2,3,2,0,3,2,17,2,changed_q065,0.65,4096,native_all_z,0.72967688,0.7287406921386719,-0.0009361878613280972,0.010376456213224925,0.010684251731263096
ZZ_d3_r3_c3,3,2,0,3,3,18,3,changed_q065,0.65,4096,native_all_z,0.72967688,0.7293605804443359,-0.00031629955566403467,0.010624493334572063,0.010684251731263096
ZZ_d3_r3_c4,3,2,0,3,4,19,4,changed_q065,0.65,4096,native_all_z,0.72967688,0.7291336059570312,-0.0005432740429687222,0.011472046295608579,0.010684251731263096
ZZ_d3_r4_c0,3,2,0,4,0,20,5,changed_q065,0.65,4096,native_all_z,0.72967688,0.7309322357177734,0.0012553557177734653,0.010201477660804108,0.010684251731263096
ZZ_d3_r4_c1,3,2,0,4,1,21,6,changed_q065,0.65,4096,native_all_z,0.72967688,0.729278564453125,-0.00039831554687497217,0.010757320962995134,0.010684251731263096
ZZ_d3_r4_c2,3,2,0,4,2,22,7,changed_q065,0.65,4096,native_all_z,0.72967688,0.7311000823974609,0.0014232023974609653,0.011147478417164342,0.010684251731263096
ZZ_d3_r4_c3,3,2,0,4,3,23,8,changed_q065,0.65,4096,native_all_z,0.72967688,0.7309513092041016,0.0012744292041015903,0.011116733311676102,0.010684251731263096
ZZ_d3_r4_c4,3,2,0,4,4,24,9,changed_q065,0.65,4096,native_all_z,0.72967688,0.7305049896240234,0.0008281096240234653,0.010344690389776073,0.010684251731263096
ZZ_d0_r0_c0,0,0,1,0,0,0,1,changed_q065,0.65,4096,local_pauli_shadow,0.7158927199999999,0.7155790328979492,-0.00031368710205070816,0.04442421213579409,0.04552079713750558
ZZ_d0_r0_c1,0,0,1,0,1,1,2,changed_q065,0.65,4096,local_pauli_shadow,0.7158927199999999,0.7160682678222656,0.0001755478222656981,0.04663866361168716,0.04552079713750558
ZZ_d0_r0_c2,0,0,1,0,2,2,3,changed_q065,0.65,4096,local_pauli_shadow,0.7158927199999999,0.7160167694091797,0.0001240494091797606,0.04462251306071396,0.04552079713750558
ZZ_d0_r0_c3,0,0,1,0,3,3,4,changed_q065,0.65,4096,local_pauli_shadow,0.7158927199999999,0.7140769958496094,-0.001815724150390552,0.04360988293435726,0.04552079713750558
ZZ_d0_r0_c4,0,0,1,0,4,4,0,changed_q065,0.65,4096,local_pauli_shadow,0.7158927199999999,0.7135105133056641,-0.0023822066943358644,0.04427958921115198,0.04552079713750558
ZZ_d0_r1_c0,0,0,1,1,0,5,6,changed_q065,0.65,4096,local_pauli_shadow,0.7158927199999999,0.7213211059570312,0.005428385957031346,0.04399726011447923,0.04552079713750558
ZZ_d0_r1_c1,0,0,1,1,1,6,7,changed_q065,0.65,4096,local_pauli_shadow,0.7158927199999999,0.7169265747070312,0.001033854707031323,0.0443078306189815,0.04552079713750558
ZZ_d0_r1_c2,0,0,1,1,2,7,8,changed_q065,0.65,4096,local_pauli_shadow,0.7158927199999999,0.7185573577880859,0.0026646377880860106,0.0457370541999929,0.04552079713750558
ZZ_d0_r1_c3,0,0,1,1,3,8,9,changed_q065,0.65,4096,local_pauli_shadow,0.7158927199999999,0.7180595397949219,0.002166819794921948,0.04550971063277871,0.04552079713750558
ZZ_d0_r1_c4,0,0,1,1,4,9,5,changed_q065,0.65,4096,local_pauli_shadow,0.7158927199999999,0.7207717895507812,0.004879069550781356,0.04448064162856878,0.04552079713750558
ZZ_d0_r2_c0,0,0,1,2,0,10,11,changed_q065,0.65,4096,local_pauli_shadow,0.7158927199999999,0.7191581726074219,0.003265452607421962,0.046444621964309936,0.04552079713750558
ZZ_d0_r2_c1,0,0,1,2,1,11,12,changed_q065,0.65,4096,local_pauli_shadow,0.7158927199999999,0.7153387069702148,-0.0005540130297850832,0.04085751857282814,0.04552079713750558
ZZ_d0_r2_c2,0,0,1,2,2,12,13,changed_q065,0.65,4096,local_pauli_shadow,0.7158927199999999,0.716334342956543,0.00044162295654304184,0.04624205619795351,0.04552079713750558
ZZ_d0_r2_c3,0,0,1,2,3,13,14,changed_q065,0.65,4096,local_pauli_shadow,0.7158927199999999,0.7129011154174805,-0.0029916045825194564,0.0439452891547591,0.04552079713750558
ZZ_d0_r2_c4,0,0,1,2,4,14,10,changed_q065,0.65,4096,local_pauli_shadow,0.7158927199999999,0.7188577651977539,0.002965045197753986,0.047499711618809656,0.04552079713750558
ZZ_d0_r3_c0,0,0,1,3,0,15,16,changed_q065,0.65,4096,local_pauli_shadow,0.7158927199999999,0.7137937545776367,-0.002098965422363208,0.047379387711544825,0.04552079713750558
ZZ_d0_r3_c1,0,0,1,3,1,16,17,changed_q065,0.65,4096,local_pauli_shadow,0.7158927199999999,0.7149438858032227,-0.0009488341967772707,0.04713809821366495,0.04552079713750558
ZZ_d0_r3_c2,0,0,1,3,2,17,18,changed_q065,0.65,4096,local_pauli_shadow,0.7158927199999999,0.7115535736083984,-0.0043391463916014825,0.04549791287146913,0.04552079713750558
ZZ_d0_r3_c3,0,0,1,3,3,18,19,changed_q065,0.65,4096,local_pauli_shadow,0.7158927199999999,0.7154159545898438,-0.0004767654101561769,0.045706418365642015,0.04552079713750558
ZZ_d0_r3_c4,0,0,1,3,4,19,15,changed_q065,0.65,4096,local_pauli_shadow,0.7158927199999999,0.7176904678344727,0.0017977478344727293,0.04420058580892744,0.04552079713750558
ZZ_d0_r4_c0,0,0,1,4,0,20,21,changed_q065,0.65,4096,local_pauli_shadow,0.7158927199999999,0.7136306762695312,-0.002262043730468677,0.0442223305881531,0.04552079713750558
ZZ_d0_r4_c1,0,0,1,4,1,21,22,changed_q065,0.65,4096,local_pauli_shadow,0.7158927199999999,0.715184211730957,-0.0007085082690428957,0.04109711486927607,0.04552079713750558
ZZ_d0_r4_c2,0,0,1,4,2,22,23,changed_q065,0.65,4096,local_pauli_shadow,0.7158927199999999,0.7161455154418945,0.00025279544189460434,0.04632796343376122,0.04552079713750558
ZZ_d0_r4_c3,0,0,1,4,3,23,24,changed_q065,0.65,4096,local_pauli_shadow,0.7158927199999999,0.7150039672851562,-0.0008887527148436769,0.0465409182028228,0.04552079713750558
ZZ_d0_r4_c4,0,0,1,4,4,24,20,changed_q065,0.65,4096,local_pauli_shadow,0.7158927199999999,0.7184286117553711,0.002535891755371167,0.0476204712886028,0.04552079713750558
ZZ_d1_r0_c0,1,1,0,0,0,0,5,changed_q065,0.65,4096,local_pauli_shadow,0.7158927199999999,0.7186002731323242,0.0027075531323243205,0.043532077545254455,0.04552079713750558
ZZ_d1_r0_c1,1,1,0,0,1,1,6,changed_q065,0.65,4096,local_pauli_shadow,0.7158927199999999,0.7159051895141602,1.2469514160229345e-05,0.04814758679521891,0.04552079713750558
ZZ_d1_r0_c2,1,1,0,0,2,2,7,changed_q065,0.65,4096,local_pauli_shadow,0.7158927199999999,0.7209177017211914,0.005024981721191512,0.04363035363314312,0.04552079713750558
ZZ_d1_r0_c3,1,1,0,0,3,3,8,changed_q065,0.65,4096,local_pauli_shadow,0.7158927199999999,0.7176132202148438,0.001720500214843823,0.049251720224246204,0.04552079713750558
ZZ_d1_r0_c4,1,1,0,0,4,4,9,changed_q065,0.65,4096,local_pauli_shadow,0.7158927199999999,0.7136907577514648,-0.002201962248535083,0.04371958096891129,0.04552079713750558
ZZ_d1_r1_c0,1,1,0,1,0,5,10,changed_q065,0.65,4096,local_pauli_shadow,0.7158927199999999,0.7154159545898438,-0.0004767654101561769,0.04698498067209875,0.04552079713750558
ZZ_d1_r1_c1,1,1,0,1,1,6,11,changed_q065,0.65,4096,local_pauli_shadow,0.7158927199999999,0.7159910202026367,9.830020263679184e-05,0.04585726225660447,0.04552079713750558
ZZ_d1_r1_c2,1,1,0,1,2,7,12,changed_q065,0.65,4096,local_pauli_shadow,0.7158927199999999,0.7159309387207031,3.8218720703198095e-05,0.04735535061457879,0.04552079713750558
ZZ_d1_r1_c3,1,1,0,1,3,8,13,changed_q065,0.65,4096,local_pauli_shadow,0.7158927199999999,0.7150554656982422,-0.0008372543017577394,0.04533397846333855,0.04552079713750558
ZZ_d1_r1_c4,1,1,0,1,4,9,14,changed_q065,0.65,4096,local_pauli_shadow,0.7158927199999999,0.723149299621582,0.007256579621582193,0.04465579725781505,0.04552079713750558
ZZ_d1_r2_c0,1,1,0,2,0,10,15,changed_q065,0.65,4096,local_pauli_shadow,0.7158927199999999,0.7148494720458984,-0.0010432479541014894,0.04565708732495188,0.04552079713750558
ZZ_d1_r2_c1,1,1,0,2,1,11,16,changed_q065,0.65,4096,local_pauli_shadow,0.7158927199999999,0.7128925323486328,-0.003000187651367105,0.04802878203418283,0.04552079713750558
ZZ_d1_r2_c2,1,1,0,2,2,12,17,changed_q065,0.65,4096,local_pauli_shadow,0.7158927199999999,0.7127294540405273,-0.003163265959472583,0.04447477119101131,0.04552079713750558
ZZ_d1_r2_c3,1,1,0,2,3,13,18,changed_q065,0.65,4096,local_pauli_shadow,0.7158927199999999,0.7159996032714844,0.0001068832714844481,0.04427783779468764,0.04552079713750558
ZZ_d1_r2_c4,1,1,0,2,4,14,19,changed_q065,0.65,4096,local_pauli_shadow,0.7158927199999999,0.7186174392700195,0.002724719270019617,0.04712409594525612,0.04552079713750558
ZZ_d1_r3_c0,1,1,0,3,0,15,20,changed_q065,0.65,4096,local_pauli_shadow,0.7158927199999999,0.7128667831420898,-0.003025936857910083,0.04170429028404152,0.04552079713750558
ZZ_d1_r3_c1,1,1,0,3,1,16,21,changed_q065,0.65,4096,local_pauli_shadow,0.7158927199999999,0.7126865386962891,-0.0032061813037108644,0.045612166975177684,0.04552079713750558
ZZ_d1_r3_c2,1,1,0,3,2,17,22,changed_q065,0.65,4096,local_pauli_shadow,0.7158927199999999,0.7127208709716797,-0.0031718490283202355,0.04908798757122305,0.04552079713750558
ZZ_d1_r3_c3,1,1,0,3,3,18,23,changed_q065,0.65,4096,local_pauli_shadow,0.7158927199999999,0.7141456604003906,-0.001747059599609302,0.04380987306316266,0.04552079713750558
ZZ_d1_r3_c4,1,1,0,3,4,19,24,changed_q065,0.65,4096,local_pauli_shadow,0.7158927199999999,0.7151584625244141,-0.0007342574755858644,0.045746969758856025,0.04552079713750558
ZZ_d1_r4_c0,1,1,0,4,0,20,0,changed_q065,0.65,4096,local_pauli_shadow,0.7158927199999999,0.7140512466430664,-0.0018414733569335207,0.04428232516711856,0.04552079713750558
ZZ_d1_r4_c1,1,1,0,4,1,21,1,changed_q065,0.65,4096,local_pauli_shadow,0.7158927199999999,0.7128324508666992,-0.003060269133300708,0.04723060324978766,0.04552079713750558
ZZ_d1_r4_c2,1,1,0,4,2,22,2,changed_q065,0.65,4096,local_pauli_shadow,0.7158927199999999,0.7184972763061523,0.002604556306152417,0.048016644169306955,0.04552079713750558
ZZ_d1_r4_c3,1,1,0,4,3,23,3,changed_q065,0.65,4096,local_pauli_shadow,0.7158927199999999,0.712437629699707,-0.0034550903002928896,0.04453349009617731,0.04552079713750558
ZZ_d1_r4_c4,1,1,0,4,4,24,4,changed_q065,0.65,4096,local_pauli_shadow,0.7158927199999999,0.7158193588256836,-7.336117431633316e-05,0.047427394848071236,0.04552079713750558
ZZ_d2_r0_c0,2,0,2,0,0,0,2,changed_q065,0.65,4096,local_pauli_shadow,0.72967688,0.7219820022583008,-0.007694877741699191,0.04621566149135166,0.04546733151458306
ZZ_d2_r0_c1,2,0,2,0,1,1,3,changed_q065,0.65,4096,local_pauli_shadow,0.72967688,0.7256298065185547,-0.004047073481445285,0.04526477573927788,0.04546733151458306
ZZ_d2_r0_c2,2,0,2,0,2,2,4,changed_q065,0.65,4096,local_pauli_shadow,0.72967688,0.7271146774291992,-0.0025622025708007534,0.045598096012641746,0.04546733151458306
ZZ_d2_r0_c3,2,0,2,0,3,3,0,changed_q065,0.65,4096,local_pauli_shadow,0.72967688,0.7270717620849609,-0.0026051179150390347,0.04292917733175235,0.04546733151458306
ZZ_d2_r0_c4,2,0,2,0,4,4,1,changed_q065,0.65,4096,local_pauli_shadow,0.72967688,0.7262477874755859,-0.0034290925244140347,0.040674310043279864,0.04546733151458306
ZZ_d2_r1_c0,2,0,2,1,0,5,7,changed_q065,0.65,4096,local_pauli_shadow,0.72967688,0.7337493896484375,0.004072509648437528,0.043782022133958466,0.04546733151458306
ZZ_d2_r1_c1,2,0,2,1,1,6,8,changed_q065,0.65,4096,local_pauli_shadow,0.72967688,0.7279472351074219,-0.0017296448925780972,0.0470820700351193,0.04546733151458306
ZZ_d2_r1_c2,2,0,2,1,2,7,9,changed_q065,0.65,4096,local_pauli_shadow,0.72967688,0.734736442565918,0.005059562565917997,0.043278083318336075,0.04546733151458306
ZZ_d2_r1_c3,2,0,2,1,3,8,5,changed_q065,0.65,4096,local_pauli_shadow,0.72967688,0.7338953018188477,0.004218421818847684,0.04529707678407871,0.04546733151458306
ZZ_d2_r1_c4,2,0,2,1,4,9,6,changed_q065,0.65,4096,local_pauli_shadow,0.72967688,0.7308483123779297,0.0011714323779297153,0.04904692033183876,0.04546733151458306
ZZ_d2_r2_c0,2,0,2,2,0,10,12,changed_q065,0.65,4096,local_pauli_shadow,0.72967688,0.7291746139526367,-0.0005022660473632534,0.04554629514106315,0.04546733151458306
ZZ_d2_r2_c1,2,0,2,2,1,11,13,changed_q065,0.65,4096,local_pauli_shadow,0.72967688,0.7293634414672852,-0.0003134385327148159,0.042907670787857906,0.04546733151458306
ZZ_d2_r2_c2,2,0,2,2,2,12,14,changed_q065,0.65,4096,local_pauli_shadow,0.72967688,0.7298183441162109,0.00014146411621096533,0.04505931276972577,0.04546733151458306
ZZ_d2_r2_c3,2,0,2,2,3,13,10,changed_q065,0.65,4096,local_pauli_shadow,0.72967688,0.7239561080932617,-0.005720771906738253,0.044588041893574064,0.04546733151458306
ZZ_d2_r2_c4,2,0,2,2,4,14,11,changed_q065,0.65,4096,local_pauli_shadow,0.72967688,0.7342643737792969,0.004587493779296903,0.044439989851046385,0.04546733151458306
ZZ_d2_r3_c0,2,0,2,3,0,15,17,changed_q065,0.65,4096,local_pauli_shadow,0.72967688,0.7319126129150391,0.0022357329150390903,0.047566328924013135,0.04546733151458306
ZZ_d2_r3_c1,2,0,2,3,1,16,18,changed_q065,0.65,4096,local_pauli_shadow,0.72967688,0.7300500869750977,0.0003732069750976841,0.046645397899334834,0.04546733151458306
ZZ_d2_r3_c2,2,0,2,3,2,17,19,changed_q065,0.65,4096,local_pauli_shadow,0.72967688,0.7338953018188477,0.004218421818847684,0.045079638343680735,0.04546733151458306
ZZ_d2_r3_c3,2,0,2,3,3,18,15,changed_q065,0.65,4096,local_pauli_shadow,0.72967688,0.7302732467651367,0.0005963667651367466,0.04359534134451205,0.04546733151458306
ZZ_d2_r3_c4,2,0,2,3,4,19,16,changed_q065,0.65,4096,local_pauli_shadow,0.72967688,0.7291831970214844,-0.0004936829785155972,0.04741690912739532,0.04546733151458306
ZZ_d2_r4_c0,2,0,2,4,0,20,22,changed_q065,0.65,4096,local_pauli_shadow,0.72967688,0.7321872711181641,0.0025103911181640903,0.043120686623443705,0.04546733151458306
ZZ_d2_r4_c1,2,0,2,4,1,21,23,changed_q065,0.65,4096,local_pauli_shadow,0.72967688,0.7283506393432617,-0.0013262406567382534,0.0448175300881804,0.04546733151458306
ZZ_d2_r4_c2,2,0,2,4,2,22,24,changed_q065,0.65,4096,local_pauli_shadow,0.72967688,0.7276554107666016,-0.0020214692333984097,0.045725391098311086,0.04546733151458306
ZZ_d2_r4_c3,2,0,2,4,3,23,20,changed_q065,0.65,4096,local_pauli_shadow,0.72967688,0.7238359451293945,-0.005840934870605441,0.04511832507177269,0.04546733151458306
ZZ_d2_r4_c4,2,0,2,4,4,24,21,changed_q065,0.65,4096,local_pauli_shadow,0.72967688,0.7256641387939453,-0.00401274120605466,0.04793529019970592,0.04546733151458306
ZZ_d3_r0_c0,3,2,0,0,0,0,10,changed_q065,0.65,4096,local_pauli_shadow,0.72967688,0.7271833419799805,-0.0024935380200195034,0.044755811378931865,0.04546733151458306
ZZ_d3_r0_c1,3,2,0,0,1,1,11,changed_q065,0.65,4096,local_pauli_shadow,0.72967688,0.7295780181884766,-9.886181152340967e-05,0.0458954859274466,0.04546733151458306
ZZ_d3_r0_c2,3,2,0,0,2,2,12,changed_q065,0.65,4096,local_pauli_shadow,0.72967688,0.7332344055175781,0.003557525517578153,0.044093231406049094,0.04546733151458306
ZZ_d3_r0_c3,3,2,0,0,3,3,13,changed_q065,0.65,4096,local_pauli_shadow,0.72967688,0.7269430160522461,-0.0027338639477538784,0.04774171462620345,0.04546733151458306
ZZ_d3_r0_c4,3,2,0,0,4,4,14,changed_q065,0.65,4096,local_pauli_shadow,0.72967688,0.7303247451782227,0.0006478651782226841,0.04398488450444424,0.04546733151458306
ZZ_d3_r1_c0,3,2,0,1,0,5,15,changed_q065,0.65,4096,local_pauli_shadow,0.72967688,0.7328395843505859,0.0031627043505859653,0.045361913346785784,0.04546733151458306
ZZ_d3_r1_c1,3,2,0,1,1,6,16,changed_q065,0.65,4096,local_pauli_shadow,0.72967688,0.7285051345825195,-0.001171745417480441,0.044253254410665306,0.04546733151458306
ZZ_d3_r1_c2,3,2,0,1,2,7,17,changed_q065,0.65,4096,local_pauli_shadow,0.72967688,0.7287454605102539,-0.0009314194897460659,0.044526286922419715,0.04546733151458306
ZZ_d3_r1_c3,3,2,0,1,3,8,18,changed_q065,0.65,4096,local_pauli_shadow,0.72967688,0.7271490097045898,-0.0025278702954101284,0.04280279621245738,0.04546733151458306
ZZ_d3_r1_c4,3,2,0,1,4,9,19,changed_q065,0.65,4096,local_pauli_shadow,0.72967688,0.7275266647338867,-0.0021502152661132534,0.04256655149144414,0.04546733151458306
ZZ_d3_r2_c0,3,2,0,2,0,10,20,changed_q065,0.65,4096,local_pauli_shadow,0.72967688,0.7320671081542969,0.002390228154296903,0.04602172051713956,0.04546733151458306
ZZ_d3_r2_c1,3,2,0,2,1,11,21,changed_q065,0.65,4096,local_pauli_shadow,0.72967688,0.7282819747924805,-0.0013949052075195034,0.048101762460641025,0.04546733151458306
ZZ_d3_r2_c2,3,2,0,2,2,12,22,changed_q065,0.65,4096,local_pauli_shadow,0.72967688,0.7322559356689453,0.0025790556689453403,0.04423141549954982,0.04546733151458306
ZZ_d3_r2_c3,3,2,0,2,3,13,23,changed_q065,0.65,4096,local_pauli_shadow,0.72967688,0.7287454605102539,-0.0009314194897460659,0.04215521047723418,0.04546733151458306
ZZ_d3_r2_c4,3,2,0,2,4,14,24,changed_q065,0.65,4096,local_pauli_shadow,0.72967688,0.733612060546875,0.003935180546875028,0.04475182591992468,0.04546733151458306
ZZ_d3_r3_c0,3,2,0,3,0,15,0,changed_q065,0.65,4096,local_pauli_shadow,0.72967688,0.7263250350952148,-0.0033518449047851284,0.04619993495835065,0.04546733151458306
ZZ_d3_r3_c1,3,2,0,3,1,16,1,changed_q065,0.65,4096,local_pauli_shadow,0.72967688,0.7315263748168945,0.001849494816894559,0.0458952473382843,0.04546733151458306
ZZ_d3_r3_c2,3,2,0,3,2,17,2,changed_q065,0.65,4096,local_pauli_shadow,0.72967688,0.7293291091918945,-0.0003477708081054409,0.04706963777594245,0.04546733151458306
ZZ_d3_r3_c3,3,2,0,3,3,18,3,changed_q065,0.65,4096,local_pauli_shadow,0.72967688,0.7292604446411133,-0.0004164353588866909,0.0444737168509234,0.04546733151458306
ZZ_d3_r3_c4,3,2,0,3,4,19,4,changed_q065,0.65,4096,local_pauli_shadow,0.72967688,0.7277412414550781,-0.0019356385449218472,0.046968179657885196,0.04546733151458306
ZZ_d3_r4_c0,3,2,0,4,0,20,5,changed_q065,0.65,4096,local_pauli_shadow,0.72967688,0.7354145050048828,0.00573762500488284,0.04266490789858459,0.04546733151458306
ZZ_d3_r4_c1,3,2,0,4,1,21,6,changed_q065,0.65,4096,local_pauli_shadow,0.72967688,0.7309942245483398,0.0013173445483398716,0.0472650357736013,0.04546733151458306
ZZ_d3_r4_c2,3,2,0,4,2,22,7,changed_q065,0.65,4096,local_pauli_shadow,0.72967688,0.7335262298583984,0.0038493498583984653,0.04447529615570866,0.04546733151458306
ZZ_d3_r4_c3,3,2,0,4,3,23,8,changed_q065,0.65,4096,local_pauli_shadow,0.72967688,0.7299299240112305,0.0002530440112304966,0.046427440436030004,0.04546733151458306
ZZ_d3_r4_c4,3,2,0,4,4,24,9,changed_q065,0.65,4096,local_pauli_shadow,0.72967688,0.7316293716430664,0.001952491643066434,0.044827582226500025,0.04546733151458306
