family,effect,replicate,seed,stream_type,evaluation,method,alarm_time,false_alarm,conditional_eligible,post_change_detected,censored,run_length_units,run_length_cycles,restricted_delay_units,time_unit_cycles,restricted_delay_cycles,restriction_horizon_units,restriction_horizon_cycles,threshold
spatial,0.55,0,60000000,no_change,null_arl,DFR/count exact pushforward,200,True,True,False,False,200,200,,1,,1000,1000,200.0
spatial,0.55,0,60000000,no_change,null_arl,raw symmetry-resolved AOC,156,True,True,False,False,156,156,,1,,1000,1000,200.0
spatial,0.55,0,60000000,no_change,null_arl,vAOC / same-feature Hotelling,203,True,True,False,False,203,203,,1,,1000,1000,200.0
spatial,0.55,0,60000000,no_change,null_arl,matched correlation witness,205,True,True,False,False,205,205,,1,,1000,1000,200.0
spatial,0.55,0,60000000,no_change,null_arl,exact one-cycle likelihood grid SR,258,True,True,False,False,258,258,,1,,1000,1000,200.0
spatial,0.55,0,60000000,no_change,null_arl,known-post one-cycle likelihood SR,258,True,True,False,False,258,258,,1,,1000,1000,200.0
spatial,0.55,0,60000000,no_change,null_arl,validation-trained linear logistic effect,204,True,True,False,False,204,204,,1,,1000,1000,200.0
spatial,0.55,1,60000001,no_change,null_arl,DFR/count exact pushforward,200,True,True,False,False,200,200,,1,,1000,1000,200.0
spatial,0.55,1,60000001,no_change,null_arl,raw symmetry-resolved AOC,154,True,True,False,False,154,154,,1,,1000,1000,200.0
spatial,0.55,1,60000001,no_change,null_arl,vAOC / same-feature Hotelling,166,True,True,False,False,166,166,,1,,1000,1000,200.0
spatial,0.55,1,60000001,no_change,null_arl,matched correlation witness,202,True,True,False,False,202,202,,1,,1000,1000,200.0
spatial,0.55,1,60000001,no_change,null_arl,exact one-cycle likelihood grid SR,52,True,True,False,False,52,52,,1,,1000,1000,200.0
spatial,0.55,1,60000001,no_change,null_arl,known-post one-cycle likelihood SR,52,True,True,False,False,52,52,,1,,1000,1000,200.0
spatial,0.55,1,60000001,no_change,null_arl,validation-trained linear logistic effect,202,True,True,False,False,202,202,,1,,1000,1000,200.0
spatial,0.55,2,60000002,no_change,null_arl,DFR/count exact pushforward,200,True,True,False,False,200,200,,1,,1000,1000,200.0
spatial,0.55,2,60000002,no_change,null_arl,raw symmetry-resolved AOC,218,True,True,False,False,218,218,,1,,1000,1000,200.0
spatial,0.55,2,60000002,no_change,null_arl,vAOC / same-feature Hotelling,215,True,True,False,False,215,215,,1,,1000,1000,200.0
spatial,0.55,2,60000002,no_change,null_arl,matched correlation witness,205,True,True,False,False,205,205,,1,,1000,1000,200.0
spatial,0.55,2,60000002,no_change,null_arl,exact one-cycle likelihood grid SR,237,True,True,False,False,237,237,,1,,1000,1000,200.0
spatial,0.55,2,60000002,no_change,null_arl,known-post one-cycle likelihood SR,237,True,True,False,False,237,237,,1,,1000,1000,200.0
spatial,0.55,2,60000002,no_change,null_arl,validation-trained linear logistic effect,199,True,True,False,False,199,199,,1,,1000,1000,200.0
spatial,0.55,3,60000003,no_change,null_arl,DFR/count exact pushforward,200,True,True,False,False,200,200,,1,,1000,1000,200.0
spatial,0.55,3,60000003,no_change,null_arl,raw symmetry-resolved AOC,125,True,True,False,False,125,125,,1,,1000,1000,200.0
spatial,0.55,3,60000003,no_change,null_arl,vAOC / same-feature Hotelling,194,True,True,False,False,194,194,,1,,1000,1000,200.0
spatial,0.55,3,60000003,no_change,null_arl,matched correlation witness,221,True,True,False,False,221,221,,1,,1000,1000,200.0
spatial,0.55,3,60000003,no_change,null_arl,exact one-cycle likelihood grid SR,243,True,True,False,False,243,243,,1,,1000,1000,200.0
spatial,0.55,3,60000003,no_change,null_arl,known-post one-cycle likelihood SR,243,True,True,False,False,243,243,,1,,1000,1000,200.0
spatial,0.55,3,60000003,no_change,null_arl,validation-trained linear logistic effect,222,True,True,False,False,222,222,,1,,1000,1000,200.0
spatial,0.55,4,60000004,no_change,null_arl,DFR/count exact pushforward,200,True,True,False,False,200,200,,1,,1000,1000,200.0
spatial,0.55,4,60000004,no_change,null_arl,raw symmetry-resolved AOC,230,True,True,False,False,230,230,,1,,1000,1000,200.0
spatial,0.55,4,60000004,no_change,null_arl,vAOC / same-feature Hotelling,206,True,True,False,False,206,206,,1,,1000,1000,200.0
spatial,0.55,4,60000004,no_change,null_arl,matched correlation witness,204,True,True,False,False,204,204,,1,,1000,1000,200.0
spatial,0.55,4,60000004,no_change,null_arl,exact one-cycle likelihood grid SR,280,True,True,False,False,280,280,,1,,1000,1000,200.0
spatial,0.55,4,60000004,no_change,null_arl,known-post one-cycle likelihood SR,280,True,True,False,False,280,280,,1,,1000,1000,200.0
spatial,0.55,4,60000004,no_change,null_arl,validation-trained linear logistic effect,209,True,True,False,False,209,209,,1,,1000,1000,200.0
spatial,0.55,5,60000005,no_change,null_arl,DFR/count exact pushforward,200,True,True,False,False,200,200,,1,,1000,1000,200.0
spatial,0.55,5,60000005,no_change,null_arl,raw symmetry-resolved AOC,206,True,True,False,False,206,206,,1,,1000,1000,200.0
spatial,0.55,5,60000005,no_change,null_arl,vAOC / same-feature Hotelling,201,True,True,False,False,201,201,,1,,1000,1000,200.0
spatial,0.55,5,60000005,no_change,null_arl,matched correlation witness,219,True,True,False,False,219,219,,1,,1000,1000,200.0
spatial,0.55,5,60000005,no_change,null_arl,exact one-cycle likelihood grid SR,631,True,True,False,False,631,631,,1,,1000,1000,200.0
spatial,0.55,5,60000005,no_change,null_arl,known-post one-cycle likelihood SR,631,True,True,False,False,631,631,,1,,1000,1000,200.0
spatial,0.55,5,60000005,no_change,null_arl,validation-trained linear logistic effect,219,True,True,False,False,219,219,,1,,1000,1000,200.0
spatial,0.55,6,60000006,no_change,null_arl,DFR/count exact pushforward,200,True,True,False,False,200,200,,1,,1000,1000,200.0
spatial,0.55,6,60000006,no_change,null_arl,raw symmetry-resolved AOC,231,True,True,False,False,231,231,,1,,1000,1000,200.0
spatial,0.55,6,60000006,no_change,null_arl,vAOC / same-feature Hotelling,214,True,True,False,False,214,214,,1,,1000,1000,200.0
spatial,0.55,6,60000006,no_change,null_arl,matched correlation witness,192,True,True,False,False,192,192,,1,,1000,1000,200.0
spatial,0.55,6,60000006,no_change,null_arl,exact one-cycle likelihood grid SR,125,True,True,False,False,125,125,,1,,1000,1000,200.0
spatial,0.55,6,60000006,no_change,null_arl,known-post one-cycle likelihood SR,125,True,True,False,False,125,125,,1,,1000,1000,200.0
spatial,0.55,6,60000006,no_change,null_arl,validation-trained linear logistic effect,198,True,True,False,False,198,198,,1,,1000,1000,200.0
spatial,0.55,7,60000007,no_change,null_arl,DFR/count exact pushforward,200,True,True,False,False,200,200,,1,,1000,1000,200.0
spatial,0.55,7,60000007,no_change,null_arl,raw symmetry-resolved AOC,154,True,True,False,False,154,154,,1,,1000,1000,200.0
spatial,0.55,7,60000007,no_change,null_arl,vAOC / same-feature Hotelling,190,True,True,False,False,190,190,,1,,1000,1000,200.0
spatial,0.55,7,60000007,no_change,null_arl,matched correlation witness,232,True,True,False,False,232,232,,1,,1000,1000,200.0
spatial,0.55,7,60000007,no_change,null_arl,exact one-cycle likelihood grid SR,293,True,True,False,False,293,293,,1,,1000,1000,200.0
spatial,0.55,7,60000007,no_change,null_arl,known-post one-cycle likelihood SR,293,True,True,False,False,293,293,,1,,1000,1000,200.0
spatial,0.55,7,60000007,no_change,null_arl,validation-trained linear logistic effect,237,True,True,False,False,237,237,,1,,1000,1000,200.0
spatial,0.55,8,60000008,no_change,null_arl,DFR/count exact pushforward,200,True,True,False,False,200,200,,1,,1000,1000,200.0
spatial,0.55,8,60000008,no_change,null_arl,raw symmetry-resolved AOC,241,True,True,False,False,241,241,,1,,1000,1000,200.0
spatial,0.55,8,60000008,no_change,null_arl,vAOC / same-feature Hotelling,217,True,True,False,False,217,217,,1,,1000,1000,200.0
spatial,0.55,8,60000008,no_change,null_arl,matched correlation witness,226,True,True,False,False,226,226,,1,,1000,1000,200.0
spatial,0.55,8,60000008,no_change,null_arl,exact one-cycle likelihood grid SR,360,True,True,False,False,360,360,,1,,1000,1000,200.0
spatial,0.55,8,60000008,no_change,null_arl,known-post one-cycle likelihood SR,360,True,True,False,False,360,360,,1,,1000,1000,200.0
spatial,0.55,8,60000008,no_change,null_arl,validation-trained linear logistic effect,220,True,True,False,False,220,220,,1,,1000,1000,200.0
spatial,0.55,9,60000009,no_change,null_arl,DFR/count exact pushforward,200,True,True,False,False,200,200,,1,,1000,1000,200.0
spatial,0.55,9,60000009,no_change,null_arl,raw symmetry-resolved AOC,183,True,True,False,False,183,183,,1,,1000,1000,200.0
spatial,0.55,9,60000009,no_change,null_arl,vAOC / same-feature Hotelling,204,True,True,False,False,204,204,,1,,1000,1000,200.0
spatial,0.55,9,60000009,no_change,null_arl,matched correlation witness,180,True,True,False,False,180,180,,1,,1000,1000,200.0
spatial,0.55,9,60000009,no_change,null_arl,exact one-cycle likelihood grid SR,179,True,True,False,False,179,179,,1,,1000,1000,200.0
spatial,0.55,9,60000009,no_change,null_arl,known-post one-cycle likelihood SR,179,True,True,False,False,179,179,,1,,1000,1000,200.0
spatial,0.55,9,60000009,no_change,null_arl,validation-trained linear logistic effect,179,True,True,False,False,179,179,,1,,1000,1000,200.0
spatial,0.55,10,60000010,no_change,null_arl,DFR/count exact pushforward,200,True,True,False,False,200,200,,1,,1000,1000,200.0
spatial,0.55,10,60000010,no_change,null_arl,raw symmetry-resolved AOC,224,True,True,False,False,224,224,,1,,1000,1000,200.0
spatial,0.55,10,60000010,no_change,null_arl,vAOC / same-feature Hotelling,206,True,True,False,False,206,206,,1,,1000,1000,200.0
spatial,0.55,10,60000010,no_change,null_arl,matched correlation witness,196,True,True,False,False,196,196,,1,,1000,1000,200.0
spatial,0.55,10,60000010,no_change,null_arl,exact one-cycle likelihood grid SR,204,True,True,False,False,204,204,,1,,1000,1000,200.0
spatial,0.55,10,60000010,no_change,null_arl,known-post one-cycle likelihood SR,204,True,True,False,False,204,204,,1,,1000,1000,200.0
spatial,0.55,10,60000010,no_change,null_arl,validation-trained linear logistic effect,191,True,True,False,False,191,191,,1,,1000,1000,200.0
spatial,0.55,11,60000011,no_change,null_arl,DFR/count exact pushforward,200,True,True,False,False,200,200,,1,,1000,1000,200.0
spatial,0.55,11,60000011,no_change,null_arl,raw symmetry-resolved AOC,144,True,True,False,False,144,144,,1,,1000,1000,200.0
spatial,0.55,11,60000011,no_change,null_arl,vAOC / same-feature Hotelling,172,True,True,False,False,172,172,,1,,1000,1000,200.0
spatial,0.55,11,60000011,no_change,null_arl,matched correlation witness,229,True,True,False,False,229,229,,1,,1000,1000,200.0
spatial,0.55,11,60000011,no_change,null_arl,exact one-cycle likelihood grid SR,591,True,True,False,False,591,591,,1,,1000,1000,200.0
spatial,0.55,11,60000011,no_change,null_arl,known-post one-cycle likelihood SR,591,True,True,False,False,591,591,,1,,1000,1000,200.0
spatial,0.55,11,60000011,no_change,null_arl,validation-trained linear logistic effect,222,True,True,False,False,222,222,,1,,1000,1000,200.0
spatial,0.55,12,60000012,no_change,null_arl,DFR/count exact pushforward,200,True,True,False,False,200,200,,1,,1000,1000,200.0
spatial,0.55,12,60000012,no_change,null_arl,raw symmetry-resolved AOC,211,True,True,False,False,211,211,,1,,1000,1000,200.0
spatial,0.55,12,60000012,no_change,null_arl,vAOC / same-feature Hotelling,202,True,True,False,False,202,202,,1,,1000,1000,200.0
spatial,0.55,12,60000012,no_change,null_arl,matched correlation witness,190,True,True,False,False,190,190,,1,,1000,1000,200.0
spatial,0.55,12,60000012,no_change,null_arl,exact one-cycle likelihood grid SR,128,True,True,False,False,128,128,,1,,1000,1000,200.0
spatial,0.55,12,60000012,no_change,null_arl,known-post one-cycle likelihood SR,128,True,True,False,False,128,128,,1,,1000,1000,200.0
spatial,0.55,12,60000012,no_change,null_arl,validation-trained linear logistic effect,193,True,True,False,False,193,193,,1,,1000,1000,200.0
spatial,0.55,13,60000013,no_change,null_arl,DFR/count exact pushforward,200,True,True,False,False,200,200,,1,,1000,1000,200.0
spatial,0.55,13,60000013,no_change,null_arl,raw symmetry-resolved AOC,210,True,True,False,False,210,210,,1,,1000,1000,200.0
spatial,0.55,13,60000013,no_change,null_arl,vAOC / same-feature Hotelling,200,True,True,False,False,200,200,,1,,1000,1000,200.0
spatial,0.55,13,60000013,no_change,null_arl,matched correlation witness,204,True,True,False,False,204,204,,1,,1000,1000,200.0
spatial,0.55,13,60000013,no_change,null_arl,exact one-cycle likelihood grid SR,328,True,True,False,False,328,328,,1,,1000,1000,200.0
spatial,0.55,13,60000013,no_change,null_arl,known-post one-cycle likelihood SR,328,True,True,False,False,328,328,,1,,1000,1000,200.0
spatial,0.55,13,60000013,no_change,null_arl,validation-trained linear logistic effect,201,True,True,False,False,201,201,,1,,1000,1000,200.0
spatial,0.55,14,60000014,no_change,null_arl,DFR/count exact pushforward,200,True,True,False,False,200,200,,1,,1000,1000,200.0
spatial,0.55,14,60000014,no_change,null_arl,raw symmetry-resolved AOC,175,True,True,False,False,175,175,,1,,1000,1000,200.0
spatial,0.55,14,60000014,no_change,null_arl,vAOC / same-feature Hotelling,202,True,True,False,False,202,202,,1,,1000,1000,200.0
spatial,0.55,14,60000014,no_change,null_arl,matched correlation witness,213,True,True,False,False,213,213,,1,,1000,1000,200.0
spatial,0.55,14,60000014,no_change,null_arl,exact one-cycle likelihood grid SR,276,True,True,False,False,276,276,,1,,1000,1000,200.0
spatial,0.55,14,60000014,no_change,null_arl,known-post one-cycle likelihood SR,276,True,True,False,False,276,276,,1,,1000,1000,200.0
spatial,0.55,14,60000014,no_change,null_arl,validation-trained linear logistic effect,206,True,True,False,False,206,206,,1,,1000,1000,200.0
spatial,0.55,15,60000015,no_change,null_arl,DFR/count exact pushforward,200,True,True,False,False,200,200,,1,,1000,1000,200.0
spatial,0.55,15,60000015,no_change,null_arl,raw symmetry-resolved AOC,183,True,True,False,False,183,183,,1,,1000,1000,200.0
spatial,0.55,15,60000015,no_change,null_arl,vAOC / same-feature Hotelling,188,True,True,False,False,188,188,,1,,1000,1000,200.0
spatial,0.55,15,60000015,no_change,null_arl,matched correlation witness,223,True,True,False,False,223,223,,1,,1000,1000,200.0
spatial,0.55,15,60000015,no_change,null_arl,exact one-cycle likelihood grid SR,232,True,True,False,False,232,232,,1,,1000,1000,200.0
spatial,0.55,15,60000015,no_change,null_arl,known-post one-cycle likelihood SR,232,True,True,False,False,232,232,,1,,1000,1000,200.0
spatial,0.55,15,60000015,no_change,null_arl,validation-trained linear logistic effect,218,True,True,False,False,218,218,,1,,1000,1000,200.0
spatial,0.55,16,60000016,no_change,null_arl,DFR/count exact pushforward,200,True,True,False,False,200,200,,1,,1000,1000,200.0
spatial,0.55,16,60000016,no_change,null_arl,raw symmetry-resolved AOC,210,True,True,False,False,210,210,,1,,1000,1000,200.0
spatial,0.55,16,60000016,no_change,null_arl,vAOC / same-feature Hotelling,210,True,True,False,False,210,210,,1,,1000,1000,200.0
spatial,0.55,16,60000016,no_change,null_arl,matched correlation witness,195,True,True,False,False,195,195,,1,,1000,1000,200.0
spatial,0.55,16,60000016,no_change,null_arl,exact one-cycle likelihood grid SR,128,True,True,False,False,128,128,,1,,1000,1000,200.0
spatial,0.55,16,60000016,no_change,null_arl,known-post one-cycle likelihood SR,128,True,True,False,False,128,128,,1,,1000,1000,200.0
spatial,0.55,16,60000016,no_change,null_arl,validation-trained linear logistic effect,195,True,True,False,False,195,195,,1,,1000,1000,200.0
spatial,0.55,17,60000017,no_change,null_arl,DFR/count exact pushforward,200,True,True,False,False,200,200,,1,,1000,1000,200.0
spatial,0.55,17,60000017,no_change,null_arl,raw symmetry-resolved AOC,135,True,True,False,False,135,135,,1,,1000,1000,200.0
spatial,0.55,17,60000017,no_change,null_arl,vAOC / same-feature Hotelling,200,True,True,False,False,200,200,,1,,1000,1000,200.0
spatial,0.55,17,60000017,no_change,null_arl,matched correlation witness,192,True,True,False,False,192,192,,1,,1000,1000,200.0
spatial,0.55,17,60000017,no_change,null_arl,exact one-cycle likelihood grid SR,91,True,True,False,False,91,91,,1,,1000,1000,200.0
spatial,0.55,17,60000017,no_change,null_arl,known-post one-cycle likelihood SR,91,True,True,False,False,91,91,,1,,1000,1000,200.0
spatial,0.55,17,60000017,no_change,null_arl,validation-trained linear logistic effect,190,True,True,False,False,190,190,,1,,1000,1000,200.0
spatial,0.55,18,60000018,no_change,null_arl,DFR/count exact pushforward,200,True,True,False,False,200,200,,1,,1000,1000,200.0
spatial,0.55,18,60000018,no_change,null_arl,raw symmetry-resolved AOC,161,True,True,False,False,161,161,,1,,1000,1000,200.0
spatial,0.55,18,60000018,no_change,null_arl,vAOC / same-feature Hotelling,217,True,True,False,False,217,217,,1,,1000,1000,200.0
spatial,0.55,18,60000018,no_change,null_arl,matched correlation witness,205,True,True,False,False,205,205,,1,,1000,1000,200.0
spatial,0.55,18,60000018,no_change,null_arl,exact one-cycle likelihood grid SR,181,True,True,False,False,181,181,,1,,1000,1000,200.0
spatial,0.55,18,60000018,no_change,null_arl,known-post one-cycle likelihood SR,181,True,True,False,False,181,181,,1,,1000,1000,200.0
spatial,0.55,18,60000018,no_change,null_arl,validation-trained linear logistic effect,196,True,True,False,False,196,196,,1,,1000,1000,200.0
spatial,0.55,19,60000019,no_change,null_arl,DFR/count exact pushforward,200,True,True,False,False,200,200,,1,,1000,1000,200.0
spatial,0.55,19,60000019,no_change,null_arl,raw symmetry-resolved AOC,226,True,True,False,False,226,226,,1,,1000,1000,200.0
spatial,0.55,19,60000019,no_change,null_arl,vAOC / same-feature Hotelling,206,True,True,False,False,206,206,,1,,1000,1000,200.0
spatial,0.55,19,60000019,no_change,null_arl,matched correlation witness,188,True,True,False,False,188,188,,1,,1000,1000,200.0
spatial,0.55,19,60000019,no_change,null_arl,exact one-cycle likelihood grid SR,137,True,True,False,False,137,137,,1,,1000,1000,200.0
spatial,0.55,19,60000019,no_change,null_arl,known-post one-cycle likelihood SR,137,True,True,False,False,137,137,,1,,1000,1000,200.0
spatial,0.55,19,60000019,no_change,null_arl,validation-trained linear logistic effect,188,True,True,False,False,188,188,,1,,1000,1000,200.0
spatial,0.55,20,60000020,no_change,null_arl,DFR/count exact pushforward,200,True,True,False,False,200,200,,1,,1000,1000,200.0
spatial,0.55,20,60000020,no_change,null_arl,raw symmetry-resolved AOC,163,True,True,False,False,163,163,,1,,1000,1000,200.0
spatial,0.55,20,60000020,no_change,null_arl,vAOC / same-feature Hotelling,198,True,True,False,False,198,198,,1,,1000,1000,200.0
spatial,0.55,20,60000020,no_change,null_arl,matched correlation witness,204,True,True,False,False,204,204,,1,,1000,1000,200.0
spatial,0.55,20,60000020,no_change,null_arl,exact one-cycle likelihood grid SR,237,True,True,False,False,237,237,,1,,1000,1000,200.0
spatial,0.55,20,60000020,no_change,null_arl,known-post one-cycle likelihood SR,237,True,True,False,False,237,237,,1,,1000,1000,200.0
spatial,0.55,20,60000020,no_change,null_arl,validation-trained linear logistic effect,216,True,True,False,False,216,216,,1,,1000,1000,200.0
spatial,0.55,21,60000021,no_change,null_arl,DFR/count exact pushforward,200,True,True,False,False,200,200,,1,,1000,1000,200.0
spatial,0.55,21,60000021,no_change,null_arl,raw symmetry-resolved AOC,157,True,True,False,False,157,157,,1,,1000,1000,200.0
spatial,0.55,21,60000021,no_change,null_arl,vAOC / same-feature Hotelling,190,True,True,False,False,190,190,,1,,1000,1000,200.0
spatial,0.55,21,60000021,no_change,null_arl,matched correlation witness,183,True,True,False,False,183,183,,1,,1000,1000,200.0
spatial,0.55,21,60000021,no_change,null_arl,exact one-cycle likelihood grid SR,165,True,True,False,False,165,165,,1,,1000,1000,200.0
spatial,0.55,21,60000021,no_change,null_arl,known-post one-cycle likelihood SR,165,True,True,False,False,165,165,,1,,1000,1000,200.0
spatial,0.55,21,60000021,no_change,null_arl,validation-trained linear logistic effect,197,True,True,False,False,197,197,,1,,1000,1000,200.0
spatial,0.55,22,60000022,no_change,null_arl,DFR/count exact pushforward,200,True,True,False,False,200,200,,1,,1000,1000,200.0
spatial,0.55,22,60000022,no_change,null_arl,raw symmetry-resolved AOC,188,True,True,False,False,188,188,,1,,1000,1000,200.0
spatial,0.55,22,60000022,no_change,null_arl,vAOC / same-feature Hotelling,192,True,True,False,False,192,192,,1,,1000,1000,200.0
spatial,0.55,22,60000022,no_change,null_arl,matched correlation witness,185,True,True,False,False,185,185,,1,,1000,1000,200.0
spatial,0.55,22,60000022,no_change,null_arl,exact one-cycle likelihood grid SR,121,True,True,False,False,121,121,,1,,1000,1000,200.0
spatial,0.55,22,60000022,no_change,null_arl,known-post one-cycle likelihood SR,121,True,True,False,False,121,121,,1,,1000,1000,200.0
spatial,0.55,22,60000022,no_change,null_arl,validation-trained linear logistic effect,192,True,True,False,False,192,192,,1,,1000,1000,200.0
spatial,0.55,23,60000023,no_change,null_arl,DFR/count exact pushforward,200,True,True,False,False,200,200,,1,,1000,1000,200.0
spatial,0.55,23,60000023,no_change,null_arl,raw symmetry-resolved AOC,181,True,True,False,False,181,181,,1,,1000,1000,200.0
spatial,0.55,23,60000023,no_change,null_arl,vAOC / same-feature Hotelling,201,True,True,False,False,201,201,,1,,1000,1000,200.0
spatial,0.55,23,60000023,no_change,null_arl,matched correlation witness,194,True,True,False,False,194,194,,1,,1000,1000,200.0
spatial,0.55,23,60000023,no_change,null_arl,exact one-cycle likelihood grid SR,208,True,True,False,False,208,208,,1,,1000,1000,200.0
spatial,0.55,23,60000023,no_change,null_arl,known-post one-cycle likelihood SR,208,True,True,False,False,208,208,,1,,1000,1000,200.0
spatial,0.55,23,60000023,no_change,null_arl,validation-trained linear logistic effect,192,True,True,False,False,192,192,,1,,1000,1000,200.0
spatial,0.55,24,60000024,no_change,null_arl,DFR/count exact pushforward,200,True,True,False,False,200,200,,1,,1000,1000,200.0
spatial,0.55,24,60000024,no_change,null_arl,raw symmetry-resolved AOC,212,True,True,False,False,212,212,,1,,1000,1000,200.0
spatial,0.55,24,60000024,no_change,null_arl,vAOC / same-feature Hotelling,202,True,True,False,False,202,202,,1,,1000,1000,200.0
spatial,0.55,24,60000024,no_change,null_arl,matched correlation witness,201,True,True,False,False,201,201,,1,,1000,1000,200.0
spatial,0.55,24,60000024,no_change,null_arl,exact one-cycle likelihood grid SR,185,True,True,False,False,185,185,,1,,1000,1000,200.0
spatial,0.55,24,60000024,no_change,null_arl,known-post one-cycle likelihood SR,185,True,True,False,False,185,185,,1,,1000,1000,200.0
spatial,0.55,24,60000024,no_change,null_arl,validation-trained linear logistic effect,201,True,True,False,False,201,201,,1,,1000,1000,200.0
spatial,0.55,25,60000025,no_change,null_arl,DFR/count exact pushforward,200,True,True,False,False,200,200,,1,,1000,1000,200.0
spatial,0.55,25,60000025,no_change,null_arl,raw symmetry-resolved AOC,129,True,True,False,False,129,129,,1,,1000,1000,200.0
spatial,0.55,25,60000025,no_change,null_arl,vAOC / same-feature Hotelling,187,True,True,False,False,187,187,,1,,1000,1000,200.0
spatial,0.55,25,60000025,no_change,null_arl,matched correlation witness,236,True,True,False,False,236,236,,1,,1000,1000,200.0
spatial,0.55,25,60000025,no_change,null_arl,exact one-cycle likelihood grid SR,379,True,True,False,False,379,379,,1,,1000,1000,200.0
spatial,0.55,25,60000025,no_change,null_arl,known-post one-cycle likelihood SR,379,True,True,False,False,379,379,,1,,1000,1000,200.0
spatial,0.55,25,60000025,no_change,null_arl,validation-trained linear logistic effect,218,True,True,False,False,218,218,,1,,1000,1000,200.0
spatial,0.55,26,60000026,no_change,null_arl,DFR/count exact pushforward,200,True,True,False,False,200,200,,1,,1000,1000,200.0
spatial,0.55,26,60000026,no_change,null_arl,raw symmetry-resolved AOC,177,True,True,False,False,177,177,,1,,1000,1000,200.0
spatial,0.55,26,60000026,no_change,null_arl,vAOC / same-feature Hotelling,226,True,True,False,False,226,226,,1,,1000,1000,200.0
spatial,0.55,26,60000026,no_change,null_arl,matched correlation witness,208,True,True,False,False,208,208,,1,,1000,1000,200.0
spatial,0.55,26,60000026,no_change,null_arl,exact one-cycle likelihood grid SR,416,True,True,False,False,416,416,,1,,1000,1000,200.0
spatial,0.55,26,60000026,no_change,null_arl,known-post one-cycle likelihood SR,416,True,True,False,False,416,416,,1,,1000,1000,200.0
spatial,0.55,26,60000026,no_change,null_arl,validation-trained linear logistic effect,210,True,True,False,False,210,210,,1,,1000,1000,200.0
spatial,0.55,27,60000027,no_change,null_arl,DFR/count exact pushforward,200,True,True,False,False,200,200,,1,,1000,1000,200.0
spatial,0.55,27,60000027,no_change,null_arl,raw symmetry-resolved AOC,192,True,True,False,False,192,192,,1,,1000,1000,200.0
spatial,0.55,27,60000027,no_change,null_arl,vAOC / same-feature Hotelling,191,True,True,False,False,191,191,,1,,1000,1000,200.0
spatial,0.55,27,60000027,no_change,null_arl,matched correlation witness,174,True,True,False,False,174,174,,1,,1000,1000,200.0
spatial,0.55,27,60000027,no_change,null_arl,exact one-cycle likelihood grid SR,109,True,True,False,False,109,109,,1,,1000,1000,200.0
spatial,0.55,27,60000027,no_change,null_arl,known-post one-cycle likelihood SR,109,True,True,False,False,109,109,,1,,1000,1000,200.0
spatial,0.55,27,60000027,no_change,null_arl,validation-trained linear logistic effect,174,True,True,False,False,174,174,,1,,1000,1000,200.0
spatial,0.55,28,60000028,no_change,null_arl,DFR/count exact pushforward,200,True,True,False,False,200,200,,1,,1000,1000,200.0
spatial,0.55,28,60000028,no_change,null_arl,raw symmetry-resolved AOC,259,True,True,False,False,259,259,,1,,1000,1000,200.0
spatial,0.55,28,60000028,no_change,null_arl,vAOC / same-feature Hotelling,195,True,True,False,False,195,195,,1,,1000,1000,200.0
spatial,0.55,28,60000028,no_change,null_arl,matched correlation witness,198,True,True,False,False,198,198,,1,,1000,1000,200.0
spatial,0.55,28,60000028,no_change,null_arl,exact one-cycle likelihood grid SR,113,True,True,False,False,113,113,,1,,1000,1000,200.0
spatial,0.55,28,60000028,no_change,null_arl,known-post one-cycle likelihood SR,113,True,True,False,False,113,113,,1,,1000,1000,200.0
spatial,0.55,28,60000028,no_change,null_arl,validation-trained linear logistic effect,210,True,True,False,False,210,210,,1,,1000,1000,200.0
spatial,0.55,29,60000029,no_change,null_arl,DFR/count exact pushforward,200,True,True,False,False,200,200,,1,,1000,1000,200.0
spatial,0.55,29,60000029,no_change,null_arl,raw symmetry-resolved AOC,244,True,True,False,False,244,244,,1,,1000,1000,200.0
spatial,0.55,29,60000029,no_change,null_arl,vAOC / same-feature Hotelling,205,True,True,False,False,205,205,,1,,1000,1000,200.0
spatial,0.55,29,60000029,no_change,null_arl,matched correlation witness,211,True,True,False,False,211,211,,1,,1000,1000,200.0
spatial,0.55,29,60000029,no_change,null_arl,exact one-cycle likelihood grid SR,365,True,True,False,False,365,365,,1,,1000,1000,200.0
spatial,0.55,29,60000029,no_change,null_arl,known-post one-cycle likelihood SR,365,True,True,False,False,365,365,,1,,1000,1000,200.0
spatial,0.55,29,60000029,no_change,null_arl,validation-trained linear logistic effect,212,True,True,False,False,212,212,,1,,1000,1000,200.0
spatial,0.55,30,60000030,no_change,null_arl,DFR/count exact pushforward,200,True,True,False,False,200,200,,1,,1000,1000,200.0
spatial,0.55,30,60000030,no_change,null_arl,raw symmetry-resolved AOC,179,True,True,False,False,179,179,,1,,1000,1000,200.0
spatial,0.55,30,60000030,no_change,null_arl,vAOC / same-feature Hotelling,188,True,True,False,False,188,188,,1,,1000,1000,200.0
spatial,0.55,30,60000030,no_change,null_arl,matched correlation witness,229,True,True,False,False,229,229,,1,,1000,1000,200.0
spatial,0.55,30,60000030,no_change,null_arl,exact one-cycle likelihood grid SR,310,True,True,False,False,310,310,,1,,1000,1000,200.0
spatial,0.55,30,60000030,no_change,null_arl,known-post one-cycle likelihood SR,310,True,True,False,False,310,310,,1,,1000,1000,200.0
spatial,0.55,30,60000030,no_change,null_arl,validation-trained linear logistic effect,233,True,True,False,False,233,233,,1,,1000,1000,200.0
spatial,0.55,31,60000031,no_change,null_arl,DFR/count exact pushforward,200,True,True,False,False,200,200,,1,,1000,1000,200.0
spatial,0.55,31,60000031,no_change,null_arl,raw symmetry-resolved AOC,217,True,True,False,False,217,217,,1,,1000,1000,200.0
spatial,0.55,31,60000031,no_change,null_arl,vAOC / same-feature Hotelling,202,True,True,False,False,202,202,,1,,1000,1000,200.0
spatial,0.55,31,60000031,no_change,null_arl,matched correlation witness,184,True,True,False,False,184,184,,1,,1000,1000,200.0
spatial,0.55,31,60000031,no_change,null_arl,exact one-cycle likelihood grid SR,167,True,True,False,False,167,167,,1,,1000,1000,200.0
spatial,0.55,31,60000031,no_change,null_arl,known-post one-cycle likelihood SR,167,True,True,False,False,167,167,,1,,1000,1000,200.0
spatial,0.55,31,60000031,no_change,null_arl,validation-trained linear logistic effect,186,True,True,False,False,186,186,,1,,1000,1000,200.0
spatial,0.55,0,60100000,changed,surveillance,DFR/count exact pushforward,200,False,True,True,False,200,200,72.0,1,72.0,384,384,200.0
spatial,0.55,0,60100000,changed,surveillance,raw symmetry-resolved AOC,111,True,False,False,False,111,111,,1,,384,384,200.0
spatial,0.55,0,60100000,changed,surveillance,vAOC / same-feature Hotelling,191,False,True,True,False,191,191,63.0,1,63.0,384,384,200.0
spatial,0.55,0,60100000,changed,surveillance,matched correlation witness,177,False,True,True,False,177,177,49.0,1,49.0,384,384,200.0
spatial,0.55,0,60100000,changed,surveillance,exact one-cycle likelihood grid SR,77,True,False,False,False,77,77,,1,,384,384,200.0
spatial,0.55,0,60100000,changed,surveillance,known-post one-cycle likelihood SR,77,True,False,False,False,77,77,,1,,384,384,200.0
spatial,0.55,0,60100000,changed,surveillance,validation-trained linear logistic effect,174,False,True,True,False,174,174,46.0,1,46.0,384,384,200.0
spatial,0.55,0,60100000,changed,restart_at_change,DFR/count exact pushforward,200,False,True,True,False,200,200,200.0,1,200.0,384,384,200.0
spatial,0.55,0,60100000,changed,restart_at_change,raw symmetry-resolved AOC,119,False,True,True,False,119,119,119.0,1,119.0,384,384,200.0
spatial,0.55,0,60100000,changed,restart_at_change,vAOC / same-feature Hotelling,205,False,True,True,False,205,205,205.0,1,205.0,384,384,200.0
spatial,0.55,0,60100000,changed,restart_at_change,matched correlation witness,176,False,True,True,False,176,176,176.0,1,176.0,384,384,200.0
spatial,0.55,0,60100000,changed,restart_at_change,exact one-cycle likelihood grid SR,23,False,True,True,False,23,23,23.0,1,23.0,384,384,200.0
spatial,0.55,0,60100000,changed,restart_at_change,known-post one-cycle likelihood SR,23,False,True,True,False,23,23,23.0,1,23.0,384,384,200.0
spatial,0.55,0,60100000,changed,restart_at_change,validation-trained linear logistic effect,182,False,True,True,False,182,182,182.0,1,182.0,384,384,200.0
spatial,0.55,1,60100001,changed,surveillance,DFR/count exact pushforward,200,False,True,True,False,200,200,72.0,1,72.0,384,384,200.0
spatial,0.55,1,60100001,changed,surveillance,raw symmetry-resolved AOC,168,False,True,True,False,168,168,40.0,1,40.0,384,384,200.0
spatial,0.55,1,60100001,changed,surveillance,vAOC / same-feature Hotelling,184,False,True,True,False,184,184,56.0,1,56.0,384,384,200.0
spatial,0.55,1,60100001,changed,surveillance,matched correlation witness,183,False,True,True,False,183,183,55.0,1,55.0,384,384,200.0
spatial,0.55,1,60100001,changed,surveillance,exact one-cycle likelihood grid SR,136,False,True,True,False,136,136,8.0,1,8.0,384,384,200.0
spatial,0.55,1,60100001,changed,surveillance,known-post one-cycle likelihood SR,136,False,True,True,False,136,136,8.0,1,8.0,384,384,200.0
spatial,0.55,1,60100001,changed,surveillance,validation-trained linear logistic effect,184,False,True,True,False,184,184,56.0,1,56.0,384,384,200.0
spatial,0.55,1,60100001,changed,restart_at_change,DFR/count exact pushforward,200,False,True,True,False,200,200,200.0,1,200.0,384,384,200.0
spatial,0.55,1,60100001,changed,restart_at_change,raw symmetry-resolved AOC,144,False,True,True,False,144,144,144.0,1,144.0,384,384,200.0
spatial,0.55,1,60100001,changed,restart_at_change,vAOC / same-feature Hotelling,169,False,True,True,False,169,169,169.0,1,169.0,384,384,200.0
spatial,0.55,1,60100001,changed,restart_at_change,matched correlation witness,164,False,True,True,False,164,164,164.0,1,164.0,384,384,200.0
spatial,0.55,1,60100001,changed,restart_at_change,exact one-cycle likelihood grid SR,30,False,True,True,False,30,30,30.0,1,30.0,384,384,200.0
spatial,0.55,1,60100001,changed,restart_at_change,known-post one-cycle likelihood SR,30,False,True,True,False,30,30,30.0,1,30.0,384,384,200.0
spatial,0.55,1,60100001,changed,restart_at_change,validation-trained linear logistic effect,176,False,True,True,False,176,176,176.0,1,176.0,384,384,200.0
spatial,0.55,2,60100002,changed,surveillance,DFR/count exact pushforward,200,False,True,True,False,200,200,72.0,1,72.0,384,384,200.0
spatial,0.55,2,60100002,changed,surveillance,raw symmetry-resolved AOC,195,False,True,True,False,195,195,67.0,1,67.0,384,384,200.0
spatial,0.55,2,60100002,changed,surveillance,vAOC / same-feature Hotelling,189,False,True,True,False,189,189,61.0,1,61.0,384,384,200.0
spatial,0.55,2,60100002,changed,surveillance,matched correlation witness,184,False,True,True,False,184,184,56.0,1,56.0,384,384,200.0
spatial,0.55,2,60100002,changed,surveillance,exact one-cycle likelihood grid SR,160,False,True,True,False,160,160,32.0,1,32.0,384,384,200.0
spatial,0.55,2,60100002,changed,surveillance,known-post one-cycle likelihood SR,160,False,True,True,False,160,160,32.0,1,32.0,384,384,200.0
spatial,0.55,2,60100002,changed,surveillance,validation-trained linear logistic effect,187,False,True,True,False,187,187,59.0,1,59.0,384,384,200.0
spatial,0.55,2,60100002,changed,restart_at_change,DFR/count exact pushforward,200,False,True,True,False,200,200,200.0,1,200.0,384,384,200.0
spatial,0.55,2,60100002,changed,restart_at_change,raw symmetry-resolved AOC,145,False,True,True,False,145,145,145.0,1,145.0,384,384,200.0
spatial,0.55,2,60100002,changed,restart_at_change,vAOC / same-feature Hotelling,166,False,True,True,False,166,166,166.0,1,166.0,384,384,200.0
spatial,0.55,2,60100002,changed,restart_at_change,matched correlation witness,171,False,True,True,False,171,171,171.0,1,171.0,384,384,200.0
spatial,0.55,2,60100002,changed,restart_at_change,exact one-cycle likelihood grid SR,38,False,True,True,False,38,38,38.0,1,38.0,384,384,200.0
spatial,0.55,2,60100002,changed,restart_at_change,known-post one-cycle likelihood SR,38,False,True,True,False,38,38,38.0,1,38.0,384,384,200.0
spatial,0.55,2,60100002,changed,restart_at_change,validation-trained linear logistic effect,178,False,True,True,False,178,178,178.0,1,178.0,384,384,200.0
spatial,0.55,3,60100003,changed,surveillance,DFR/count exact pushforward,200,False,True,True,False,200,200,72.0,1,72.0,384,384,200.0
spatial,0.55,3,60100003,changed,surveillance,raw symmetry-resolved AOC,268,False,True,True,False,268,268,140.0,1,140.0,384,384,200.0
spatial,0.55,3,60100003,changed,surveillance,vAOC / same-feature Hotelling,198,False,True,True,False,198,198,70.0,1,70.0,384,384,200.0
spatial,0.55,3,60100003,changed,surveillance,matched correlation witness,184,False,True,True,False,184,184,56.0,1,56.0,384,384,200.0
spatial,0.55,3,60100003,changed,surveillance,exact one-cycle likelihood grid SR,174,False,True,True,False,174,174,46.0,1,46.0,384,384,200.0
spatial,0.55,3,60100003,changed,surveillance,known-post one-cycle likelihood SR,174,False,True,True,False,174,174,46.0,1,46.0,384,384,200.0
spatial,0.55,3,60100003,changed,surveillance,validation-trained linear logistic effect,186,False,True,True,False,186,186,58.0,1,58.0,384,384,200.0
spatial,0.55,3,60100003,changed,restart_at_change,DFR/count exact pushforward,200,False,True,True,False,200,200,200.0,1,200.0,384,384,200.0
spatial,0.55,3,60100003,changed,restart_at_change,raw symmetry-resolved AOC,202,False,True,True,False,202,202,202.0,1,202.0,384,384,200.0
spatial,0.55,3,60100003,changed,restart_at_change,vAOC / same-feature Hotelling,179,False,True,True,False,179,179,179.0,1,179.0,384,384,200.0
spatial,0.55,3,60100003,changed,restart_at_change,matched correlation witness,157,False,True,True,False,157,157,157.0,1,157.0,384,384,200.0
spatial,0.55,3,60100003,changed,restart_at_change,exact one-cycle likelihood grid SR,47,False,True,True,False,47,47,47.0,1,47.0,384,384,200.0
spatial,0.55,3,60100003,changed,restart_at_change,known-post one-cycle likelihood SR,47,False,True,True,False,47,47,47.0,1,47.0,384,384,200.0
spatial,0.55,3,60100003,changed,restart_at_change,validation-trained linear logistic effect,160,False,True,True,False,160,160,160.0,1,160.0,384,384,200.0
spatial,0.55,4,60100004,changed,surveillance,DFR/count exact pushforward,200,False,True,True,False,200,200,72.0,1,72.0,384,384,200.0
spatial,0.55,4,60100004,changed,surveillance,raw symmetry-resolved AOC,128,True,False,False,False,128,128,,1,,384,384,200.0
spatial,0.55,4,60100004,changed,surveillance,vAOC / same-feature Hotelling,218,False,True,True,False,218,218,90.0,1,90.0,384,384,200.0
spatial,0.55,4,60100004,changed,surveillance,matched correlation witness,198,False,True,True,False,198,198,70.0,1,70.0,384,384,200.0
spatial,0.55,4,60100004,changed,surveillance,exact one-cycle likelihood grid SR,186,False,True,True,False,186,186,58.0,1,58.0,384,384,200.0
spatial,0.55,4,60100004,changed,surveillance,known-post one-cycle likelihood SR,186,False,True,True,False,186,186,58.0,1,58.0,384,384,200.0
spatial,0.55,4,60100004,changed,surveillance,validation-trained linear logistic effect,202,False,True,True,False,202,202,74.0,1,74.0,384,384,200.0
spatial,0.55,4,60100004,changed,restart_at_change,DFR/count exact pushforward,200,False,True,True,False,200,200,200.0,1,200.0,384,384,200.0
spatial,0.55,4,60100004,changed,restart_at_change,raw symmetry-resolved AOC,242,False,True,True,False,242,242,242.0,1,242.0,384,384,200.0
spatial,0.55,4,60100004,changed,restart_at_change,vAOC / same-feature Hotelling,188,False,True,True,False,188,188,188.0,1,188.0,384,384,200.0
spatial,0.55,4,60100004,changed,restart_at_change,matched correlation witness,176,False,True,True,False,176,176,176.0,1,176.0,384,384,200.0
spatial,0.55,4,60100004,changed,restart_at_change,exact one-cycle likelihood grid SR,69,False,True,True,False,69,69,69.0,1,69.0,384,384,200.0
spatial,0.55,4,60100004,changed,restart_at_change,known-post one-cycle likelihood SR,69,False,True,True,False,69,69,69.0,1,69.0,384,384,200.0
spatial,0.55,4,60100004,changed,restart_at_change,validation-trained linear logistic effect,176,False,True,True,False,176,176,176.0,1,176.0,384,384,200.0
spatial,0.55,5,60100005,changed,surveillance,DFR/count exact pushforward,200,False,True,True,False,200,200,72.0,1,72.0,384,384,200.0
spatial,0.55,5,60100005,changed,surveillance,raw symmetry-resolved AOC,217,False,True,True,False,217,217,89.0,1,89.0,384,384,200.0
spatial,0.55,5,60100005,changed,surveillance,vAOC / same-feature Hotelling,191,False,True,True,False,191,191,63.0,1,63.0,384,384,200.0
spatial,0.55,5,60100005,changed,surveillance,matched correlation witness,173,False,True,True,False,173,173,45.0,1,45.0,384,384,200.0
spatial,0.55,5,60100005,changed,surveillance,exact one-cycle likelihood grid SR,113,True,False,False,False,113,113,,1,,384,384,200.0
spatial,0.55,5,60100005,changed,surveillance,known-post one-cycle likelihood SR,113,True,False,False,False,113,113,,1,,384,384,200.0
spatial,0.55,5,60100005,changed,surveillance,validation-trained linear logistic effect,174,False,True,True,False,174,174,46.0,1,46.0,384,384,200.0
spatial,0.55,5,60100005,changed,restart_at_change,DFR/count exact pushforward,200,False,True,True,False,200,200,200.0,1,200.0,384,384,200.0
spatial,0.55,5,60100005,changed,restart_at_change,raw symmetry-resolved AOC,219,False,True,True,False,219,219,219.0,1,219.0,384,384,200.0
spatial,0.55,5,60100005,changed,restart_at_change,vAOC / same-feature Hotelling,185,False,True,True,False,185,185,185.0,1,185.0,384,384,200.0
spatial,0.55,5,60100005,changed,restart_at_change,matched correlation witness,173,False,True,True,False,173,173,173.0,1,173.0,384,384,200.0
spatial,0.55,5,60100005,changed,restart_at_change,exact one-cycle likelihood grid SR,19,False,True,True,False,19,19,19.0,1,19.0,384,384,200.0
spatial,0.55,5,60100005,changed,restart_at_change,known-post one-cycle likelihood SR,19,False,True,True,False,19,19,19.0,1,19.0,384,384,200.0
spatial,0.55,5,60100005,changed,restart_at_change,validation-trained linear logistic effect,182,False,True,True,False,182,182,182.0,1,182.0,384,384,200.0
spatial,0.55,6,60100006,changed,surveillance,DFR/count exact pushforward,200,False,True,True,False,200,200,72.0,1,72.0,384,384,200.0
spatial,0.55,6,60100006,changed,surveillance,raw symmetry-resolved AOC,257,False,True,True,False,257,257,129.0,1,129.0,384,384,200.0
spatial,0.55,6,60100006,changed,surveillance,vAOC / same-feature Hotelling,206,False,True,True,False,206,206,78.0,1,78.0,384,384,200.0
spatial,0.55,6,60100006,changed,surveillance,matched correlation witness,178,False,True,True,False,178,178,50.0,1,50.0,384,384,200.0
spatial,0.55,6,60100006,changed,surveillance,exact one-cycle likelihood grid SR,69,True,False,False,False,69,69,,1,,384,384,200.0
spatial,0.55,6,60100006,changed,surveillance,known-post one-cycle likelihood SR,69,True,False,False,False,69,69,,1,,384,384,200.0
spatial,0.55,6,60100006,changed,surveillance,validation-trained linear logistic effect,176,False,True,True,False,176,176,48.0,1,48.0,384,384,200.0
spatial,0.55,6,60100006,changed,restart_at_change,DFR/count exact pushforward,200,False,True,True,False,200,200,200.0,1,200.0,384,384,200.0
spatial,0.55,6,60100006,changed,restart_at_change,raw symmetry-resolved AOC,188,False,True,True,False,188,188,188.0,1,188.0,384,384,200.0
spatial,0.55,6,60100006,changed,restart_at_change,vAOC / same-feature Hotelling,189,False,True,True,False,189,189,189.0,1,189.0,384,384,200.0
spatial,0.55,6,60100006,changed,restart_at_change,matched correlation witness,187,False,True,True,False,187,187,187.0,1,187.0,384,384,200.0
spatial,0.55,6,60100006,changed,restart_at_change,exact one-cycle likelihood grid SR,79,False,True,True,False,79,79,79.0,1,79.0,384,384,200.0
spatial,0.55,6,60100006,changed,restart_at_change,known-post one-cycle likelihood SR,79,False,True,True,False,79,79,79.0,1,79.0,384,384,200.0
spatial,0.55,6,60100006,changed,restart_at_change,validation-trained linear logistic effect,188,False,True,True,False,188,188,188.0,1,188.0,384,384,200.0
spatial,0.55,7,60100007,changed,surveillance,DFR/count exact pushforward,200,False,True,True,False,200,200,72.0,1,72.0,384,384,200.0
spatial,0.55,7,60100007,changed,surveillance,raw symmetry-resolved AOC,230,False,True,True,False,230,230,102.0,1,102.0,384,384,200.0
spatial,0.55,7,60100007,changed,surveillance,vAOC / same-feature Hotelling,188,False,True,True,False,188,188,60.0,1,60.0,384,384,200.0
spatial,0.55,7,60100007,changed,surveillance,matched correlation witness,182,False,True,True,False,182,182,54.0,1,54.0,384,384,200.0
spatial,0.55,7,60100007,changed,surveillance,exact one-cycle likelihood grid SR,141,False,True,True,False,141,141,13.0,1,13.0,384,384,200.0
spatial,0.55,7,60100007,changed,surveillance,known-post one-cycle likelihood SR,141,False,True,True,False,141,141,13.0,1,13.0,384,384,200.0
spatial,0.55,7,60100007,changed,surveillance,validation-trained linear logistic effect,181,False,True,True,False,181,181,53.0,1,53.0,384,384,200.0
spatial,0.55,7,60100007,changed,restart_at_change,DFR/count exact pushforward,200,False,True,True,False,200,200,200.0,1,200.0,384,384,200.0
spatial,0.55,7,60100007,changed,restart_at_change,raw symmetry-resolved AOC,205,False,True,True,False,205,205,205.0,1,205.0,384,384,200.0
spatial,0.55,7,60100007,changed,restart_at_change,vAOC / same-feature Hotelling,199,False,True,True,False,199,199,199.0,1,199.0,384,384,200.0
spatial,0.55,7,60100007,changed,restart_at_change,matched correlation witness,178,False,True,True,False,178,178,178.0,1,178.0,384,384,200.0
spatial,0.55,7,60100007,changed,restart_at_change,exact one-cycle likelihood grid SR,21,False,True,True,False,21,21,21.0,1,21.0,384,384,200.0
spatial,0.55,7,60100007,changed,restart_at_change,known-post one-cycle likelihood SR,21,False,True,True,False,21,21,21.0,1,21.0,384,384,200.0
spatial,0.55,7,60100007,changed,restart_at_change,validation-trained linear logistic effect,178,False,True,True,False,178,178,178.0,1,178.0,384,384,200.0
spatial,0.55,8,60100008,changed,surveillance,DFR/count exact pushforward,200,False,True,True,False,200,200,72.0,1,72.0,384,384,200.0
spatial,0.55,8,60100008,changed,surveillance,raw symmetry-resolved AOC,208,False,True,True,False,208,208,80.0,1,80.0,384,384,200.0
spatial,0.55,8,60100008,changed,surveillance,vAOC / same-feature Hotelling,189,False,True,True,False,189,189,61.0,1,61.0,384,384,200.0
spatial,0.55,8,60100008,changed,surveillance,matched correlation witness,176,False,True,True,False,176,176,48.0,1,48.0,384,384,200.0
spatial,0.55,8,60100008,changed,surveillance,exact one-cycle likelihood grid SR,69,True,False,False,False,69,69,,1,,384,384,200.0
spatial,0.55,8,60100008,changed,surveillance,known-post one-cycle likelihood SR,69,True,False,False,False,69,69,,1,,384,384,200.0
spatial,0.55,8,60100008,changed,surveillance,validation-trained linear logistic effect,176,False,True,True,False,176,176,48.0,1,48.0,384,384,200.0
spatial,0.55,8,60100008,changed,restart_at_change,DFR/count exact pushforward,200,False,True,True,False,200,200,200.0,1,200.0,384,384,200.0
spatial,0.55,8,60100008,changed,restart_at_change,raw symmetry-resolved AOC,176,False,True,True,False,176,176,176.0,1,176.0,384,384,200.0
spatial,0.55,8,60100008,changed,restart_at_change,vAOC / same-feature Hotelling,156,False,True,True,False,156,156,156.0,1,156.0,384,384,200.0
spatial,0.55,8,60100008,changed,restart_at_change,matched correlation witness,148,False,True,True,False,148,148,148.0,1,148.0,384,384,200.0
spatial,0.55,8,60100008,changed,restart_at_change,exact one-cycle likelihood grid SR,36,False,True,True,False,36,36,36.0,1,36.0,384,384,200.0
spatial,0.55,8,60100008,changed,restart_at_change,known-post one-cycle likelihood SR,36,False,True,True,False,36,36,36.0,1,36.0,384,384,200.0
spatial,0.55,8,60100008,changed,restart_at_change,validation-trained linear logistic effect,148,False,True,True,False,148,148,148.0,1,148.0,384,384,200.0
spatial,0.55,9,60100009,changed,surveillance,DFR/count exact pushforward,200,False,True,True,False,200,200,72.0,1,72.0,384,384,200.0
spatial,0.55,9,60100009,changed,surveillance,raw symmetry-resolved AOC,178,False,True,True,False,178,178,50.0,1,50.0,384,384,200.0
spatial,0.55,9,60100009,changed,surveillance,vAOC / same-feature Hotelling,192,False,True,True,False,192,192,64.0,1,64.0,384,384,200.0
spatial,0.55,9,60100009,changed,surveillance,matched correlation witness,185,False,True,True,False,185,185,57.0,1,57.0,384,384,200.0
spatial,0.55,9,60100009,changed,surveillance,exact one-cycle likelihood grid SR,57,True,False,False,False,57,57,,1,,384,384,200.0
spatial,0.55,9,60100009,changed,surveillance,known-post one-cycle likelihood SR,57,True,False,False,False,57,57,,1,,384,384,200.0
spatial,0.55,9,60100009,changed,surveillance,validation-trained linear logistic effect,184,False,True,True,False,184,184,56.0,1,56.0,384,384,200.0
spatial,0.55,9,60100009,changed,restart_at_change,DFR/count exact pushforward,200,False,True,True,False,200,200,200.0,1,200.0,384,384,200.0
spatial,0.55,9,60100009,changed,restart_at_change,raw symmetry-resolved AOC,128,False,True,True,False,128,128,128.0,1,128.0,384,384,200.0
spatial,0.55,9,60100009,changed,restart_at_change,vAOC / same-feature Hotelling,170,False,True,True,False,170,170,170.0,1,170.0,384,384,200.0
spatial,0.55,9,60100009,changed,restart_at_change,matched correlation witness,162,False,True,True,False,162,162,162.0,1,162.0,384,384,200.0
spatial,0.55,9,60100009,changed,restart_at_change,exact one-cycle likelihood grid SR,60,False,True,True,False,60,60,60.0,1,60.0,384,384,200.0
spatial,0.55,9,60100009,changed,restart_at_change,known-post one-cycle likelihood SR,60,False,True,True,False,60,60,60.0,1,60.0,384,384,200.0
spatial,0.55,9,60100009,changed,restart_at_change,validation-trained linear logistic effect,166,False,True,True,False,166,166,166.0,1,166.0,384,384,200.0
spatial,0.55,10,60100010,changed,surveillance,DFR/count exact pushforward,200,False,True,True,False,200,200,72.0,1,72.0,384,384,200.0
spatial,0.55,10,60100010,changed,surveillance,raw symmetry-resolved AOC,161,False,True,True,False,161,161,33.0,1,33.0,384,384,200.0
spatial,0.55,10,60100010,changed,surveillance,vAOC / same-feature Hotelling,199,False,True,True,False,199,199,71.0,1,71.0,384,384,200.0
spatial,0.55,10,60100010,changed,surveillance,matched correlation witness,188,False,True,True,False,188,188,60.0,1,60.0,384,384,200.0
spatial,0.55,10,60100010,changed,surveillance,exact one-cycle likelihood grid SR,154,False,True,True,False,154,154,26.0,1,26.0,384,384,200.0
spatial,0.55,10,60100010,changed,surveillance,known-post one-cycle likelihood SR,154,False,True,True,False,154,154,26.0,1,26.0,384,384,200.0
spatial,0.55,10,60100010,changed,surveillance,validation-trained linear logistic effect,188,False,True,True,False,188,188,60.0,1,60.0,384,384,200.0
spatial,0.55,10,60100010,changed,restart_at_change,DFR/count exact pushforward,200,False,True,True,False,200,200,200.0,1,200.0,384,384,200.0
spatial,0.55,10,60100010,changed,restart_at_change,raw symmetry-resolved AOC,136,False,True,True,False,136,136,136.0,1,136.0,384,384,200.0
spatial,0.55,10,60100010,changed,restart_at_change,vAOC / same-feature Hotelling,168,False,True,True,False,168,168,168.0,1,168.0,384,384,200.0
spatial,0.55,10,60100010,changed,restart_at_change,matched correlation witness,165,False,True,True,False,165,165,165.0,1,165.0,384,384,200.0
spatial,0.55,10,60100010,changed,restart_at_change,exact one-cycle likelihood grid SR,43,False,True,True,False,43,43,43.0,1,43.0,384,384,200.0
spatial,0.55,10,60100010,changed,restart_at_change,known-post one-cycle likelihood SR,43,False,True,True,False,43,43,43.0,1,43.0,384,384,200.0
spatial,0.55,10,60100010,changed,restart_at_change,validation-trained linear logistic effect,179,False,True,True,False,179,179,179.0,1,179.0,384,384,200.0
spatial,0.55,11,60100011,changed,surveillance,DFR/count exact pushforward,200,False,True,True,False,200,200,72.0,1,72.0,384,384,200.0
spatial,0.55,11,60100011,changed,surveillance,raw symmetry-resolved AOC,189,False,True,True,False,189,189,61.0,1,61.0,384,384,200.0
spatial,0.55,11,60100011,changed,surveillance,vAOC / same-feature Hotelling,182,False,True,True,False,182,182,54.0,1,54.0,384,384,200.0
spatial,0.55,11,60100011,changed,surveillance,matched correlation witness,172,False,True,True,False,172,172,44.0,1,44.0,384,384,200.0
spatial,0.55,11,60100011,changed,surveillance,exact one-cycle likelihood grid SR,134,False,True,True,False,134,134,6.0,1,6.0,384,384,200.0
spatial,0.55,11,60100011,changed,surveillance,known-post one-cycle likelihood SR,134,False,True,True,False,134,134,6.0,1,6.0,384,384,200.0
spatial,0.55,11,60100011,changed,surveillance,validation-trained linear logistic effect,170,False,True,True,False,170,170,42.0,1,42.0,384,384,200.0
spatial,0.55,11,60100011,changed,restart_at_change,DFR/count exact pushforward,200,False,True,True,False,200,200,200.0,1,200.0,384,384,200.0
spatial,0.55,11,60100011,changed,restart_at_change,raw symmetry-resolved AOC,112,False,True,True,False,112,112,112.0,1,112.0,384,384,200.0
spatial,0.55,11,60100011,changed,restart_at_change,vAOC / same-feature Hotelling,168,False,True,True,False,168,168,168.0,1,168.0,384,384,200.0
spatial,0.55,11,60100011,changed,restart_at_change,matched correlation witness,162,False,True,True,False,162,162,162.0,1,162.0,384,384,200.0
spatial,0.55,11,60100011,changed,restart_at_change,exact one-cycle likelihood grid SR,30,False,True,True,False,30,30,30.0,1,30.0,384,384,200.0
spatial,0.55,11,60100011,changed,restart_at_change,known-post one-cycle likelihood SR,30,False,True,True,False,30,30,30.0,1,30.0,384,384,200.0
spatial,0.55,11,60100011,changed,restart_at_change,validation-trained linear logistic effect,162,False,True,True,False,162,162,162.0,1,162.0,384,384,200.0
spatial,0.55,12,60100012,changed,surveillance,DFR/count exact pushforward,200,False,True,True,False,200,200,72.0,1,72.0,384,384,200.0
spatial,0.55,12,60100012,changed,surveillance,raw symmetry-resolved AOC,180,False,True,True,False,180,180,52.0,1,52.0,384,384,200.0
spatial,0.55,12,60100012,changed,surveillance,vAOC / same-feature Hotelling,173,False,True,True,False,173,173,45.0,1,45.0,384,384,200.0
spatial,0.55,12,60100012,changed,surveillance,matched correlation witness,162,False,True,True,False,162,162,34.0,1,34.0,384,384,200.0
spatial,0.55,12,60100012,changed,surveillance,exact one-cycle likelihood grid SR,47,True,False,False,False,47,47,,1,,384,384,200.0
spatial,0.55,12,60100012,changed,surveillance,known-post one-cycle likelihood SR,47,True,False,False,False,47,47,,1,,384,384,200.0
spatial,0.55,12,60100012,changed,surveillance,validation-trained linear logistic effect,163,False,True,True,False,163,163,35.0,1,35.0,384,384,200.0
spatial,0.55,12,60100012,changed,restart_at_change,DFR/count exact pushforward,200,False,True,True,False,200,200,200.0,1,200.0,384,384,200.0
spatial,0.55,12,60100012,changed,restart_at_change,raw symmetry-resolved AOC,110,False,True,True,False,110,110,110.0,1,110.0,384,384,200.0
spatial,0.55,12,60100012,changed,restart_at_change,vAOC / same-feature Hotelling,172,False,True,True,False,172,172,172.0,1,172.0,384,384,200.0
spatial,0.55,12,60100012,changed,restart_at_change,matched correlation witness,159,False,True,True,False,159,159,159.0,1,159.0,384,384,200.0
spatial,0.55,12,60100012,changed,restart_at_change,exact one-cycle likelihood grid SR,28,False,True,True,False,28,28,28.0,1,28.0,384,384,200.0
spatial,0.55,12,60100012,changed,restart_at_change,known-post one-cycle likelihood SR,28,False,True,True,False,28,28,28.0,1,28.0,384,384,200.0
spatial,0.55,12,60100012,changed,restart_at_change,validation-trained linear logistic effect,155,False,True,True,False,155,155,155.0,1,155.0,384,384,200.0
spatial,0.55,13,60100013,changed,surveillance,DFR/count exact pushforward,200,False,True,True,False,200,200,72.0,1,72.0,384,384,200.0
spatial,0.55,13,60100013,changed,surveillance,raw symmetry-resolved AOC,178,False,True,True,False,178,178,50.0,1,50.0,384,384,200.0
spatial,0.55,13,60100013,changed,surveillance,vAOC / same-feature Hotelling,187,False,True,True,False,187,187,59.0,1,59.0,384,384,200.0
spatial,0.55,13,60100013,changed,surveillance,matched correlation witness,173,False,True,True,False,173,173,45.0,1,45.0,384,384,200.0
spatial,0.55,13,60100013,changed,surveillance,exact one-cycle likelihood grid SR,151,False,True,True,False,151,151,23.0,1,23.0,384,384,200.0
spatial,0.55,13,60100013,changed,surveillance,known-post one-cycle likelihood SR,151,False,True,True,False,151,151,23.0,1,23.0,384,384,200.0
spatial,0.55,13,60100013,changed,surveillance,validation-trained linear logistic effect,173,False,True,True,False,173,173,45.0,1,45.0,384,384,200.0
spatial,0.55,13,60100013,changed,restart_at_change,DFR/count exact pushforward,200,False,True,True,False,200,200,200.0,1,200.0,384,384,200.0
spatial,0.55,13,60100013,changed,restart_at_change,raw symmetry-resolved AOC,132,False,True,True,False,132,132,132.0,1,132.0,384,384,200.0
spatial,0.55,13,60100013,changed,restart_at_change,vAOC / same-feature Hotelling,183,False,True,True,False,183,183,183.0,1,183.0,384,384,200.0
spatial,0.55,13,60100013,changed,restart_at_change,matched correlation witness,168,False,True,True,False,168,168,168.0,1,168.0,384,384,200.0
spatial,0.55,13,60100013,changed,restart_at_change,exact one-cycle likelihood grid SR,40,False,True,True,False,40,40,40.0,1,40.0,384,384,200.0
spatial,0.55,13,60100013,changed,restart_at_change,known-post one-cycle likelihood SR,40,False,True,True,False,40,40,40.0,1,40.0,384,384,200.0
spatial,0.55,13,60100013,changed,restart_at_change,validation-trained linear logistic effect,171,False,True,True,False,171,171,171.0,1,171.0,384,384,200.0
spatial,0.55,14,60100014,changed,surveillance,DFR/count exact pushforward,200,False,True,True,False,200,200,72.0,1,72.0,384,384,200.0
spatial,0.55,14,60100014,changed,surveillance,raw symmetry-resolved AOC,226,False,True,True,False,226,226,98.0,1,98.0,384,384,200.0
spatial,0.55,14,60100014,changed,surveillance,vAOC / same-feature Hotelling,213,False,True,True,False,213,213,85.0,1,85.0,384,384,200.0
spatial,0.55,14,60100014,changed,surveillance,matched correlation witness,180,False,True,True,False,180,180,52.0,1,52.0,384,384,200.0
spatial,0.55,14,60100014,changed,surveillance,exact one-cycle likelihood grid SR,45,True,False,False,False,45,45,,1,,384,384,200.0
spatial,0.55,14,60100014,changed,surveillance,known-post one-cycle likelihood SR,45,True,False,False,False,45,45,,1,,384,384,200.0
spatial,0.55,14,60100014,changed,surveillance,validation-trained linear logistic effect,187,False,True,True,False,187,187,59.0,1,59.0,384,384,200.0
spatial,0.55,14,60100014,changed,restart_at_change,DFR/count exact pushforward,200,False,True,True,False,200,200,200.0,1,200.0,384,384,200.0
spatial,0.55,14,60100014,changed,restart_at_change,raw symmetry-resolved AOC,149,False,True,True,False,149,149,149.0,1,149.0,384,384,200.0
spatial,0.55,14,60100014,changed,restart_at_change,vAOC / same-feature Hotelling,167,False,True,True,False,167,167,167.0,1,167.0,384,384,200.0
spatial,0.55,14,60100014,changed,restart_at_change,matched correlation witness,156,False,True,True,False,156,156,156.0,1,156.0,384,384,200.0
spatial,0.55,14,60100014,changed,restart_at_change,exact one-cycle likelihood grid SR,34,False,True,True,False,34,34,34.0,1,34.0,384,384,200.0
spatial,0.55,14,60100014,changed,restart_at_change,known-post one-cycle likelihood SR,34,False,True,True,False,34,34,34.0,1,34.0,384,384,200.0
spatial,0.55,14,60100014,changed,restart_at_change,validation-trained linear logistic effect,153,False,True,True,False,153,153,153.0,1,153.0,384,384,200.0
spatial,0.55,15,60100015,changed,surveillance,DFR/count exact pushforward,200,False,True,True,False,200,200,72.0,1,72.0,384,384,200.0
spatial,0.55,15,60100015,changed,surveillance,raw symmetry-resolved AOC,134,False,True,True,False,134,134,6.0,1,6.0,384,384,200.0
spatial,0.55,15,60100015,changed,surveillance,vAOC / same-feature Hotelling,183,False,True,True,False,183,183,55.0,1,55.0,384,384,200.0
spatial,0.55,15,60100015,changed,surveillance,matched correlation witness,203,False,True,True,False,203,203,75.0,1,75.0,384,384,200.0
spatial,0.55,15,60100015,changed,surveillance,exact one-cycle likelihood grid SR,161,False,True,True,False,161,161,33.0,1,33.0,384,384,200.0
spatial,0.55,15,60100015,changed,surveillance,known-post one-cycle likelihood SR,161,False,True,True,False,161,161,33.0,1,33.0,384,384,200.0
spatial,0.55,15,60100015,changed,surveillance,validation-trained linear logistic effect,182,False,True,True,False,182,182,54.0,1,54.0,384,384,200.0
spatial,0.55,15,60100015,changed,restart_at_change,DFR/count exact pushforward,200,False,True,True,False,200,200,200.0,1,200.0,384,384,200.0
spatial,0.55,15,60100015,changed,restart_at_change,raw symmetry-resolved AOC,156,False,True,True,False,156,156,156.0,1,156.0,384,384,200.0
spatial,0.55,15,60100015,changed,restart_at_change,vAOC / same-feature Hotelling,175,False,True,True,False,175,175,175.0,1,175.0,384,384,200.0
spatial,0.55,15,60100015,changed,restart_at_change,matched correlation witness,178,False,True,True,False,178,178,178.0,1,178.0,384,384,200.0
spatial,0.55,15,60100015,changed,restart_at_change,exact one-cycle likelihood grid SR,34,False,True,True,False,34,34,34.0,1,34.0,384,384,200.0
spatial,0.55,15,60100015,changed,restart_at_change,known-post one-cycle likelihood SR,34,False,True,True,False,34,34,34.0,1,34.0,384,384,200.0
spatial,0.55,15,60100015,changed,restart_at_change,validation-trained linear logistic effect,183,False,True,True,False,183,183,183.0,1,183.0,384,384,200.0
spatial,0.55,16,60100016,changed,surveillance,DFR/count exact pushforward,200,False,True,True,False,200,200,72.0,1,72.0,384,384,200.0
spatial,0.55,16,60100016,changed,surveillance,raw symmetry-resolved AOC,234,False,True,True,False,234,234,106.0,1,106.0,384,384,200.0
spatial,0.55,16,60100016,changed,surveillance,vAOC / same-feature Hotelling,200,False,True,True,False,200,200,72.0,1,72.0,384,384,200.0
spatial,0.55,16,60100016,changed,surveillance,matched correlation witness,200,False,True,True,False,200,200,72.0,1,72.0,384,384,200.0
spatial,0.55,16,60100016,changed,surveillance,exact one-cycle likelihood grid SR,186,False,True,True,False,186,186,58.0,1,58.0,384,384,200.0
spatial,0.55,16,60100016,changed,surveillance,known-post one-cycle likelihood SR,186,False,True,True,False,186,186,58.0,1,58.0,384,384,200.0
spatial,0.55,16,60100016,changed,surveillance,validation-trained linear logistic effect,198,False,True,True,False,198,198,70.0,1,70.0,384,384,200.0
spatial,0.55,16,60100016,changed,restart_at_change,DFR/count exact pushforward,200,False,True,True,False,200,200,200.0,1,200.0,384,384,200.0
spatial,0.55,16,60100016,changed,restart_at_change,raw symmetry-resolved AOC,200,False,True,True,False,200,200,200.0,1,200.0,384,384,200.0
spatial,0.55,16,60100016,changed,restart_at_change,vAOC / same-feature Hotelling,180,False,True,True,False,180,180,180.0,1,180.0,384,384,200.0
spatial,0.55,16,60100016,changed,restart_at_change,matched correlation witness,171,False,True,True,False,171,171,171.0,1,171.0,384,384,200.0
spatial,0.55,16,60100016,changed,restart_at_change,exact one-cycle likelihood grid SR,58,False,True,True,False,58,58,58.0,1,58.0,384,384,200.0
spatial,0.55,16,60100016,changed,restart_at_change,known-post one-cycle likelihood SR,58,False,True,True,False,58,58,58.0,1,58.0,384,384,200.0
spatial,0.55,16,60100016,changed,restart_at_change,validation-trained linear logistic effect,171,False,True,True,False,171,171,171.0,1,171.0,384,384,200.0
spatial,0.55,17,60100017,changed,surveillance,DFR/count exact pushforward,200,False,True,True,False,200,200,72.0,1,72.0,384,384,200.0
spatial,0.55,17,60100017,changed,surveillance,raw symmetry-resolved AOC,226,False,True,True,False,226,226,98.0,1,98.0,384,384,200.0
spatial,0.55,17,60100017,changed,surveillance,vAOC / same-feature Hotelling,201,False,True,True,False,201,201,73.0,1,73.0,384,384,200.0
spatial,0.55,17,60100017,changed,surveillance,matched correlation witness,190,False,True,True,False,190,190,62.0,1,62.0,384,384,200.0
spatial,0.55,17,60100017,changed,surveillance,exact one-cycle likelihood grid SR,170,False,True,True,False,170,170,42.0,1,42.0,384,384,200.0
spatial,0.55,17,60100017,changed,surveillance,known-post one-cycle likelihood SR,170,False,True,True,False,170,170,42.0,1,42.0,384,384,200.0
spatial,0.55,17,60100017,changed,surveillance,validation-trained linear logistic effect,193,False,True,True,False,193,193,65.0,1,65.0,384,384,200.0
spatial,0.55,17,60100017,changed,restart_at_change,DFR/count exact pushforward,200,False,True,True,False,200,200,200.0,1,200.0,384,384,200.0
spatial,0.55,17,60100017,changed,restart_at_change,raw symmetry-resolved AOC,202,False,True,True,False,202,202,202.0,1,202.0,384,384,200.0
spatial,0.55,17,60100017,changed,restart_at_change,vAOC / same-feature Hotelling,195,False,True,True,False,195,195,195.0,1,195.0,384,384,200.0
spatial,0.55,17,60100017,changed,restart_at_change,matched correlation witness,170,False,True,True,False,170,170,170.0,1,170.0,384,384,200.0
spatial,0.55,17,60100017,changed,restart_at_change,exact one-cycle likelihood grid SR,65,False,True,True,False,65,65,65.0,1,65.0,384,384,200.0
spatial,0.55,17,60100017,changed,restart_at_change,known-post one-cycle likelihood SR,65,False,True,True,False,65,65,65.0,1,65.0,384,384,200.0
spatial,0.55,17,60100017,changed,restart_at_change,validation-trained linear logistic effect,176,False,True,True,False,176,176,176.0,1,176.0,384,384,200.0
spatial,0.55,18,60100018,changed,surveillance,DFR/count exact pushforward,200,False,True,True,False,200,200,72.0,1,72.0,384,384,200.0
spatial,0.55,18,60100018,changed,surveillance,raw symmetry-resolved AOC,189,False,True,True,False,189,189,61.0,1,61.0,384,384,200.0
spatial,0.55,18,60100018,changed,surveillance,vAOC / same-feature Hotelling,180,False,True,True,False,180,180,52.0,1,52.0,384,384,200.0
spatial,0.55,18,60100018,changed,surveillance,matched correlation witness,165,False,True,True,False,165,165,37.0,1,37.0,384,384,200.0
spatial,0.55,18,60100018,changed,surveillance,exact one-cycle likelihood grid SR,128,True,False,False,False,128,128,,1,,384,384,200.0
spatial,0.55,18,60100018,changed,surveillance,known-post one-cycle likelihood SR,128,True,False,False,False,128,128,,1,,384,384,200.0
spatial,0.55,18,60100018,changed,surveillance,validation-trained linear logistic effect,171,False,True,True,False,171,171,43.0,1,43.0,384,384,200.0
spatial,0.55,18,60100018,changed,restart_at_change,DFR/count exact pushforward,200,False,True,True,False,200,200,200.0,1,200.0,384,384,200.0
spatial,0.55,18,60100018,changed,restart_at_change,raw symmetry-resolved AOC,117,False,True,True,False,117,117,117.0,1,117.0,384,384,200.0
spatial,0.55,18,60100018,changed,restart_at_change,vAOC / same-feature Hotelling,156,False,True,True,False,156,156,156.0,1,156.0,384,384,200.0
spatial,0.55,18,60100018,changed,restart_at_change,matched correlation witness,151,False,True,True,False,151,151,151.0,1,151.0,384,384,200.0
spatial,0.55,18,60100018,changed,restart_at_change,exact one-cycle likelihood grid SR,16,False,True,True,False,16,16,16.0,1,16.0,384,384,200.0
spatial,0.55,18,60100018,changed,restart_at_change,known-post one-cycle likelihood SR,16,False,True,True,False,16,16,16.0,1,16.0,384,384,200.0
spatial,0.55,18,60100018,changed,restart_at_change,validation-trained linear logistic effect,159,False,True,True,False,159,159,159.0,1,159.0,384,384,200.0
spatial,0.55,19,60100019,changed,surveillance,DFR/count exact pushforward,200,False,True,True,False,200,200,72.0,1,72.0,384,384,200.0
spatial,0.55,19,60100019,changed,surveillance,raw symmetry-resolved AOC,241,False,True,True,False,241,241,113.0,1,113.0,384,384,200.0
spatial,0.55,19,60100019,changed,surveillance,vAOC / same-feature Hotelling,205,False,True,True,False,205,205,77.0,1,77.0,384,384,200.0
spatial,0.55,19,60100019,changed,surveillance,matched correlation witness,191,False,True,True,False,191,191,63.0,1,63.0,384,384,200.0
spatial,0.55,19,60100019,changed,surveillance,exact one-cycle likelihood grid SR,101,True,False,False,False,101,101,,1,,384,384,200.0
spatial,0.55,19,60100019,changed,surveillance,known-post one-cycle likelihood SR,101,True,False,False,False,101,101,,1,,384,384,200.0
spatial,0.55,19,60100019,changed,surveillance,validation-trained linear logistic effect,194,False,True,True,False,194,194,66.0,1,66.0,384,384,200.0
spatial,0.55,19,60100019,changed,restart_at_change,DFR/count exact pushforward,200,False,True,True,False,200,200,200.0,1,200.0,384,384,200.0
spatial,0.55,19,60100019,changed,restart_at_change,raw symmetry-resolved AOC,186,False,True,True,False,186,186,186.0,1,186.0,384,384,200.0
spatial,0.55,19,60100019,changed,restart_at_change,vAOC / same-feature Hotelling,193,False,True,True,False,193,193,193.0,1,193.0,384,384,200.0
spatial,0.55,19,60100019,changed,restart_at_change,matched correlation witness,171,False,True,True,False,171,171,171.0,1,171.0,384,384,200.0
spatial,0.55,19,60100019,changed,restart_at_change,exact one-cycle likelihood grid SR,109,False,True,True,False,109,109,109.0,1,109.0,384,384,200.0
spatial,0.55,19,60100019,changed,restart_at_change,known-post one-cycle likelihood SR,109,False,True,True,False,109,109,109.0,1,109.0,384,384,200.0
spatial,0.55,19,60100019,changed,restart_at_change,validation-trained linear logistic effect,177,False,True,True,False,177,177,177.0,1,177.0,384,384,200.0
spatial,0.55,20,60100020,changed,surveillance,DFR/count exact pushforward,200,False,True,True,False,200,200,72.0,1,72.0,384,384,200.0
spatial,0.55,20,60100020,changed,surveillance,raw symmetry-resolved AOC,170,False,True,True,False,170,170,42.0,1,42.0,384,384,200.0
spatial,0.55,20,60100020,changed,surveillance,vAOC / same-feature Hotelling,196,False,True,True,False,196,196,68.0,1,68.0,384,384,200.0
spatial,0.55,20,60100020,changed,surveillance,matched correlation witness,189,False,True,True,False,189,189,61.0,1,61.0,384,384,200.0
spatial,0.55,20,60100020,changed,surveillance,exact one-cycle likelihood grid SR,157,False,True,True,False,157,157,29.0,1,29.0,384,384,200.0
spatial,0.55,20,60100020,changed,surveillance,known-post one-cycle likelihood SR,157,False,True,True,False,157,157,29.0,1,29.0,384,384,200.0
spatial,0.55,20,60100020,changed,surveillance,validation-trained linear logistic effect,188,False,True,True,False,188,188,60.0,1,60.0,384,384,200.0
spatial,0.55,20,60100020,changed,restart_at_change,DFR/count exact pushforward,200,False,True,True,False,200,200,200.0,1,200.0,384,384,200.0
spatial,0.55,20,60100020,changed,restart_at_change,raw symmetry-resolved AOC,187,False,True,True,False,187,187,187.0,1,187.0,384,384,200.0
spatial,0.55,20,60100020,changed,restart_at_change,vAOC / same-feature Hotelling,184,False,True,True,False,184,184,184.0,1,184.0,384,384,200.0
spatial,0.55,20,60100020,changed,restart_at_change,matched correlation witness,159,False,True,True,False,159,159,159.0,1,159.0,384,384,200.0
spatial,0.55,20,60100020,changed,restart_at_change,exact one-cycle likelihood grid SR,30,False,True,True,False,30,30,30.0,1,30.0,384,384,200.0
spatial,0.55,20,60100020,changed,restart_at_change,known-post one-cycle likelihood SR,30,False,True,True,False,30,30,30.0,1,30.0,384,384,200.0
spatial,0.55,20,60100020,changed,restart_at_change,validation-trained linear logistic effect,170,False,True,True,False,170,170,170.0,1,170.0,384,384,200.0
spatial,0.55,21,60100021,changed,surveillance,DFR/count exact pushforward,200,False,True,True,False,200,200,72.0,1,72.0,384,384,200.0
spatial,0.55,21,60100021,changed,surveillance,raw symmetry-resolved AOC,162,False,True,True,False,162,162,34.0,1,34.0,384,384,200.0
spatial,0.55,21,60100021,changed,surveillance,vAOC / same-feature Hotelling,167,False,True,True,False,167,167,39.0,1,39.0,384,384,200.0
spatial,0.55,21,60100021,changed,surveillance,matched correlation witness,167,False,True,True,False,167,167,39.0,1,39.0,384,384,200.0
spatial,0.55,21,60100021,changed,surveillance,exact one-cycle likelihood grid SR,147,False,True,True,False,147,147,19.0,1,19.0,384,384,200.0
spatial,0.55,21,60100021,changed,surveillance,known-post one-cycle likelihood SR,147,False,True,True,False,147,147,19.0,1,19.0,384,384,200.0
spatial,0.55,21,60100021,changed,surveillance,validation-trained linear logistic effect,178,False,True,True,False,178,178,50.0,1,50.0,384,384,200.0
spatial,0.55,21,60100021,changed,restart_at_change,DFR/count exact pushforward,200,False,True,True,False,200,200,200.0,1,200.0,384,384,200.0
spatial,0.55,21,60100021,changed,restart_at_change,raw symmetry-resolved AOC,108,False,True,True,False,108,108,108.0,1,108.0,384,384,200.0
spatial,0.55,21,60100021,changed,restart_at_change,vAOC / same-feature Hotelling,165,False,True,True,False,165,165,165.0,1,165.0,384,384,200.0
spatial,0.55,21,60100021,changed,restart_at_change,matched correlation witness,159,False,True,True,False,159,159,159.0,1,159.0,384,384,200.0
spatial,0.55,21,60100021,changed,restart_at_change,exact one-cycle likelihood grid SR,28,False,True,True,False,28,28,28.0,1,28.0,384,384,200.0
spatial,0.55,21,60100021,changed,restart_at_change,known-post one-cycle likelihood SR,28,False,True,True,False,28,28,28.0,1,28.0,384,384,200.0
spatial,0.55,21,60100021,changed,restart_at_change,validation-trained linear logistic effect,165,False,True,True,False,165,165,165.0,1,165.0,384,384,200.0
spatial,0.55,22,60100022,changed,surveillance,DFR/count exact pushforward,200,False,True,True,False,200,200,72.0,1,72.0,384,384,200.0
spatial,0.55,22,60100022,changed,surveillance,raw symmetry-resolved AOC,282,False,True,True,False,282,282,154.0,1,154.0,384,384,200.0
spatial,0.55,22,60100022,changed,surveillance,vAOC / same-feature Hotelling,224,False,True,True,False,224,224,96.0,1,96.0,384,384,200.0
spatial,0.55,22,60100022,changed,surveillance,matched correlation witness,176,False,True,True,False,176,176,48.0,1,48.0,384,384,200.0
spatial,0.55,22,60100022,changed,surveillance,exact one-cycle likelihood grid SR,136,False,True,True,False,136,136,8.0,1,8.0,384,384,200.0
spatial,0.55,22,60100022,changed,surveillance,known-post one-cycle likelihood SR,136,False,True,True,False,136,136,8.0,1,8.0,384,384,200.0
spatial,0.55,22,60100022,changed,surveillance,validation-trained linear logistic effect,178,False,True,True,False,178,178,50.0,1,50.0,384,384,200.0
spatial,0.55,22,60100022,changed,restart_at_change,DFR/count exact pushforward,200,False,True,True,False,200,200,200.0,1,200.0,384,384,200.0
spatial,0.55,22,60100022,changed,restart_at_change,raw symmetry-resolved AOC,213,False,True,True,False,213,213,213.0,1,213.0,384,384,200.0
spatial,0.55,22,60100022,changed,restart_at_change,vAOC / same-feature Hotelling,189,False,True,True,False,189,189,189.0,1,189.0,384,384,200.0
spatial,0.55,22,60100022,changed,restart_at_change,matched correlation witness,166,False,True,True,False,166,166,166.0,1,166.0,384,384,200.0
spatial,0.55,22,60100022,changed,restart_at_change,exact one-cycle likelihood grid SR,25,False,True,True,False,25,25,25.0,1,25.0,384,384,200.0
spatial,0.55,22,60100022,changed,restart_at_change,known-post one-cycle likelihood SR,25,False,True,True,False,25,25,25.0,1,25.0,384,384,200.0
spatial,0.55,22,60100022,changed,restart_at_change,validation-trained linear logistic effect,169,False,True,True,False,169,169,169.0,1,169.0,384,384,200.0
spatial,0.55,23,60100023,changed,surveillance,DFR/count exact pushforward,200,False,True,True,False,200,200,72.0,1,72.0,384,384,200.0
spatial,0.55,23,60100023,changed,surveillance,raw symmetry-resolved AOC,95,True,False,False,False,95,95,,1,,384,384,200.0
spatial,0.55,23,60100023,changed,surveillance,vAOC / same-feature Hotelling,189,False,True,True,False,189,189,61.0,1,61.0,384,384,200.0
spatial,0.55,23,60100023,changed,surveillance,matched correlation witness,190,False,True,True,False,190,190,62.0,1,62.0,384,384,200.0
spatial,0.55,23,60100023,changed,surveillance,exact one-cycle likelihood grid SR,173,False,True,True,False,173,173,45.0,1,45.0,384,384,200.0
spatial,0.55,23,60100023,changed,surveillance,known-post one-cycle likelihood SR,173,False,True,True,False,173,173,45.0,1,45.0,384,384,200.0
spatial,0.55,23,60100023,changed,surveillance,validation-trained linear logistic effect,190,False,True,True,False,190,190,62.0,1,62.0,384,384,200.0
spatial,0.55,23,60100023,changed,restart_at_change,DFR/count exact pushforward,200,False,True,True,False,200,200,200.0,1,200.0,384,384,200.0
spatial,0.55,23,60100023,changed,restart_at_change,raw symmetry-resolved AOC,121,False,True,True,False,121,121,121.0,1,121.0,384,384,200.0
spatial,0.55,23,60100023,changed,restart_at_change,vAOC / same-feature Hotelling,163,False,True,True,False,163,163,163.0,1,163.0,384,384,200.0
spatial,0.55,23,60100023,changed,restart_at_change,matched correlation witness,169,False,True,True,False,169,169,169.0,1,169.0,384,384,200.0
spatial,0.55,23,60100023,changed,restart_at_change,exact one-cycle likelihood grid SR,53,False,True,True,False,53,53,53.0,1,53.0,384,384,200.0
spatial,0.55,23,60100023,changed,restart_at_change,known-post one-cycle likelihood SR,53,False,True,True,False,53,53,53.0,1,53.0,384,384,200.0
spatial,0.55,23,60100023,changed,restart_at_change,validation-trained linear logistic effect,160,False,True,True,False,160,160,160.0,1,160.0,384,384,200.0
spatial,0.55,24,60100024,changed,surveillance,DFR/count exact pushforward,200,False,True,True,False,200,200,72.0,1,72.0,384,384,200.0
spatial,0.55,24,60100024,changed,surveillance,raw symmetry-resolved AOC,196,False,True,True,False,196,196,68.0,1,68.0,384,384,200.0
spatial,0.55,24,60100024,changed,surveillance,vAOC / same-feature Hotelling,197,False,True,True,False,197,197,69.0,1,69.0,384,384,200.0
spatial,0.55,24,60100024,changed,surveillance,matched correlation witness,187,False,True,True,False,187,187,59.0,1,59.0,384,384,200.0
spatial,0.55,24,60100024,changed,surveillance,exact one-cycle likelihood grid SR,167,False,True,True,False,167,167,39.0,1,39.0,384,384,200.0
spatial,0.55,24,60100024,changed,surveillance,known-post one-cycle likelihood SR,167,False,True,True,False,167,167,39.0,1,39.0,384,384,200.0
spatial,0.55,24,60100024,changed,surveillance,validation-trained linear logistic effect,188,False,True,True,False,188,188,60.0,1,60.0,384,384,200.0
spatial,0.55,24,60100024,changed,restart_at_change,DFR/count exact pushforward,200,False,True,True,False,200,200,200.0,1,200.0,384,384,200.0
spatial,0.55,24,60100024,changed,restart_at_change,raw symmetry-resolved AOC,197,False,True,True,False,197,197,197.0,1,197.0,384,384,200.0
spatial,0.55,24,60100024,changed,restart_at_change,vAOC / same-feature Hotelling,179,False,True,True,False,179,179,179.0,1,179.0,384,384,200.0
spatial,0.55,24,60100024,changed,restart_at_change,matched correlation witness,160,False,True,True,False,160,160,160.0,1,160.0,384,384,200.0
spatial,0.55,24,60100024,changed,restart_at_change,exact one-cycle likelihood grid SR,40,False,True,True,False,40,40,40.0,1,40.0,384,384,200.0
spatial,0.55,24,60100024,changed,restart_at_change,known-post one-cycle likelihood SR,40,False,True,True,False,40,40,40.0,1,40.0,384,384,200.0
spatial,0.55,24,60100024,changed,restart_at_change,validation-trained linear logistic effect,185,False,True,True,False,185,185,185.0,1,185.0,384,384,200.0
spatial,0.55,25,60100025,changed,surveillance,DFR/count exact pushforward,200,False,True,True,False,200,200,72.0,1,72.0,384,384,200.0
spatial,0.55,25,60100025,changed,surveillance,raw symmetry-resolved AOC,217,False,True,True,False,217,217,89.0,1,89.0,384,384,200.0
spatial,0.55,25,60100025,changed,surveillance,vAOC / same-feature Hotelling,190,False,True,True,False,190,190,62.0,1,62.0,384,384,200.0
spatial,0.55,25,60100025,changed,surveillance,matched correlation witness,182,False,True,True,False,182,182,54.0,1,54.0,384,384,200.0
spatial,0.55,25,60100025,changed,surveillance,exact one-cycle likelihood grid SR,145,False,True,True,False,145,145,17.0,1,17.0,384,384,200.0
spatial,0.55,25,60100025,changed,surveillance,known-post one-cycle likelihood SR,145,False,True,True,False,145,145,17.0,1,17.0,384,384,200.0
spatial,0.55,25,60100025,changed,surveillance,validation-trained linear logistic effect,182,False,True,True,False,182,182,54.0,1,54.0,384,384,200.0
spatial,0.55,25,60100025,changed,restart_at_change,DFR/count exact pushforward,200,False,True,True,False,200,200,200.0,1,200.0,384,384,200.0
spatial,0.55,25,60100025,changed,restart_at_change,raw symmetry-resolved AOC,148,False,True,True,False,148,148,148.0,1,148.0,384,384,200.0
spatial,0.55,25,60100025,changed,restart_at_change,vAOC / same-feature Hotelling,166,False,True,True,False,166,166,166.0,1,166.0,384,384,200.0
spatial,0.55,25,60100025,changed,restart_at_change,matched correlation witness,163,False,True,True,False,163,163,163.0,1,163.0,384,384,200.0
spatial,0.55,25,60100025,changed,restart_at_change,exact one-cycle likelihood grid SR,21,False,True,True,False,21,21,21.0,1,21.0,384,384,200.0
spatial,0.55,25,60100025,changed,restart_at_change,known-post one-cycle likelihood SR,21,False,True,True,False,21,21,21.0,1,21.0,384,384,200.0
spatial,0.55,25,60100025,changed,restart_at_change,validation-trained linear logistic effect,164,False,True,True,False,164,164,164.0,1,164.0,384,384,200.0
spatial,0.55,26,60100026,changed,surveillance,DFR/count exact pushforward,200,False,True,True,False,200,200,72.0,1,72.0,384,384,200.0
spatial,0.55,26,60100026,changed,surveillance,raw symmetry-resolved AOC,117,True,False,False,False,117,117,,1,,384,384,200.0
spatial,0.55,26,60100026,changed,surveillance,vAOC / same-feature Hotelling,202,False,True,True,False,202,202,74.0,1,74.0,384,384,200.0
spatial,0.55,26,60100026,changed,surveillance,matched correlation witness,180,False,True,True,False,180,180,52.0,1,52.0,384,384,200.0
spatial,0.55,26,60100026,changed,surveillance,exact one-cycle likelihood grid SR,147,False,True,True,False,147,147,19.0,1,19.0,384,384,200.0
spatial,0.55,26,60100026,changed,surveillance,known-post one-cycle likelihood SR,147,False,True,True,False,147,147,19.0,1,19.0,384,384,200.0
spatial,0.55,26,60100026,changed,surveillance,validation-trained linear logistic effect,177,False,True,True,False,177,177,49.0,1,49.0,384,384,200.0
spatial,0.55,26,60100026,changed,restart_at_change,DFR/count exact pushforward,200,False,True,True,False,200,200,200.0,1,200.0,384,384,200.0
spatial,0.55,26,60100026,changed,restart_at_change,raw symmetry-resolved AOC,228,False,True,True,False,228,228,228.0,1,228.0,384,384,200.0
spatial,0.55,26,60100026,changed,restart_at_change,vAOC / same-feature Hotelling,195,False,True,True,False,195,195,195.0,1,195.0,384,384,200.0
spatial,0.55,26,60100026,changed,restart_at_change,matched correlation witness,174,False,True,True,False,174,174,174.0,1,174.0,384,384,200.0
spatial,0.55,26,60100026,changed,restart_at_change,exact one-cycle likelihood grid SR,38,False,True,True,False,38,38,38.0,1,38.0,384,384,200.0
spatial,0.55,26,60100026,changed,restart_at_change,known-post one-cycle likelihood SR,38,False,True,True,False,38,38,38.0,1,38.0,384,384,200.0
spatial,0.55,26,60100026,changed,restart_at_change,validation-trained linear logistic effect,173,False,True,True,False,173,173,173.0,1,173.0,384,384,200.0
spatial,0.55,27,60100027,changed,surveillance,DFR/count exact pushforward,200,False,True,True,False,200,200,72.0,1,72.0,384,384,200.0
spatial,0.55,27,60100027,changed,surveillance,raw symmetry-resolved AOC,201,False,True,True,False,201,201,73.0,1,73.0,384,384,200.0
spatial,0.55,27,60100027,changed,surveillance,vAOC / same-feature Hotelling,189,False,True,True,False,189,189,61.0,1,61.0,384,384,200.0
spatial,0.55,27,60100027,changed,surveillance,matched correlation witness,177,False,True,True,False,177,177,49.0,1,49.0,384,384,200.0
spatial,0.55,27,60100027,changed,surveillance,exact one-cycle likelihood grid SR,161,False,True,True,False,161,161,33.0,1,33.0,384,384,200.0
spatial,0.55,27,60100027,changed,surveillance,known-post one-cycle likelihood SR,161,False,True,True,False,161,161,33.0,1,33.0,384,384,200.0
spatial,0.55,27,60100027,changed,surveillance,validation-trained linear logistic effect,180,False,True,True,False,180,180,52.0,1,52.0,384,384,200.0
spatial,0.55,27,60100027,changed,restart_at_change,DFR/count exact pushforward,200,False,True,True,False,200,200,200.0,1,200.0,384,384,200.0
spatial,0.55,27,60100027,changed,restart_at_change,raw symmetry-resolved AOC,96,False,True,True,False,96,96,96.0,1,96.0,384,384,200.0
spatial,0.55,27,60100027,changed,restart_at_change,vAOC / same-feature Hotelling,140,False,True,True,False,140,140,140.0,1,140.0,384,384,200.0
spatial,0.55,27,60100027,changed,restart_at_change,matched correlation witness,142,False,True,True,False,142,142,142.0,1,142.0,384,384,200.0
spatial,0.55,27,60100027,changed,restart_at_change,exact one-cycle likelihood grid SR,33,False,True,True,False,33,33,33.0,1,33.0,384,384,200.0
spatial,0.55,27,60100027,changed,restart_at_change,known-post one-cycle likelihood SR,33,False,True,True,False,33,33,33.0,1,33.0,384,384,200.0
spatial,0.55,27,60100027,changed,restart_at_change,validation-trained linear logistic effect,142,False,True,True,False,142,142,142.0,1,142.0,384,384,200.0
spatial,0.55,28,60100028,changed,surveillance,DFR/count exact pushforward,200,False,True,True,False,200,200,72.0,1,72.0,384,384,200.0
spatial,0.55,28,60100028,changed,surveillance,raw symmetry-resolved AOC,205,False,True,True,False,205,205,77.0,1,77.0,384,384,200.0
spatial,0.55,28,60100028,changed,surveillance,vAOC / same-feature Hotelling,203,False,True,True,False,203,203,75.0,1,75.0,384,384,200.0
spatial,0.55,28,60100028,changed,surveillance,matched correlation witness,179,False,True,True,False,179,179,51.0,1,51.0,384,384,200.0
spatial,0.55,28,60100028,changed,surveillance,exact one-cycle likelihood grid SR,157,False,True,True,False,157,157,29.0,1,29.0,384,384,200.0
spatial,0.55,28,60100028,changed,surveillance,known-post one-cycle likelihood SR,157,False,True,True,False,157,157,29.0,1,29.0,384,384,200.0
spatial,0.55,28,60100028,changed,surveillance,validation-trained linear logistic effect,179,False,True,True,False,179,179,51.0,1,51.0,384,384,200.0
spatial,0.55,28,60100028,changed,restart_at_change,DFR/count exact pushforward,200,False,True,True,False,200,200,200.0,1,200.0,384,384,200.0
spatial,0.55,28,60100028,changed,restart_at_change,raw symmetry-resolved AOC,99,False,True,True,False,99,99,99.0,1,99.0,384,384,200.0
spatial,0.55,28,60100028,changed,restart_at_change,vAOC / same-feature Hotelling,166,False,True,True,False,166,166,166.0,1,166.0,384,384,200.0
spatial,0.55,28,60100028,changed,restart_at_change,matched correlation witness,161,False,True,True,False,161,161,161.0,1,161.0,384,384,200.0
spatial,0.55,28,60100028,changed,restart_at_change,exact one-cycle likelihood grid SR,32,False,True,True,False,32,32,32.0,1,32.0,384,384,200.0
spatial,0.55,28,60100028,changed,restart_at_change,known-post one-cycle likelihood SR,32,False,True,True,False,32,32,32.0,1,32.0,384,384,200.0
spatial,0.55,28,60100028,changed,restart_at_change,validation-trained linear logistic effect,165,False,True,True,False,165,165,165.0,1,165.0,384,384,200.0
spatial,0.55,29,60100029,changed,surveillance,DFR/count exact pushforward,200,False,True,True,False,200,200,72.0,1,72.0,384,384,200.0
spatial,0.55,29,60100029,changed,surveillance,raw symmetry-resolved AOC,238,False,True,True,False,238,238,110.0,1,110.0,384,384,200.0
spatial,0.55,29,60100029,changed,surveillance,vAOC / same-feature Hotelling,209,False,True,True,False,209,209,81.0,1,81.0,384,384,200.0
spatial,0.55,29,60100029,changed,surveillance,matched correlation witness,201,False,True,True,False,201,201,73.0,1,73.0,384,384,200.0
spatial,0.55,29,60100029,changed,surveillance,exact one-cycle likelihood grid SR,203,False,True,True,False,203,203,75.0,1,75.0,384,384,200.0
spatial,0.55,29,60100029,changed,surveillance,known-post one-cycle likelihood SR,203,False,True,True,False,203,203,75.0,1,75.0,384,384,200.0
spatial,0.55,29,60100029,changed,surveillance,validation-trained linear logistic effect,202,False,True,True,False,202,202,74.0,1,74.0,384,384,200.0
spatial,0.55,29,60100029,changed,restart_at_change,DFR/count exact pushforward,200,False,True,True,False,200,200,200.0,1,200.0,384,384,200.0
spatial,0.55,29,60100029,changed,restart_at_change,raw symmetry-resolved AOC,178,False,True,True,False,178,178,178.0,1,178.0,384,384,200.0
spatial,0.55,29,60100029,changed,restart_at_change,vAOC / same-feature Hotelling,174,False,True,True,False,174,174,174.0,1,174.0,384,384,200.0
spatial,0.55,29,60100029,changed,restart_at_change,matched correlation witness,158,False,True,True,False,158,158,158.0,1,158.0,384,384,200.0
spatial,0.55,29,60100029,changed,restart_at_change,exact one-cycle likelihood grid SR,75,False,True,True,False,75,75,75.0,1,75.0,384,384,200.0
spatial,0.55,29,60100029,changed,restart_at_change,known-post one-cycle likelihood SR,75,False,True,True,False,75,75,75.0,1,75.0,384,384,200.0
spatial,0.55,29,60100029,changed,restart_at_change,validation-trained linear logistic effect,162,False,True,True,False,162,162,162.0,1,162.0,384,384,200.0
spatial,0.55,30,60100030,changed,surveillance,DFR/count exact pushforward,200,False,True,True,False,200,200,72.0,1,72.0,384,384,200.0
spatial,0.55,30,60100030,changed,surveillance,raw symmetry-resolved AOC,220,False,True,True,False,220,220,92.0,1,92.0,384,384,200.0
spatial,0.55,30,60100030,changed,surveillance,vAOC / same-feature Hotelling,186,False,True,True,False,186,186,58.0,1,58.0,384,384,200.0
spatial,0.55,30,60100030,changed,surveillance,matched correlation witness,175,False,True,True,False,175,175,47.0,1,47.0,384,384,200.0
spatial,0.55,30,60100030,changed,surveillance,exact one-cycle likelihood grid SR,74,True,False,False,False,74,74,,1,,384,384,200.0
spatial,0.55,30,60100030,changed,surveillance,known-post one-cycle likelihood SR,74,True,False,False,False,74,74,,1,,384,384,200.0
spatial,0.55,30,60100030,changed,surveillance,validation-trained linear logistic effect,177,False,True,True,False,177,177,49.0,1,49.0,384,384,200.0
spatial,0.55,30,60100030,changed,restart_at_change,DFR/count exact pushforward,200,False,True,True,False,200,200,200.0,1,200.0,384,384,200.0
spatial,0.55,30,60100030,changed,restart_at_change,raw symmetry-resolved AOC,193,False,True,True,False,193,193,193.0,1,193.0,384,384,200.0
spatial,0.55,30,60100030,changed,restart_at_change,vAOC / same-feature Hotelling,172,False,True,True,False,172,172,172.0,1,172.0,384,384,200.0
spatial,0.55,30,60100030,changed,restart_at_change,matched correlation witness,155,False,True,True,False,155,155,155.0,1,155.0,384,384,200.0
spatial,0.55,30,60100030,changed,restart_at_change,exact one-cycle likelihood grid SR,54,False,True,True,False,54,54,54.0,1,54.0,384,384,200.0
spatial,0.55,30,60100030,changed,restart_at_change,known-post one-cycle likelihood SR,54,False,True,True,False,54,54,54.0,1,54.0,384,384,200.0
spatial,0.55,30,60100030,changed,restart_at_change,validation-trained linear logistic effect,160,False,True,True,False,160,160,160.0,1,160.0,384,384,200.0
spatial,0.55,31,60100031,changed,surveillance,DFR/count exact pushforward,200,False,True,True,False,200,200,72.0,1,72.0,384,384,200.0
spatial,0.55,31,60100031,changed,surveillance,raw symmetry-resolved AOC,170,False,True,True,False,170,170,42.0,1,42.0,384,384,200.0
spatial,0.55,31,60100031,changed,surveillance,vAOC / same-feature Hotelling,187,False,True,True,False,187,187,59.0,1,59.0,384,384,200.0
spatial,0.55,31,60100031,changed,surveillance,matched correlation witness,176,False,True,True,False,176,176,48.0,1,48.0,384,384,200.0
spatial,0.55,31,60100031,changed,surveillance,exact one-cycle likelihood grid SR,97,True,False,False,False,97,97,,1,,384,384,200.0
spatial,0.55,31,60100031,changed,surveillance,known-post one-cycle likelihood SR,97,True,False,False,False,97,97,,1,,384,384,200.0
spatial,0.55,31,60100031,changed,surveillance,validation-trained linear logistic effect,177,False,True,True,False,177,177,49.0,1,49.0,384,384,200.0
spatial,0.55,31,60100031,changed,restart_at_change,DFR/count exact pushforward,200,False,True,True,False,200,200,200.0,1,200.0,384,384,200.0
spatial,0.55,31,60100031,changed,restart_at_change,raw symmetry-resolved AOC,123,False,True,True,False,123,123,123.0,1,123.0,384,384,200.0
spatial,0.55,31,60100031,changed,restart_at_change,vAOC / same-feature Hotelling,157,False,True,True,False,157,157,157.0,1,157.0,384,384,200.0
spatial,0.55,31,60100031,changed,restart_at_change,matched correlation witness,152,False,True,True,False,152,152,152.0,1,152.0,384,384,200.0
spatial,0.55,31,60100031,changed,restart_at_change,exact one-cycle likelihood grid SR,36,False,True,True,False,36,36,36.0,1,36.0,384,384,200.0
spatial,0.55,31,60100031,changed,restart_at_change,known-post one-cycle likelihood SR,36,False,True,True,False,36,36,36.0,1,36.0,384,384,200.0
spatial,0.55,31,60100031,changed,restart_at_change,validation-trained linear logistic effect,167,False,True,True,False,167,167,167.0,1,167.0,384,384,200.0
temporal,0.75,0,70000000,no_change,null_arl,DFR/count exact pushforward,100,True,True,False,False,100,200,,2,,500,1000,100.0
temporal,0.75,0,70000000,no_change,null_arl,raw symmetry-resolved AOC,67,True,True,False,False,67,134,,2,,500,1000,100.0
temporal,0.75,0,70000000,no_change,null_arl,vAOC / same-feature Hotelling,102,True,True,False,False,102,204,,2,,500,1000,100.0
temporal,0.75,0,70000000,no_change,null_arl,matched correlation witness,100,True,True,False,False,100,200,,2,,500,1000,100.0
temporal,0.75,0,70000000,no_change,null_arl,exact pair-restricted likelihood grid SR,71,True,True,False,False,71,142,,2,,500,1000,100.0
temporal,0.75,0,70000000,no_change,null_arl,known-post pair-restricted likelihood SR,71,True,True,False,False,71,142,,2,,500,1000,100.0
temporal,0.75,0,70000000,no_change,null_arl,validation-trained linear logistic effect,115,True,True,False,False,115,230,,2,,500,1000,100.0
temporal,0.75,0,70000000,no_change,null_arl,full-HMM block-boundary grid SR,65,True,True,False,False,65,130,,2,,500,1000,100.0
temporal,0.75,0,70000000,no_change,null_arl,known-post full-HMM block-boundary SR,65,True,True,False,False,65,130,,2,,500,1000,100.0
temporal,0.75,1,70000001,no_change,null_arl,DFR/count exact pushforward,100,True,True,False,False,100,200,,2,,500,1000,100.0
temporal,0.75,1,70000001,no_change,null_arl,raw symmetry-resolved AOC,138,True,True,False,False,138,276,,2,,500,1000,100.0
temporal,0.75,1,70000001,no_change,null_arl,vAOC / same-feature Hotelling,111,True,True,False,False,111,222,,2,,500,1000,100.0
temporal,0.75,1,70000001,no_change,null_arl,matched correlation witness,100,True,True,False,False,100,200,,2,,500,1000,100.0
temporal,0.75,1,70000001,no_change,null_arl,exact pair-restricted likelihood grid SR,56,True,True,False,False,56,112,,2,,500,1000,100.0
temporal,0.75,1,70000001,no_change,null_arl,known-post pair-restricted likelihood SR,56,True,True,False,False,56,112,,2,,500,1000,100.0
temporal,0.75,1,70000001,no_change,null_arl,validation-trained linear logistic effect,107,True,True,False,False,107,214,,2,,500,1000,100.0
temporal,0.75,1,70000001,no_change,null_arl,full-HMM block-boundary grid SR,59,True,True,False,False,59,118,,2,,500,1000,100.0
temporal,0.75,1,70000001,no_change,null_arl,known-post full-HMM block-boundary SR,59,True,True,False,False,59,118,,2,,500,1000,100.0
temporal,0.75,2,70000002,no_change,null_arl,DFR/count exact pushforward,100,True,True,False,False,100,200,,2,,500,1000,100.0
temporal,0.75,2,70000002,no_change,null_arl,raw symmetry-resolved AOC,148,True,True,False,False,148,296,,2,,500,1000,100.0
temporal,0.75,2,70000002,no_change,null_arl,vAOC / same-feature Hotelling,102,True,True,False,False,102,204,,2,,500,1000,100.0
temporal,0.75,2,70000002,no_change,null_arl,matched correlation witness,100,True,True,False,False,100,200,,2,,500,1000,100.0
temporal,0.75,2,70000002,no_change,null_arl,exact pair-restricted likelihood grid SR,23,True,True,False,False,23,46,,2,,500,1000,100.0
temporal,0.75,2,70000002,no_change,null_arl,known-post pair-restricted likelihood SR,23,True,True,False,False,23,46,,2,,500,1000,100.0
temporal,0.75,2,70000002,no_change,null_arl,validation-trained linear logistic effect,111,True,True,False,False,111,222,,2,,500,1000,100.0
temporal,0.75,2,70000002,no_change,null_arl,full-HMM block-boundary grid SR,206,True,True,False,False,206,412,,2,,500,1000,100.0
temporal,0.75,2,70000002,no_change,null_arl,known-post full-HMM block-boundary SR,206,True,True,False,False,206,412,,2,,500,1000,100.0
temporal,0.75,3,70000003,no_change,null_arl,DFR/count exact pushforward,100,True,True,False,False,100,200,,2,,500,1000,100.0
temporal,0.75,3,70000003,no_change,null_arl,raw symmetry-resolved AOC,81,True,True,False,False,81,162,,2,,500,1000,100.0
temporal,0.75,3,70000003,no_change,null_arl,vAOC / same-feature Hotelling,100,True,True,False,False,100,200,,2,,500,1000,100.0
temporal,0.75,3,70000003,no_change,null_arl,matched correlation witness,100,True,True,False,False,100,200,,2,,500,1000,100.0
temporal,0.75,3,70000003,no_change,null_arl,exact pair-restricted likelihood grid SR,50,True,True,False,False,50,100,,2,,500,1000,100.0
temporal,0.75,3,70000003,no_change,null_arl,known-post pair-restricted likelihood SR,50,True,True,False,False,50,100,,2,,500,1000,100.0
temporal,0.75,3,70000003,no_change,null_arl,validation-trained linear logistic effect,95,True,True,False,False,95,190,,2,,500,1000,100.0
temporal,0.75,3,70000003,no_change,null_arl,full-HMM block-boundary grid SR,102,True,True,False,False,102,204,,2,,500,1000,100.0
temporal,0.75,3,70000003,no_change,null_arl,known-post full-HMM block-boundary SR,102,True,True,False,False,102,204,,2,,500,1000,100.0
temporal,0.75,4,70000004,no_change,null_arl,DFR/count exact pushforward,100,True,True,False,False,100,200,,2,,500,1000,100.0
temporal,0.75,4,70000004,no_change,null_arl,raw symmetry-resolved AOC,110,True,True,False,False,110,220,,2,,500,1000,100.0
temporal,0.75,4,70000004,no_change,null_arl,vAOC / same-feature Hotelling,110,True,True,False,False,110,220,,2,,500,1000,100.0
temporal,0.75,4,70000004,no_change,null_arl,matched correlation witness,101,True,True,False,False,101,202,,2,,500,1000,100.0
temporal,0.75,4,70000004,no_change,null_arl,exact pair-restricted likelihood grid SR,112,True,True,False,False,112,224,,2,,500,1000,100.0
temporal,0.75,4,70000004,no_change,null_arl,known-post pair-restricted likelihood SR,112,True,True,False,False,112,224,,2,,500,1000,100.0
temporal,0.75,4,70000004,no_change,null_arl,validation-trained linear logistic effect,92,True,True,False,False,92,184,,2,,500,1000,100.0
temporal,0.75,4,70000004,no_change,null_arl,full-HMM block-boundary grid SR,157,True,True,False,False,157,314,,2,,500,1000,100.0
temporal,0.75,4,70000004,no_change,null_arl,known-post full-HMM block-boundary SR,157,True,True,False,False,157,314,,2,,500,1000,100.0
temporal,0.75,5,70000005,no_change,null_arl,DFR/count exact pushforward,100,True,True,False,False,100,200,,2,,500,1000,100.0
temporal,0.75,5,70000005,no_change,null_arl,raw symmetry-resolved AOC,82,True,True,False,False,82,164,,2,,500,1000,100.0
temporal,0.75,5,70000005,no_change,null_arl,vAOC / same-feature Hotelling,96,True,True,False,False,96,192,,2,,500,1000,100.0
temporal,0.75,5,70000005,no_change,null_arl,matched correlation witness,100,True,True,False,False,100,200,,2,,500,1000,100.0
temporal,0.75,5,70000005,no_change,null_arl,exact pair-restricted likelihood grid SR,43,True,True,False,False,43,86,,2,,500,1000,100.0
temporal,0.75,5,70000005,no_change,null_arl,known-post pair-restricted likelihood SR,43,True,True,False,False,43,86,,2,,500,1000,100.0
temporal,0.75,5,70000005,no_change,null_arl,validation-trained linear logistic effect,82,True,True,False,False,82,164,,2,,500,1000,100.0
temporal,0.75,5,70000005,no_change,null_arl,full-HMM block-boundary grid SR,61,True,True,False,False,61,122,,2,,500,1000,100.0
temporal,0.75,5,70000005,no_change,null_arl,known-post full-HMM block-boundary SR,61,True,True,False,False,61,122,,2,,500,1000,100.0
temporal,0.75,6,70000006,no_change,null_arl,DFR/count exact pushforward,100,True,True,False,False,100,200,,2,,500,1000,100.0
temporal,0.75,6,70000006,no_change,null_arl,raw symmetry-resolved AOC,106,True,True,False,False,106,212,,2,,500,1000,100.0
temporal,0.75,6,70000006,no_change,null_arl,vAOC / same-feature Hotelling,105,True,True,False,False,105,210,,2,,500,1000,100.0
temporal,0.75,6,70000006,no_change,null_arl,matched correlation witness,100,True,True,False,False,100,200,,2,,500,1000,100.0
temporal,0.75,6,70000006,no_change,null_arl,exact pair-restricted likelihood grid SR,34,True,True,False,False,34,68,,2,,500,1000,100.0
temporal,0.75,6,70000006,no_change,null_arl,known-post pair-restricted likelihood SR,34,True,True,False,False,34,68,,2,,500,1000,100.0
temporal,0.75,6,70000006,no_change,null_arl,validation-trained linear logistic effect,125,True,True,False,False,125,250,,2,,500,1000,100.0
temporal,0.75,6,70000006,no_change,null_arl,full-HMM block-boundary grid SR,35,True,True,False,False,35,70,,2,,500,1000,100.0
temporal,0.75,6,70000006,no_change,null_arl,known-post full-HMM block-boundary SR,35,True,True,False,False,35,70,,2,,500,1000,100.0
temporal,0.75,7,70000007,no_change,null_arl,DFR/count exact pushforward,100,True,True,False,False,100,200,,2,,500,1000,100.0
temporal,0.75,7,70000007,no_change,null_arl,raw symmetry-resolved AOC,88,True,True,False,False,88,176,,2,,500,1000,100.0
temporal,0.75,7,70000007,no_change,null_arl,vAOC / same-feature Hotelling,104,True,True,False,False,104,208,,2,,500,1000,100.0
temporal,0.75,7,70000007,no_change,null_arl,matched correlation witness,101,True,True,False,False,101,202,,2,,500,1000,100.0
temporal,0.75,7,70000007,no_change,null_arl,exact pair-restricted likelihood grid SR,261,True,True,False,False,261,522,,2,,500,1000,100.0
temporal,0.75,7,70000007,no_change,null_arl,known-post pair-restricted likelihood SR,261,True,True,False,False,261,522,,2,,500,1000,100.0
temporal,0.75,7,70000007,no_change,null_arl,validation-trained linear logistic effect,83,True,True,False,False,83,166,,2,,500,1000,100.0
temporal,0.75,7,70000007,no_change,null_arl,full-HMM block-boundary grid SR,334,True,True,False,False,334,668,,2,,500,1000,100.0
temporal,0.75,7,70000007,no_change,null_arl,known-post full-HMM block-boundary SR,334,True,True,False,False,334,668,,2,,500,1000,100.0
temporal,0.75,8,70000008,no_change,null_arl,DFR/count exact pushforward,100,True,True,False,False,100,200,,2,,500,1000,100.0
temporal,0.75,8,70000008,no_change,null_arl,raw symmetry-resolved AOC,114,True,True,False,False,114,228,,2,,500,1000,100.0
temporal,0.75,8,70000008,no_change,null_arl,vAOC / same-feature Hotelling,104,True,True,False,False,104,208,,2,,500,1000,100.0
temporal,0.75,8,70000008,no_change,null_arl,matched correlation witness,101,True,True,False,False,101,202,,2,,500,1000,100.0
temporal,0.75,8,70000008,no_change,null_arl,exact pair-restricted likelihood grid SR,167,True,True,False,False,167,334,,2,,500,1000,100.0
temporal,0.75,8,70000008,no_change,null_arl,known-post pair-restricted likelihood SR,167,True,True,False,False,167,334,,2,,500,1000,100.0
temporal,0.75,8,70000008,no_change,null_arl,validation-trained linear logistic effect,99,True,True,False,False,99,198,,2,,500,1000,100.0
temporal,0.75,8,70000008,no_change,null_arl,full-HMM block-boundary grid SR,78,True,True,False,False,78,156,,2,,500,1000,100.0
temporal,0.75,8,70000008,no_change,null_arl,known-post full-HMM block-boundary SR,78,True,True,False,False,78,156,,2,,500,1000,100.0
temporal,0.75,9,70000009,no_change,null_arl,DFR/count exact pushforward,100,True,True,False,False,100,200,,2,,500,1000,100.0
temporal,0.75,9,70000009,no_change,null_arl,raw symmetry-resolved AOC,73,True,True,False,False,73,146,,2,,500,1000,100.0
temporal,0.75,9,70000009,no_change,null_arl,vAOC / same-feature Hotelling,101,True,True,False,False,101,202,,2,,500,1000,100.0
temporal,0.75,9,70000009,no_change,null_arl,matched correlation witness,100,True,True,False,False,100,200,,2,,500,1000,100.0
temporal,0.75,9,70000009,no_change,null_arl,exact pair-restricted likelihood grid SR,101,True,True,False,False,101,202,,2,,500,1000,100.0
temporal,0.75,9,70000009,no_change,null_arl,known-post pair-restricted likelihood SR,101,True,True,False,False,101,202,,2,,500,1000,100.0
temporal,0.75,9,70000009,no_change,null_arl,validation-trained linear logistic effect,100,True,True,False,False,100,200,,2,,500,1000,100.0
temporal,0.75,9,70000009,no_change,null_arl,full-HMM block-boundary grid SR,53,True,True,False,False,53,106,,2,,500,1000,100.0
temporal,0.75,9,70000009,no_change,null_arl,known-post full-HMM block-boundary SR,53,True,True,False,False,53,106,,2,,500,1000,100.0
temporal,0.75,10,70000010,no_change,null_arl,DFR/count exact pushforward,100,True,True,False,False,100,200,,2,,500,1000,100.0
temporal,0.75,10,70000010,no_change,null_arl,raw symmetry-resolved AOC,85,True,True,False,False,85,170,,2,,500,1000,100.0
temporal,0.75,10,70000010,no_change,null_arl,vAOC / same-feature Hotelling,97,True,True,False,False,97,194,,2,,500,1000,100.0
temporal,0.75,10,70000010,no_change,null_arl,matched correlation witness,101,True,True,False,False,101,202,,2,,500,1000,100.0
temporal,0.75,10,70000010,no_change,null_arl,exact pair-restricted likelihood grid SR,39,True,True,False,False,39,78,,2,,500,1000,100.0
temporal,0.75,10,70000010,no_change,null_arl,known-post pair-restricted likelihood SR,39,True,True,False,False,39,78,,2,,500,1000,100.0
temporal,0.75,10,70000010,no_change,null_arl,validation-trained linear logistic effect,129,True,True,False,False,129,258,,2,,500,1000,100.0
temporal,0.75,10,70000010,no_change,null_arl,full-HMM block-boundary grid SR,34,True,True,False,False,34,68,,2,,500,1000,100.0
temporal,0.75,10,70000010,no_change,null_arl,known-post full-HMM block-boundary SR,34,True,True,False,False,34,68,,2,,500,1000,100.0
temporal,0.75,11,70000011,no_change,null_arl,DFR/count exact pushforward,100,True,True,False,False,100,200,,2,,500,1000,100.0
temporal,0.75,11,70000011,no_change,null_arl,raw symmetry-resolved AOC,118,True,True,False,False,118,236,,2,,500,1000,100.0
temporal,0.75,11,70000011,no_change,null_arl,vAOC / same-feature Hotelling,100,True,True,False,False,100,200,,2,,500,1000,100.0
temporal,0.75,11,70000011,no_change,null_arl,matched correlation witness,100,True,True,False,False,100,200,,2,,500,1000,100.0
temporal,0.75,11,70000011,no_change,null_arl,exact pair-restricted likelihood grid SR,82,True,True,False,False,82,164,,2,,500,1000,100.0
temporal,0.75,11,70000011,no_change,null_arl,known-post pair-restricted likelihood SR,82,True,True,False,False,82,164,,2,,500,1000,100.0
temporal,0.75,11,70000011,no_change,null_arl,validation-trained linear logistic effect,111,True,True,False,False,111,222,,2,,500,1000,100.0
temporal,0.75,11,70000011,no_change,null_arl,full-HMM block-boundary grid SR,275,True,True,False,False,275,550,,2,,500,1000,100.0
temporal,0.75,11,70000011,no_change,null_arl,known-post full-HMM block-boundary SR,275,True,True,False,False,275,550,,2,,500,1000,100.0
temporal,0.75,12,70000012,no_change,null_arl,DFR/count exact pushforward,100,True,True,False,False,100,200,,2,,500,1000,100.0
temporal,0.75,12,70000012,no_change,null_arl,raw symmetry-resolved AOC,79,True,True,False,False,79,158,,2,,500,1000,100.0
temporal,0.75,12,70000012,no_change,null_arl,vAOC / same-feature Hotelling,99,True,True,False,False,99,198,,2,,500,1000,100.0
temporal,0.75,12,70000012,no_change,null_arl,matched correlation witness,100,True,True,False,False,100,200,,2,,500,1000,100.0
temporal,0.75,12,70000012,no_change,null_arl,exact pair-restricted likelihood grid SR,86,True,True,False,False,86,172,,2,,500,1000,100.0
temporal,0.75,12,70000012,no_change,null_arl,known-post pair-restricted likelihood SR,86,True,True,False,False,86,172,,2,,500,1000,100.0
temporal,0.75,12,70000012,no_change,null_arl,validation-trained linear logistic effect,80,True,True,False,False,80,160,,2,,500,1000,100.0
temporal,0.75,12,70000012,no_change,null_arl,full-HMM block-boundary grid SR,27,True,True,False,False,27,54,,2,,500,1000,100.0
temporal,0.75,12,70000012,no_change,null_arl,known-post full-HMM block-boundary SR,27,True,True,False,False,27,54,,2,,500,1000,100.0
temporal,0.75,13,70000013,no_change,null_arl,DFR/count exact pushforward,100,True,True,False,False,100,200,,2,,500,1000,100.0
temporal,0.75,13,70000013,no_change,null_arl,raw symmetry-resolved AOC,101,True,True,False,False,101,202,,2,,500,1000,100.0
temporal,0.75,13,70000013,no_change,null_arl,vAOC / same-feature Hotelling,99,True,True,False,False,99,198,,2,,500,1000,100.0
temporal,0.75,13,70000013,no_change,null_arl,matched correlation witness,100,True,True,False,False,100,200,,2,,500,1000,100.0
temporal,0.75,13,70000013,no_change,null_arl,exact pair-restricted likelihood grid SR,116,True,True,False,False,116,232,,2,,500,1000,100.0
temporal,0.75,13,70000013,no_change,null_arl,known-post pair-restricted likelihood SR,116,True,True,False,False,116,232,,2,,500,1000,100.0
temporal,0.75,13,70000013,no_change,null_arl,validation-trained linear logistic effect,120,True,True,False,False,120,240,,2,,500,1000,100.0
temporal,0.75,13,70000013,no_change,null_arl,full-HMM block-boundary grid SR,81,True,True,False,False,81,162,,2,,500,1000,100.0
temporal,0.75,13,70000013,no_change,null_arl,known-post full-HMM block-boundary SR,81,True,True,False,False,81,162,,2,,500,1000,100.0
temporal,0.75,14,70000014,no_change,null_arl,DFR/count exact pushforward,100,True,True,False,False,100,200,,2,,500,1000,100.0
temporal,0.75,14,70000014,no_change,null_arl,raw symmetry-resolved AOC,93,True,True,False,False,93,186,,2,,500,1000,100.0
temporal,0.75,14,70000014,no_change,null_arl,vAOC / same-feature Hotelling,93,True,True,False,False,93,186,,2,,500,1000,100.0
temporal,0.75,14,70000014,no_change,null_arl,matched correlation witness,101,True,True,False,False,101,202,,2,,500,1000,100.0
temporal,0.75,14,70000014,no_change,null_arl,exact pair-restricted likelihood grid SR,46,True,True,False,False,46,92,,2,,500,1000,100.0
temporal,0.75,14,70000014,no_change,null_arl,known-post pair-restricted likelihood SR,46,True,True,False,False,46,92,,2,,500,1000,100.0
temporal,0.75,14,70000014,no_change,null_arl,validation-trained linear logistic effect,107,True,True,False,False,107,214,,2,,500,1000,100.0
temporal,0.75,14,70000014,no_change,null_arl,full-HMM block-boundary grid SR,18,True,True,False,False,18,36,,2,,500,1000,100.0
temporal,0.75,14,70000014,no_change,null_arl,known-post full-HMM block-boundary SR,18,True,True,False,False,18,36,,2,,500,1000,100.0
temporal,0.75,15,70000015,no_change,null_arl,DFR/count exact pushforward,100,True,True,False,False,100,200,,2,,500,1000,100.0
temporal,0.75,15,70000015,no_change,null_arl,raw symmetry-resolved AOC,114,True,True,False,False,114,228,,2,,500,1000,100.0
temporal,0.75,15,70000015,no_change,null_arl,vAOC / same-feature Hotelling,99,True,True,False,False,99,198,,2,,500,1000,100.0
temporal,0.75,15,70000015,no_change,null_arl,matched correlation witness,101,True,True,False,False,101,202,,2,,500,1000,100.0
temporal,0.75,15,70000015,no_change,null_arl,exact pair-restricted likelihood grid SR,173,True,True,False,False,173,346,,2,,500,1000,100.0
temporal,0.75,15,70000015,no_change,null_arl,known-post pair-restricted likelihood SR,173,True,True,False,False,173,346,,2,,500,1000,100.0
temporal,0.75,15,70000015,no_change,null_arl,validation-trained linear logistic effect,110,True,True,False,False,110,220,,2,,500,1000,100.0
temporal,0.75,15,70000015,no_change,null_arl,full-HMM block-boundary grid SR,20,True,True,False,False,20,40,,2,,500,1000,100.0
temporal,0.75,15,70000015,no_change,null_arl,known-post full-HMM block-boundary SR,20,True,True,False,False,20,40,,2,,500,1000,100.0
temporal,0.75,16,70000016,no_change,null_arl,DFR/count exact pushforward,100,True,True,False,False,100,200,,2,,500,1000,100.0
temporal,0.75,16,70000016,no_change,null_arl,raw symmetry-resolved AOC,100,True,True,False,False,100,200,,2,,500,1000,100.0
temporal,0.75,16,70000016,no_change,null_arl,vAOC / same-feature Hotelling,100,True,True,False,False,100,200,,2,,500,1000,100.0
temporal,0.75,16,70000016,no_change,null_arl,matched correlation witness,100,True,True,False,False,100,200,,2,,500,1000,100.0
temporal,0.75,16,70000016,no_change,null_arl,exact pair-restricted likelihood grid SR,28,True,True,False,False,28,56,,2,,500,1000,100.0
temporal,0.75,16,70000016,no_change,null_arl,known-post pair-restricted likelihood SR,28,True,True,False,False,28,56,,2,,500,1000,100.0
temporal,0.75,16,70000016,no_change,null_arl,validation-trained linear logistic effect,76,True,True,False,False,76,152,,2,,500,1000,100.0
temporal,0.75,16,70000016,no_change,null_arl,full-HMM block-boundary grid SR,328,True,True,False,False,328,656,,2,,500,1000,100.0
temporal,0.75,16,70000016,no_change,null_arl,known-post full-HMM block-boundary SR,328,True,True,False,False,328,656,,2,,500,1000,100.0
temporal,0.75,17,70000017,no_change,null_arl,DFR/count exact pushforward,100,True,True,False,False,100,200,,2,,500,1000,100.0
temporal,0.75,17,70000017,no_change,null_arl,raw symmetry-resolved AOC,76,True,True,False,False,76,152,,2,,500,1000,100.0
temporal,0.75,17,70000017,no_change,null_arl,vAOC / same-feature Hotelling,97,True,True,False,False,97,194,,2,,500,1000,100.0
temporal,0.75,17,70000017,no_change,null_arl,matched correlation witness,100,True,True,False,False,100,200,,2,,500,1000,100.0
temporal,0.75,17,70000017,no_change,null_arl,exact pair-restricted likelihood grid SR,104,True,True,False,False,104,208,,2,,500,1000,100.0
temporal,0.75,17,70000017,no_change,null_arl,known-post pair-restricted likelihood SR,104,True,True,False,False,104,208,,2,,500,1000,100.0
temporal,0.75,17,70000017,no_change,null_arl,validation-trained linear logistic effect,83,True,True,False,False,83,166,,2,,500,1000,100.0
temporal,0.75,17,70000017,no_change,null_arl,full-HMM block-boundary grid SR,62,True,True,False,False,62,124,,2,,500,1000,100.0
temporal,0.75,17,70000017,no_change,null_arl,known-post full-HMM block-boundary SR,62,True,True,False,False,62,124,,2,,500,1000,100.0
temporal,0.75,18,70000018,no_change,null_arl,DFR/count exact pushforward,100,True,True,False,False,100,200,,2,,500,1000,100.0
temporal,0.75,18,70000018,no_change,null_arl,raw symmetry-resolved AOC,116,True,True,False,False,116,232,,2,,500,1000,100.0
temporal,0.75,18,70000018,no_change,null_arl,vAOC / same-feature Hotelling,95,True,True,False,False,95,190,,2,,500,1000,100.0
temporal,0.75,18,70000018,no_change,null_arl,matched correlation witness,101,True,True,False,False,101,202,,2,,500,1000,100.0
temporal,0.75,18,70000018,no_change,null_arl,exact pair-restricted likelihood grid SR,166,True,True,False,False,166,332,,2,,500,1000,100.0
temporal,0.75,18,70000018,no_change,null_arl,known-post pair-restricted likelihood SR,166,True,True,False,False,166,332,,2,,500,1000,100.0
temporal,0.75,18,70000018,no_change,null_arl,validation-trained linear logistic effect,92,True,True,False,False,92,184,,2,,500,1000,100.0
temporal,0.75,18,70000018,no_change,null_arl,full-HMM block-boundary grid SR,135,True,True,False,False,135,270,,2,,500,1000,100.0
temporal,0.75,18,70000018,no_change,null_arl,known-post full-HMM block-boundary SR,135,True,True,False,False,135,270,,2,,500,1000,100.0
temporal,0.75,19,70000019,no_change,null_arl,DFR/count exact pushforward,100,True,True,False,False,100,200,,2,,500,1000,100.0
temporal,0.75,19,70000019,no_change,null_arl,raw symmetry-resolved AOC,65,True,True,False,False,65,130,,2,,500,1000,100.0
temporal,0.75,19,70000019,no_change,null_arl,vAOC / same-feature Hotelling,89,True,True,False,False,89,178,,2,,500,1000,100.0
temporal,0.75,19,70000019,no_change,null_arl,matched correlation witness,101,True,True,False,False,101,202,,2,,500,1000,100.0
temporal,0.75,19,70000019,no_change,null_arl,exact pair-restricted likelihood grid SR,210,True,True,False,False,210,420,,2,,500,1000,100.0
temporal,0.75,19,70000019,no_change,null_arl,known-post pair-restricted likelihood SR,210,True,True,False,False,210,420,,2,,500,1000,100.0
temporal,0.75,19,70000019,no_change,null_arl,validation-trained linear logistic effect,65,True,True,False,False,65,130,,2,,500,1000,100.0
temporal,0.75,19,70000019,no_change,null_arl,full-HMM block-boundary grid SR,206,True,True,False,False,206,412,,2,,500,1000,100.0
temporal,0.75,19,70000019,no_change,null_arl,known-post full-HMM block-boundary SR,206,True,True,False,False,206,412,,2,,500,1000,100.0
temporal,0.75,20,70000020,no_change,null_arl,DFR/count exact pushforward,100,True,True,False,False,100,200,,2,,500,1000,100.0
temporal,0.75,20,70000020,no_change,null_arl,raw symmetry-resolved AOC,99,True,True,False,False,99,198,,2,,500,1000,100.0
temporal,0.75,20,70000020,no_change,null_arl,vAOC / same-feature Hotelling,107,True,True,False,False,107,214,,2,,500,1000,100.0
temporal,0.75,20,70000020,no_change,null_arl,matched correlation witness,101,True,True,False,False,101,202,,2,,500,1000,100.0
temporal,0.75,20,70000020,no_change,null_arl,exact pair-restricted likelihood grid SR,203,True,True,False,False,203,406,,2,,500,1000,100.0
temporal,0.75,20,70000020,no_change,null_arl,known-post pair-restricted likelihood SR,203,True,True,False,False,203,406,,2,,500,1000,100.0
temporal,0.75,20,70000020,no_change,null_arl,validation-trained linear logistic effect,126,True,True,False,False,126,252,,2,,500,1000,100.0
temporal,0.75,20,70000020,no_change,null_arl,full-HMM block-boundary grid SR,196,True,True,False,False,196,392,,2,,500,1000,100.0
temporal,0.75,20,70000020,no_change,null_arl,known-post full-HMM block-boundary SR,196,True,True,False,False,196,392,,2,,500,1000,100.0
temporal,0.75,21,70000021,no_change,null_arl,DFR/count exact pushforward,100,True,True,False,False,100,200,,2,,500,1000,100.0
temporal,0.75,21,70000021,no_change,null_arl,raw symmetry-resolved AOC,98,True,True,False,False,98,196,,2,,500,1000,100.0
temporal,0.75,21,70000021,no_change,null_arl,vAOC / same-feature Hotelling,92,True,True,False,False,92,184,,2,,500,1000,100.0
temporal,0.75,21,70000021,no_change,null_arl,matched correlation witness,101,True,True,False,False,101,202,,2,,500,1000,100.0
temporal,0.75,21,70000021,no_change,null_arl,exact pair-restricted likelihood grid SR,56,True,True,False,False,56,112,,2,,500,1000,100.0
temporal,0.75,21,70000021,no_change,null_arl,known-post pair-restricted likelihood SR,56,True,True,False,False,56,112,,2,,500,1000,100.0
temporal,0.75,21,70000021,no_change,null_arl,validation-trained linear logistic effect,82,True,True,False,False,82,164,,2,,500,1000,100.0
temporal,0.75,21,70000021,no_change,null_arl,full-HMM block-boundary grid SR,315,True,True,False,False,315,630,,2,,500,1000,100.0
temporal,0.75,21,70000021,no_change,null_arl,known-post full-HMM block-boundary SR,315,True,True,False,False,315,630,,2,,500,1000,100.0
temporal,0.75,22,70000022,no_change,null_arl,DFR/count exact pushforward,100,True,True,False,False,100,200,,2,,500,1000,100.0
temporal,0.75,22,70000022,no_change,null_arl,raw symmetry-resolved AOC,98,True,True,False,False,98,196,,2,,500,1000,100.0
temporal,0.75,22,70000022,no_change,null_arl,vAOC / same-feature Hotelling,98,True,True,False,False,98,196,,2,,500,1000,100.0
temporal,0.75,22,70000022,no_change,null_arl,matched correlation witness,100,True,True,False,False,100,200,,2,,500,1000,100.0
temporal,0.75,22,70000022,no_change,null_arl,exact pair-restricted likelihood grid SR,27,True,True,False,False,27,54,,2,,500,1000,100.0
temporal,0.75,22,70000022,no_change,null_arl,known-post pair-restricted likelihood SR,27,True,True,False,False,27,54,,2,,500,1000,100.0
temporal,0.75,22,70000022,no_change,null_arl,validation-trained linear logistic effect,85,True,True,False,False,85,170,,2,,500,1000,100.0
temporal,0.75,22,70000022,no_change,null_arl,full-HMM block-boundary grid SR,68,True,True,False,False,68,136,,2,,500,1000,100.0
temporal,0.75,22,70000022,no_change,null_arl,known-post full-HMM block-boundary SR,68,True,True,False,False,68,136,,2,,500,1000,100.0
temporal,0.75,23,70000023,no_change,null_arl,DFR/count exact pushforward,100,True,True,False,False,100,200,,2,,500,1000,100.0
temporal,0.75,23,70000023,no_change,null_arl,raw symmetry-resolved AOC,128,True,True,False,False,128,256,,2,,500,1000,100.0
temporal,0.75,23,70000023,no_change,null_arl,vAOC / same-feature Hotelling,105,True,True,False,False,105,210,,2,,500,1000,100.0
temporal,0.75,23,70000023,no_change,null_arl,matched correlation witness,101,True,True,False,False,101,202,,2,,500,1000,100.0
temporal,0.75,23,70000023,no_change,null_arl,exact pair-restricted likelihood grid SR,219,True,True,False,False,219,438,,2,,500,1000,100.0
temporal,0.75,23,70000023,no_change,null_arl,known-post pair-restricted likelihood SR,219,True,True,False,False,219,438,,2,,500,1000,100.0
temporal,0.75,23,70000023,no_change,null_arl,validation-trained linear logistic effect,99,True,True,False,False,99,198,,2,,500,1000,100.0
temporal,0.75,23,70000023,no_change,null_arl,full-HMM block-boundary grid SR,247,True,True,False,False,247,494,,2,,500,1000,100.0
temporal,0.75,23,70000023,no_change,null_arl,known-post full-HMM block-boundary SR,247,True,True,False,False,247,494,,2,,500,1000,100.0
temporal,0.75,24,70000024,no_change,null_arl,DFR/count exact pushforward,100,True,True,False,False,100,200,,2,,500,1000,100.0
temporal,0.75,24,70000024,no_change,null_arl,raw symmetry-resolved AOC,101,True,True,False,False,101,202,,2,,500,1000,100.0
temporal,0.75,24,70000024,no_change,null_arl,vAOC / same-feature Hotelling,102,True,True,False,False,102,204,,2,,500,1000,100.0
temporal,0.75,24,70000024,no_change,null_arl,matched correlation witness,100,True,True,False,False,100,200,,2,,500,1000,100.0
temporal,0.75,24,70000024,no_change,null_arl,exact pair-restricted likelihood grid SR,254,True,True,False,False,254,508,,2,,500,1000,100.0
temporal,0.75,24,70000024,no_change,null_arl,known-post pair-restricted likelihood SR,254,True,True,False,False,254,508,,2,,500,1000,100.0
temporal,0.75,24,70000024,no_change,null_arl,validation-trained linear logistic effect,110,True,True,False,False,110,220,,2,,500,1000,100.0
temporal,0.75,24,70000024,no_change,null_arl,full-HMM block-boundary grid SR,47,True,True,False,False,47,94,,2,,500,1000,100.0
temporal,0.75,24,70000024,no_change,null_arl,known-post full-HMM block-boundary SR,47,True,True,False,False,47,94,,2,,500,1000,100.0
temporal,0.75,25,70000025,no_change,null_arl,DFR/count exact pushforward,100,True,True,False,False,100,200,,2,,500,1000,100.0
temporal,0.75,25,70000025,no_change,null_arl,raw symmetry-resolved AOC,71,True,True,False,False,71,142,,2,,500,1000,100.0
temporal,0.75,25,70000025,no_change,null_arl,vAOC / same-feature Hotelling,105,True,True,False,False,105,210,,2,,500,1000,100.0
temporal,0.75,25,70000025,no_change,null_arl,matched correlation witness,100,True,True,False,False,100,200,,2,,500,1000,100.0
temporal,0.75,25,70000025,no_change,null_arl,exact pair-restricted likelihood grid SR,23,True,True,False,False,23,46,,2,,500,1000,100.0
temporal,0.75,25,70000025,no_change,null_arl,known-post pair-restricted likelihood SR,23,True,True,False,False,23,46,,2,,500,1000,100.0
temporal,0.75,25,70000025,no_change,null_arl,validation-trained linear logistic effect,118,True,True,False,False,118,236,,2,,500,1000,100.0
temporal,0.75,25,70000025,no_change,null_arl,full-HMM block-boundary grid SR,23,True,True,False,False,23,46,,2,,500,1000,100.0
temporal,0.75,25,70000025,no_change,null_arl,known-post full-HMM block-boundary SR,23,True,True,False,False,23,46,,2,,500,1000,100.0
temporal,0.75,26,70000026,no_change,null_arl,DFR/count exact pushforward,100,True,True,False,False,100,200,,2,,500,1000,100.0
temporal,0.75,26,70000026,no_change,null_arl,raw symmetry-resolved AOC,107,True,True,False,False,107,214,,2,,500,1000,100.0
temporal,0.75,26,70000026,no_change,null_arl,vAOC / same-feature Hotelling,102,True,True,False,False,102,204,,2,,500,1000,100.0
temporal,0.75,26,70000026,no_change,null_arl,matched correlation witness,100,True,True,False,False,100,200,,2,,500,1000,100.0
temporal,0.75,26,70000026,no_change,null_arl,exact pair-restricted likelihood grid SR,61,True,True,False,False,61,122,,2,,500,1000,100.0
temporal,0.75,26,70000026,no_change,null_arl,known-post pair-restricted likelihood SR,61,True,True,False,False,61,122,,2,,500,1000,100.0
temporal,0.75,26,70000026,no_change,null_arl,validation-trained linear logistic effect,99,True,True,False,False,99,198,,2,,500,1000,100.0
temporal,0.75,26,70000026,no_change,null_arl,full-HMM block-boundary grid SR,11,True,True,False,False,11,22,,2,,500,1000,100.0
temporal,0.75,26,70000026,no_change,null_arl,known-post full-HMM block-boundary SR,11,True,True,False,False,11,22,,2,,500,1000,100.0
temporal,0.75,27,70000027,no_change,null_arl,DFR/count exact pushforward,100,True,True,False,False,100,200,,2,,500,1000,100.0
temporal,0.75,27,70000027,no_change,null_arl,raw symmetry-resolved AOC,91,True,True,False,False,91,182,,2,,500,1000,100.0
temporal,0.75,27,70000027,no_change,null_arl,vAOC / same-feature Hotelling,101,True,True,False,False,101,202,,2,,500,1000,100.0
temporal,0.75,27,70000027,no_change,null_arl,matched correlation witness,100,True,True,False,False,100,200,,2,,500,1000,100.0
temporal,0.75,27,70000027,no_change,null_arl,exact pair-restricted likelihood grid SR,165,True,True,False,False,165,330,,2,,500,1000,100.0
temporal,0.75,27,70000027,no_change,null_arl,known-post pair-restricted likelihood SR,165,True,True,False,False,165,330,,2,,500,1000,100.0
temporal,0.75,27,70000027,no_change,null_arl,validation-trained linear logistic effect,117,True,True,False,False,117,234,,2,,500,1000,100.0
temporal,0.75,27,70000027,no_change,null_arl,full-HMM block-boundary grid SR,77,True,True,False,False,77,154,,2,,500,1000,100.0
temporal,0.75,27,70000027,no_change,null_arl,known-post full-HMM block-boundary SR,77,True,True,False,False,77,154,,2,,500,1000,100.0
temporal,0.75,28,70000028,no_change,null_arl,DFR/count exact pushforward,100,True,True,False,False,100,200,,2,,500,1000,100.0
temporal,0.75,28,70000028,no_change,null_arl,raw symmetry-resolved AOC,102,True,True,False,False,102,204,,2,,500,1000,100.0
temporal,0.75,28,70000028,no_change,null_arl,vAOC / same-feature Hotelling,110,True,True,False,False,110,220,,2,,500,1000,100.0
temporal,0.75,28,70000028,no_change,null_arl,matched correlation witness,101,True,True,False,False,101,202,,2,,500,1000,100.0
temporal,0.75,28,70000028,no_change,null_arl,exact pair-restricted likelihood grid SR,61,True,True,False,False,61,122,,2,,500,1000,100.0
temporal,0.75,28,70000028,no_change,null_arl,known-post pair-restricted likelihood SR,61,True,True,False,False,61,122,,2,,500,1000,100.0
temporal,0.75,28,70000028,no_change,null_arl,validation-trained linear logistic effect,110,True,True,False,False,110,220,,2,,500,1000,100.0
temporal,0.75,28,70000028,no_change,null_arl,full-HMM block-boundary grid SR,136,True,True,False,False,136,272,,2,,500,1000,100.0
temporal,0.75,28,70000028,no_change,null_arl,known-post full-HMM block-boundary SR,136,True,True,False,False,136,272,,2,,500,1000,100.0
temporal,0.75,29,70000029,no_change,null_arl,DFR/count exact pushforward,100,True,True,False,False,100,200,,2,,500,1000,100.0
temporal,0.75,29,70000029,no_change,null_arl,raw symmetry-resolved AOC,74,True,True,False,False,74,148,,2,,500,1000,100.0
temporal,0.75,29,70000029,no_change,null_arl,vAOC / same-feature Hotelling,101,True,True,False,False,101,202,,2,,500,1000,100.0
temporal,0.75,29,70000029,no_change,null_arl,matched correlation witness,100,True,True,False,False,100,200,,2,,500,1000,100.0
temporal,0.75,29,70000029,no_change,null_arl,exact pair-restricted likelihood grid SR,101,True,True,False,False,101,202,,2,,500,1000,100.0
temporal,0.75,29,70000029,no_change,null_arl,known-post pair-restricted likelihood SR,101,True,True,False,False,101,202,,2,,500,1000,100.0
temporal,0.75,29,70000029,no_change,null_arl,validation-trained linear logistic effect,119,True,True,False,False,119,238,,2,,500,1000,100.0
temporal,0.75,29,70000029,no_change,null_arl,full-HMM block-boundary grid SR,98,True,True,False,False,98,196,,2,,500,1000,100.0
temporal,0.75,29,70000029,no_change,null_arl,known-post full-HMM block-boundary SR,98,True,True,False,False,98,196,,2,,500,1000,100.0
temporal,0.75,30,70000030,no_change,null_arl,DFR/count exact pushforward,100,True,True,False,False,100,200,,2,,500,1000,100.0
temporal,0.75,30,70000030,no_change,null_arl,raw symmetry-resolved AOC,121,True,True,False,False,121,242,,2,,500,1000,100.0
temporal,0.75,30,70000030,no_change,null_arl,vAOC / same-feature Hotelling,101,True,True,False,False,101,202,,2,,500,1000,100.0
temporal,0.75,30,70000030,no_change,null_arl,matched correlation witness,101,True,True,False,False,101,202,,2,,500,1000,100.0
temporal,0.75,30,70000030,no_change,null_arl,exact pair-restricted likelihood grid SR,157,True,True,False,False,157,314,,2,,500,1000,100.0
temporal,0.75,30,70000030,no_change,null_arl,known-post pair-restricted likelihood SR,157,True,True,False,False,157,314,,2,,500,1000,100.0
temporal,0.75,30,70000030,no_change,null_arl,validation-trained linear logistic effect,105,True,True,False,False,105,210,,2,,500,1000,100.0
temporal,0.75,30,70000030,no_change,null_arl,full-HMM block-boundary grid SR,156,True,True,False,False,156,312,,2,,500,1000,100.0
temporal,0.75,30,70000030,no_change,null_arl,known-post full-HMM block-boundary SR,156,True,True,False,False,156,312,,2,,500,1000,100.0
temporal,0.75,31,70000031,no_change,null_arl,DFR/count exact pushforward,100,True,True,False,False,100,200,,2,,500,1000,100.0
temporal,0.75,31,70000031,no_change,null_arl,raw symmetry-resolved AOC,91,True,True,False,False,91,182,,2,,500,1000,100.0
temporal,0.75,31,70000031,no_change,null_arl,vAOC / same-feature Hotelling,94,True,True,False,False,94,188,,2,,500,1000,100.0
temporal,0.75,31,70000031,no_change,null_arl,matched correlation witness,101,True,True,False,False,101,202,,2,,500,1000,100.0
temporal,0.75,31,70000031,no_change,null_arl,exact pair-restricted likelihood grid SR,230,True,True,False,False,230,460,,2,,500,1000,100.0
temporal,0.75,31,70000031,no_change,null_arl,known-post pair-restricted likelihood SR,230,True,True,False,False,230,460,,2,,500,1000,100.0
temporal,0.75,31,70000031,no_change,null_arl,validation-trained linear logistic effect,87,True,True,False,False,87,174,,2,,500,1000,100.0
temporal,0.75,31,70000031,no_change,null_arl,full-HMM block-boundary grid SR,40,True,True,False,False,40,80,,2,,500,1000,100.0
temporal,0.75,31,70000031,no_change,null_arl,known-post full-HMM block-boundary SR,40,True,True,False,False,40,80,,2,,500,1000,100.0
temporal,0.75,0,70100000,changed,surveillance,DFR/count exact pushforward,100,False,True,True,False,100,200,36.0,2,72.0,192,384,100.0
temporal,0.75,0,70100000,changed,surveillance,raw symmetry-resolved AOC,102,False,True,True,False,102,204,38.0,2,76.0,192,384,100.0
temporal,0.75,0,70100000,changed,surveillance,vAOC / same-feature Hotelling,99,False,True,True,False,99,198,35.0,2,70.0,192,384,100.0
temporal,0.75,0,70100000,changed,surveillance,matched correlation witness,100,False,True,True,False,100,200,36.0,2,72.0,192,384,100.0
temporal,0.75,0,70100000,changed,surveillance,exact pair-restricted likelihood grid SR,91,False,True,True,False,91,182,27.0,2,54.0,192,384,100.0
temporal,0.75,0,70100000,changed,surveillance,known-post pair-restricted likelihood SR,91,False,True,True,False,91,182,27.0,2,54.0,192,384,100.0
temporal,0.75,0,70100000,changed,surveillance,validation-trained linear logistic effect,122,False,True,True,False,122,244,58.0,2,116.0,192,384,100.0
temporal,0.75,0,70100000,changed,surveillance,full-HMM block-boundary grid SR,83,False,True,True,False,83,166,19.0,2,38.0,192,384,100.0
temporal,0.75,0,70100000,changed,surveillance,known-post full-HMM block-boundary SR,83,False,True,True,False,83,166,19.0,2,38.0,192,384,100.0
temporal,0.75,0,70100000,changed,restart_at_change,DFR/count exact pushforward,100,False,True,True,False,100,200,100.0,2,200.0,192,384,100.0
temporal,0.75,0,70100000,changed,restart_at_change,raw symmetry-resolved AOC,108,False,True,True,False,108,216,108.0,2,216.0,192,384,100.0
temporal,0.75,0,70100000,changed,restart_at_change,vAOC / same-feature Hotelling,99,False,True,True,False,99,198,99.0,2,198.0,192,384,100.0
temporal,0.75,0,70100000,changed,restart_at_change,matched correlation witness,100,False,True,True,False,100,200,100.0,2,200.0,192,384,100.0
temporal,0.75,0,70100000,changed,restart_at_change,exact pair-restricted likelihood grid SR,31,False,True,True,False,31,62,31.0,2,62.0,192,384,100.0
temporal,0.75,0,70100000,changed,restart_at_change,known-post pair-restricted likelihood SR,31,False,True,True,False,31,62,31.0,2,62.0,192,384,100.0
temporal,0.75,0,70100000,changed,restart_at_change,validation-trained linear logistic effect,107,False,True,True,False,107,214,107.0,2,214.0,192,384,100.0
temporal,0.75,0,70100000,changed,restart_at_change,full-HMM block-boundary grid SR,19,False,True,True,False,19,38,19.0,2,38.0,192,384,100.0
temporal,0.75,0,70100000,changed,restart_at_change,known-post full-HMM block-boundary SR,19,False,True,True,False,19,38,19.0,2,38.0,192,384,100.0
temporal,0.75,1,70100001,changed,surveillance,DFR/count exact pushforward,100,False,True,True,False,100,200,36.0,2,72.0,192,384,100.0
temporal,0.75,1,70100001,changed,surveillance,raw symmetry-resolved AOC,78,False,True,True,False,78,156,14.0,2,28.0,192,384,100.0
temporal,0.75,1,70100001,changed,surveillance,vAOC / same-feature Hotelling,105,False,True,True,False,105,210,41.0,2,82.0,192,384,100.0
temporal,0.75,1,70100001,changed,surveillance,matched correlation witness,100,False,True,True,False,100,200,36.0,2,72.0,192,384,100.0
temporal,0.75,1,70100001,changed,surveillance,exact pair-restricted likelihood grid SR,77,False,True,True,False,77,154,13.0,2,26.0,192,384,100.0
temporal,0.75,1,70100001,changed,surveillance,known-post pair-restricted likelihood SR,77,False,True,True,False,77,154,13.0,2,26.0,192,384,100.0
temporal,0.75,1,70100001,changed,surveillance,validation-trained linear logistic effect,78,False,True,True,False,78,156,14.0,2,28.0,192,384,100.0
temporal,0.75,1,70100001,changed,surveillance,full-HMM block-boundary grid SR,71,False,True,True,False,71,142,7.0,2,14.0,192,384,100.0
temporal,0.75,1,70100001,changed,surveillance,known-post full-HMM block-boundary SR,71,False,True,True,False,71,142,7.0,2,14.0,192,384,100.0
temporal,0.75,1,70100001,changed,restart_at_change,DFR/count exact pushforward,100,False,True,True,False,100,200,100.0,2,200.0,192,384,100.0
temporal,0.75,1,70100001,changed,restart_at_change,raw symmetry-resolved AOC,99,False,True,True,False,99,198,99.0,2,198.0,192,384,100.0
temporal,0.75,1,70100001,changed,restart_at_change,vAOC / same-feature Hotelling,101,False,True,True,False,101,202,101.0,2,202.0,192,384,100.0
temporal,0.75,1,70100001,changed,restart_at_change,matched correlation witness,100,False,True,True,False,100,200,100.0,2,200.0,192,384,100.0
temporal,0.75,1,70100001,changed,restart_at_change,exact pair-restricted likelihood grid SR,19,False,True,True,False,19,38,19.0,2,38.0,192,384,100.0
temporal,0.75,1,70100001,changed,restart_at_change,known-post pair-restricted likelihood SR,19,False,True,True,False,19,38,19.0,2,38.0,192,384,100.0
temporal,0.75,1,70100001,changed,restart_at_change,validation-trained linear logistic effect,117,False,True,True,False,117,234,117.0,2,234.0,192,384,100.0
temporal,0.75,1,70100001,changed,restart_at_change,full-HMM block-boundary grid SR,15,False,True,True,False,15,30,15.0,2,30.0,192,384,100.0
temporal,0.75,1,70100001,changed,restart_at_change,known-post full-HMM block-boundary SR,15,False,True,True,False,15,30,15.0,2,30.0,192,384,100.0
temporal,0.75,2,70100002,changed,surveillance,DFR/count exact pushforward,100,False,True,True,False,100,200,36.0,2,72.0,192,384,100.0
temporal,0.75,2,70100002,changed,surveillance,raw symmetry-resolved AOC,98,False,True,True,False,98,196,34.0,2,68.0,192,384,100.0
temporal,0.75,2,70100002,changed,surveillance,vAOC / same-feature Hotelling,97,False,True,True,False,97,194,33.0,2,66.0,192,384,100.0
temporal,0.75,2,70100002,changed,surveillance,matched correlation witness,100,False,True,True,False,100,200,36.0,2,72.0,192,384,100.0
temporal,0.75,2,70100002,changed,surveillance,exact pair-restricted likelihood grid SR,29,True,False,False,False,29,58,,2,,192,384,100.0
temporal,0.75,2,70100002,changed,surveillance,known-post pair-restricted likelihood SR,29,True,False,False,False,29,58,,2,,192,384,100.0
temporal,0.75,2,70100002,changed,surveillance,validation-trained linear logistic effect,95,False,True,True,False,95,190,31.0,2,62.0,192,384,100.0
temporal,0.75,2,70100002,changed,surveillance,full-HMM block-boundary grid SR,83,False,True,True,False,83,166,19.0,2,38.0,192,384,100.0
temporal,0.75,2,70100002,changed,surveillance,known-post full-HMM block-boundary SR,83,False,True,True,False,83,166,19.0,2,38.0,192,384,100.0
temporal,0.75,2,70100002,changed,restart_at_change,DFR/count exact pushforward,100,False,True,True,False,100,200,100.0,2,200.0,192,384,100.0
temporal,0.75,2,70100002,changed,restart_at_change,raw symmetry-resolved AOC,126,False,True,True,False,126,252,126.0,2,252.0,192,384,100.0
temporal,0.75,2,70100002,changed,restart_at_change,vAOC / same-feature Hotelling,102,False,True,True,False,102,204,102.0,2,204.0,192,384,100.0
temporal,0.75,2,70100002,changed,restart_at_change,matched correlation witness,99,False,True,True,False,99,198,99.0,2,198.0,192,384,100.0
temporal,0.75,2,70100002,changed,restart_at_change,exact pair-restricted likelihood grid SR,21,False,True,True,False,21,42,21.0,2,42.0,192,384,100.0
temporal,0.75,2,70100002,changed,restart_at_change,known-post pair-restricted likelihood SR,21,False,True,True,False,21,42,21.0,2,42.0,192,384,100.0
temporal,0.75,2,70100002,changed,restart_at_change,validation-trained linear logistic effect,87,False,True,True,False,87,174,87.0,2,174.0,192,384,100.0
temporal,0.75,2,70100002,changed,restart_at_change,full-HMM block-boundary grid SR,19,False,True,True,False,19,38,19.0,2,38.0,192,384,100.0
temporal,0.75,2,70100002,changed,restart_at_change,known-post full-HMM block-boundary SR,19,False,True,True,False,19,38,19.0,2,38.0,192,384,100.0
temporal,0.75,3,70100003,changed,surveillance,DFR/count exact pushforward,100,False,True,True,False,100,200,36.0,2,72.0,192,384,100.0
temporal,0.75,3,70100003,changed,surveillance,raw symmetry-resolved AOC,155,False,True,True,False,155,310,91.0,2,182.0,192,384,100.0
temporal,0.75,3,70100003,changed,surveillance,vAOC / same-feature Hotelling,111,False,True,True,False,111,222,47.0,2,94.0,192,384,100.0
temporal,0.75,3,70100003,changed,surveillance,matched correlation witness,100,False,True,True,False,100,200,36.0,2,72.0,192,384,100.0
temporal,0.75,3,70100003,changed,surveillance,exact pair-restricted likelihood grid SR,77,False,True,True,False,77,154,13.0,2,26.0,192,384,100.0
temporal,0.75,3,70100003,changed,surveillance,known-post pair-restricted likelihood SR,77,False,True,True,False,77,154,13.0,2,26.0,192,384,100.0
temporal,0.75,3,70100003,changed,surveillance,validation-trained linear logistic effect,110,False,True,True,False,110,220,46.0,2,92.0,192,384,100.0
temporal,0.75,3,70100003,changed,surveillance,full-HMM block-boundary grid SR,71,False,True,True,False,71,142,7.0,2,14.0,192,384,100.0
temporal,0.75,3,70100003,changed,surveillance,known-post full-HMM block-boundary SR,71,False,True,True,False,71,142,7.0,2,14.0,192,384,100.0
temporal,0.75,3,70100003,changed,restart_at_change,DFR/count exact pushforward,100,False,True,True,False,100,200,100.0,2,200.0,192,384,100.0
temporal,0.75,3,70100003,changed,restart_at_change,raw symmetry-resolved AOC,134,False,True,True,False,134,268,134.0,2,268.0,192,384,100.0
temporal,0.75,3,70100003,changed,restart_at_change,vAOC / same-feature Hotelling,108,False,True,True,False,108,216,108.0,2,216.0,192,384,100.0
temporal,0.75,3,70100003,changed,restart_at_change,matched correlation witness,100,False,True,True,False,100,200,100.0,2,200.0,192,384,100.0
temporal,0.75,3,70100003,changed,restart_at_change,exact pair-restricted likelihood grid SR,59,False,True,True,False,59,118,59.0,2,118.0,192,384,100.0
temporal,0.75,3,70100003,changed,restart_at_change,known-post pair-restricted likelihood SR,59,False,True,True,False,59,118,59.0,2,118.0,192,384,100.0
temporal,0.75,3,70100003,changed,restart_at_change,validation-trained linear logistic effect,99,False,True,True,False,99,198,99.0,2,198.0,192,384,100.0
temporal,0.75,3,70100003,changed,restart_at_change,full-HMM block-boundary grid SR,14,False,True,True,False,14,28,14.0,2,28.0,192,384,100.0
temporal,0.75,3,70100003,changed,restart_at_change,known-post full-HMM block-boundary SR,14,False,True,True,False,14,28,14.0,2,28.0,192,384,100.0
temporal,0.75,4,70100004,changed,surveillance,DFR/count exact pushforward,100,False,True,True,False,100,200,36.0,2,72.0,192,384,100.0
temporal,0.75,4,70100004,changed,surveillance,raw symmetry-resolved AOC,125,False,True,True,False,125,250,61.0,2,122.0,192,384,100.0
temporal,0.75,4,70100004,changed,surveillance,vAOC / same-feature Hotelling,108,False,True,True,False,108,216,44.0,2,88.0,192,384,100.0
temporal,0.75,4,70100004,changed,surveillance,matched correlation witness,101,False,True,True,False,101,202,37.0,2,74.0,192,384,100.0
temporal,0.75,4,70100004,changed,surveillance,exact pair-restricted likelihood grid SR,77,False,True,True,False,77,154,13.0,2,26.0,192,384,100.0
temporal,0.75,4,70100004,changed,surveillance,known-post pair-restricted likelihood SR,77,False,True,True,False,77,154,13.0,2,26.0,192,384,100.0
temporal,0.75,4,70100004,changed,surveillance,validation-trained linear logistic effect,93,False,True,True,False,93,186,29.0,2,58.0,192,384,100.0
temporal,0.75,4,70100004,changed,surveillance,full-HMM block-boundary grid SR,69,False,True,True,False,69,138,5.0,2,10.0,192,384,100.0
temporal,0.75,4,70100004,changed,surveillance,known-post full-HMM block-boundary SR,69,False,True,True,False,69,138,5.0,2,10.0,192,384,100.0
temporal,0.75,4,70100004,changed,restart_at_change,DFR/count exact pushforward,100,False,True,True,False,100,200,100.0,2,200.0,192,384,100.0
temporal,0.75,4,70100004,changed,restart_at_change,raw symmetry-resolved AOC,81,False,True,True,False,81,162,81.0,2,162.0,192,384,100.0
temporal,0.75,4,70100004,changed,restart_at_change,vAOC / same-feature Hotelling,103,False,True,True,False,103,206,103.0,2,206.0,192,384,100.0
temporal,0.75,4,70100004,changed,restart_at_change,matched correlation witness,100,False,True,True,False,100,200,100.0,2,200.0,192,384,100.0
temporal,0.75,4,70100004,changed,restart_at_change,exact pair-restricted likelihood grid SR,20,False,True,True,False,20,40,20.0,2,40.0,192,384,100.0
temporal,0.75,4,70100004,changed,restart_at_change,known-post pair-restricted likelihood SR,20,False,True,True,False,20,40,20.0,2,40.0,192,384,100.0
temporal,0.75,4,70100004,changed,restart_at_change,validation-trained linear logistic effect,112,False,True,True,False,112,224,112.0,2,224.0,192,384,100.0
temporal,0.75,4,70100004,changed,restart_at_change,full-HMM block-boundary grid SR,5,False,True,True,False,5,10,5.0,2,10.0,192,384,100.0
temporal,0.75,4,70100004,changed,restart_at_change,known-post full-HMM block-boundary SR,5,False,True,True,False,5,10,5.0,2,10.0,192,384,100.0
temporal,0.75,5,70100005,changed,surveillance,DFR/count exact pushforward,100,False,True,True,False,100,200,36.0,2,72.0,192,384,100.0
temporal,0.75,5,70100005,changed,surveillance,raw symmetry-resolved AOC,128,False,True,True,False,128,256,64.0,2,128.0,192,384,100.0
temporal,0.75,5,70100005,changed,surveillance,vAOC / same-feature Hotelling,98,False,True,True,False,98,196,34.0,2,68.0,192,384,100.0
temporal,0.75,5,70100005,changed,surveillance,matched correlation witness,100,False,True,True,False,100,200,36.0,2,72.0,192,384,100.0
temporal,0.75,5,70100005,changed,surveillance,exact pair-restricted likelihood grid SR,77,False,True,True,False,77,154,13.0,2,26.0,192,384,100.0
temporal,0.75,5,70100005,changed,surveillance,known-post pair-restricted likelihood SR,77,False,True,True,False,77,154,13.0,2,26.0,192,384,100.0
temporal,0.75,5,70100005,changed,surveillance,validation-trained linear logistic effect,94,False,True,True,False,94,188,30.0,2,60.0,192,384,100.0
temporal,0.75,5,70100005,changed,surveillance,full-HMM block-boundary grid SR,72,False,True,True,False,72,144,8.0,2,16.0,192,384,100.0
temporal,0.75,5,70100005,changed,surveillance,known-post full-HMM block-boundary SR,72,False,True,True,False,72,144,8.0,2,16.0,192,384,100.0
temporal,0.75,5,70100005,changed,restart_at_change,DFR/count exact pushforward,100,False,True,True,False,100,200,100.0,2,200.0,192,384,100.0
temporal,0.75,5,70100005,changed,restart_at_change,raw symmetry-resolved AOC,129,False,True,True,False,129,258,129.0,2,258.0,192,384,100.0
temporal,0.75,5,70100005,changed,restart_at_change,vAOC / same-feature Hotelling,103,False,True,True,False,103,206,103.0,2,206.0,192,384,100.0
temporal,0.75,5,70100005,changed,restart_at_change,matched correlation witness,100,False,True,True,False,100,200,100.0,2,200.0,192,384,100.0
temporal,0.75,5,70100005,changed,restart_at_change,exact pair-restricted likelihood grid SR,20,False,True,True,False,20,40,20.0,2,40.0,192,384,100.0
temporal,0.75,5,70100005,changed,restart_at_change,known-post pair-restricted likelihood SR,20,False,True,True,False,20,40,20.0,2,40.0,192,384,100.0
temporal,0.75,5,70100005,changed,restart_at_change,validation-trained linear logistic effect,100,False,True,True,False,100,200,100.0,2,200.0,192,384,100.0
temporal,0.75,5,70100005,changed,restart_at_change,full-HMM block-boundary grid SR,16,False,True,True,False,16,32,16.0,2,32.0,192,384,100.0
temporal,0.75,5,70100005,changed,restart_at_change,known-post full-HMM block-boundary SR,16,False,True,True,False,16,32,16.0,2,32.0,192,384,100.0
temporal,0.75,6,70100006,changed,surveillance,DFR/count exact pushforward,100,False,True,True,False,100,200,36.0,2,72.0,192,384,100.0
temporal,0.75,6,70100006,changed,surveillance,raw symmetry-resolved AOC,135,False,True,True,False,135,270,71.0,2,142.0,192,384,100.0
temporal,0.75,6,70100006,changed,surveillance,vAOC / same-feature Hotelling,98,False,True,True,False,98,196,34.0,2,68.0,192,384,100.0
temporal,0.75,6,70100006,changed,surveillance,matched correlation witness,100,False,True,True,False,100,200,36.0,2,72.0,192,384,100.0
temporal,0.75,6,70100006,changed,surveillance,exact pair-restricted likelihood grid SR,61,True,False,False,False,61,122,,2,,192,384,100.0
temporal,0.75,6,70100006,changed,surveillance,known-post pair-restricted likelihood SR,61,True,False,False,False,61,122,,2,,192,384,100.0
temporal,0.75,6,70100006,changed,surveillance,validation-trained linear logistic effect,103,False,True,True,False,103,206,39.0,2,78.0,192,384,100.0
temporal,0.75,6,70100006,changed,surveillance,full-HMM block-boundary grid SR,16,True,False,False,False,16,32,,2,,192,384,100.0
temporal,0.75,6,70100006,changed,surveillance,known-post full-HMM block-boundary SR,16,True,False,False,False,16,32,,2,,192,384,100.0
temporal,0.75,6,70100006,changed,restart_at_change,DFR/count exact pushforward,100,False,True,True,False,100,200,100.0,2,200.0,192,384,100.0
temporal,0.75,6,70100006,changed,restart_at_change,raw symmetry-resolved AOC,104,False,True,True,False,104,208,104.0,2,208.0,192,384,100.0
temporal,0.75,6,70100006,changed,restart_at_change,vAOC / same-feature Hotelling,100,False,True,True,False,100,200,100.0,2,200.0,192,384,100.0
temporal,0.75,6,70100006,changed,restart_at_change,matched correlation witness,100,False,True,True,False,100,200,100.0,2,200.0,192,384,100.0
temporal,0.75,6,70100006,changed,restart_at_change,exact pair-restricted likelihood grid SR,17,False,True,True,False,17,34,17.0,2,34.0,192,384,100.0
temporal,0.75,6,70100006,changed,restart_at_change,known-post pair-restricted likelihood SR,17,False,True,True,False,17,34,17.0,2,34.0,192,384,100.0
temporal,0.75,6,70100006,changed,restart_at_change,validation-trained linear logistic effect,87,False,True,True,False,87,174,87.0,2,174.0,192,384,100.0
temporal,0.75,6,70100006,changed,restart_at_change,full-HMM block-boundary grid SR,17,False,True,True,False,17,34,17.0,2,34.0,192,384,100.0
temporal,0.75,6,70100006,changed,restart_at_change,known-post full-HMM block-boundary SR,17,False,True,True,False,17,34,17.0,2,34.0,192,384,100.0
temporal,0.75,7,70100007,changed,surveillance,DFR/count exact pushforward,100,False,True,True,False,100,200,36.0,2,72.0,192,384,100.0
temporal,0.75,7,70100007,changed,surveillance,raw symmetry-resolved AOC,133,False,True,True,False,133,266,69.0,2,138.0,192,384,100.0
temporal,0.75,7,70100007,changed,surveillance,vAOC / same-feature Hotelling,102,False,True,True,False,102,204,38.0,2,76.0,192,384,100.0
temporal,0.75,7,70100007,changed,surveillance,matched correlation witness,100,False,True,True,False,100,200,36.0,2,72.0,192,384,100.0
temporal,0.75,7,70100007,changed,surveillance,exact pair-restricted likelihood grid SR,124,False,True,True,False,124,248,60.0,2,120.0,192,384,100.0
temporal,0.75,7,70100007,changed,surveillance,known-post pair-restricted likelihood SR,124,False,True,True,False,124,248,60.0,2,120.0,192,384,100.0
temporal,0.75,7,70100007,changed,surveillance,validation-trained linear logistic effect,110,False,True,True,False,110,220,46.0,2,92.0,192,384,100.0
temporal,0.75,7,70100007,changed,surveillance,full-HMM block-boundary grid SR,94,False,True,True,False,94,188,30.0,2,60.0,192,384,100.0
temporal,0.75,7,70100007,changed,surveillance,known-post full-HMM block-boundary SR,94,False,True,True,False,94,188,30.0,2,60.0,192,384,100.0
temporal,0.75,7,70100007,changed,restart_at_change,DFR/count exact pushforward,100,False,True,True,False,100,200,100.0,2,200.0,192,384,100.0
temporal,0.75,7,70100007,changed,restart_at_change,raw symmetry-resolved AOC,123,False,True,True,False,123,246,123.0,2,246.0,192,384,100.0
temporal,0.75,7,70100007,changed,restart_at_change,vAOC / same-feature Hotelling,103,False,True,True,False,103,206,103.0,2,206.0,192,384,100.0
temporal,0.75,7,70100007,changed,restart_at_change,matched correlation witness,100,False,True,True,False,100,200,100.0,2,200.0,192,384,100.0
temporal,0.75,7,70100007,changed,restart_at_change,exact pair-restricted likelihood grid SR,60,False,True,True,False,60,120,60.0,2,120.0,192,384,100.0
temporal,0.75,7,70100007,changed,restart_at_change,known-post pair-restricted likelihood SR,60,False,True,True,False,60,120,60.0,2,120.0,192,384,100.0
temporal,0.75,7,70100007,changed,restart_at_change,validation-trained linear logistic effect,104,False,True,True,False,104,208,104.0,2,208.0,192,384,100.0
temporal,0.75,7,70100007,changed,restart_at_change,full-HMM block-boundary grid SR,60,False,True,True,False,60,120,60.0,2,120.0,192,384,100.0
temporal,0.75,7,70100007,changed,restart_at_change,known-post full-HMM block-boundary SR,60,False,True,True,False,60,120,60.0,2,120.0,192,384,100.0
temporal,0.75,8,70100008,changed,surveillance,DFR/count exact pushforward,100,False,True,True,False,100,200,36.0,2,72.0,192,384,100.0
temporal,0.75,8,70100008,changed,surveillance,raw symmetry-resolved AOC,87,False,True,True,False,87,174,23.0,2,46.0,192,384,100.0
temporal,0.75,8,70100008,changed,surveillance,vAOC / same-feature Hotelling,98,False,True,True,False,98,196,34.0,2,68.0,192,384,100.0
temporal,0.75,8,70100008,changed,surveillance,matched correlation witness,100,False,True,True,False,100,200,36.0,2,72.0,192,384,100.0
temporal,0.75,8,70100008,changed,surveillance,exact pair-restricted likelihood grid SR,93,False,True,True,False,93,186,29.0,2,58.0,192,384,100.0
temporal,0.75,8,70100008,changed,surveillance,known-post pair-restricted likelihood SR,93,False,True,True,False,93,186,29.0,2,58.0,192,384,100.0
temporal,0.75,8,70100008,changed,surveillance,validation-trained linear logistic effect,136,False,True,True,False,136,272,72.0,2,144.0,192,384,100.0
temporal,0.75,8,70100008,changed,surveillance,full-HMM block-boundary grid SR,75,False,True,True,False,75,150,11.0,2,22.0,192,384,100.0
temporal,0.75,8,70100008,changed,surveillance,known-post full-HMM block-boundary SR,75,False,True,True,False,75,150,11.0,2,22.0,192,384,100.0
temporal,0.75,8,70100008,changed,restart_at_change,DFR/count exact pushforward,100,False,True,True,False,100,200,100.0,2,200.0,192,384,100.0
temporal,0.75,8,70100008,changed,restart_at_change,raw symmetry-resolved AOC,55,False,True,True,False,55,110,55.0,2,110.0,192,384,100.0
temporal,0.75,8,70100008,changed,restart_at_change,vAOC / same-feature Hotelling,99,False,True,True,False,99,198,99.0,2,198.0,192,384,100.0
temporal,0.75,8,70100008,changed,restart_at_change,matched correlation witness,99,False,True,True,False,99,198,99.0,2,198.0,192,384,100.0
temporal,0.75,8,70100008,changed,restart_at_change,exact pair-restricted likelihood grid SR,46,False,True,True,False,46,92,46.0,2,92.0,192,384,100.0
temporal,0.75,8,70100008,changed,restart_at_change,known-post pair-restricted likelihood SR,46,False,True,True,False,46,92,46.0,2,92.0,192,384,100.0
temporal,0.75,8,70100008,changed,restart_at_change,validation-trained linear logistic effect,113,False,True,True,False,113,226,113.0,2,226.0,192,384,100.0
temporal,0.75,8,70100008,changed,restart_at_change,full-HMM block-boundary grid SR,12,False,True,True,False,12,24,12.0,2,24.0,192,384,100.0
temporal,0.75,8,70100008,changed,restart_at_change,known-post full-HMM block-boundary SR,12,False,True,True,False,12,24,12.0,2,24.0,192,384,100.0
temporal,0.75,9,70100009,changed,surveillance,DFR/count exact pushforward,100,False,True,True,False,100,200,36.0,2,72.0,192,384,100.0
temporal,0.75,9,70100009,changed,surveillance,raw symmetry-resolved AOC,97,False,True,True,False,97,194,33.0,2,66.0,192,384,100.0
temporal,0.75,9,70100009,changed,surveillance,vAOC / same-feature Hotelling,90,False,True,True,False,90,180,26.0,2,52.0,192,384,100.0
temporal,0.75,9,70100009,changed,surveillance,matched correlation witness,100,False,True,True,False,100,200,36.0,2,72.0,192,384,100.0
temporal,0.75,9,70100009,changed,surveillance,exact pair-restricted likelihood grid SR,75,False,True,True,False,75,150,11.0,2,22.0,192,384,100.0
temporal,0.75,9,70100009,changed,surveillance,known-post pair-restricted likelihood SR,75,False,True,True,False,75,150,11.0,2,22.0,192,384,100.0
temporal,0.75,9,70100009,changed,surveillance,validation-trained linear logistic effect,100,False,True,True,False,100,200,36.0,2,72.0,192,384,100.0
temporal,0.75,9,70100009,changed,surveillance,full-HMM block-boundary grid SR,44,True,False,False,False,44,88,,2,,192,384,100.0
temporal,0.75,9,70100009,changed,surveillance,known-post full-HMM block-boundary SR,44,True,False,False,False,44,88,,2,,192,384,100.0
temporal,0.75,9,70100009,changed,restart_at_change,DFR/count exact pushforward,100,False,True,True,False,100,200,100.0,2,200.0,192,384,100.0
temporal,0.75,9,70100009,changed,restart_at_change,raw symmetry-resolved AOC,103,False,True,True,False,103,206,103.0,2,206.0,192,384,100.0
temporal,0.75,9,70100009,changed,restart_at_change,vAOC / same-feature Hotelling,103,False,True,True,False,103,206,103.0,2,206.0,192,384,100.0
temporal,0.75,9,70100009,changed,restart_at_change,matched correlation witness,100,False,True,True,False,100,200,100.0,2,200.0,192,384,100.0
temporal,0.75,9,70100009,changed,restart_at_change,exact pair-restricted likelihood grid SR,23,False,True,True,False,23,46,23.0,2,46.0,192,384,100.0
temporal,0.75,9,70100009,changed,restart_at_change,known-post pair-restricted likelihood SR,23,False,True,True,False,23,46,23.0,2,46.0,192,384,100.0
temporal,0.75,9,70100009,changed,restart_at_change,validation-trained linear logistic effect,114,False,True,True,False,114,228,114.0,2,228.0,192,384,100.0
temporal,0.75,9,70100009,changed,restart_at_change,full-HMM block-boundary grid SR,11,False,True,True,False,11,22,11.0,2,22.0,192,384,100.0
temporal,0.75,9,70100009,changed,restart_at_change,known-post full-HMM block-boundary SR,11,False,True,True,False,11,22,11.0,2,22.0,192,384,100.0
temporal,0.75,10,70100010,changed,surveillance,DFR/count exact pushforward,100,False,True,True,False,100,200,36.0,2,72.0,192,384,100.0
temporal,0.75,10,70100010,changed,surveillance,raw symmetry-resolved AOC,109,False,True,True,False,109,218,45.0,2,90.0,192,384,100.0
temporal,0.75,10,70100010,changed,surveillance,vAOC / same-feature Hotelling,104,False,True,True,False,104,208,40.0,2,80.0,192,384,100.0
temporal,0.75,10,70100010,changed,surveillance,matched correlation witness,100,False,True,True,False,100,200,36.0,2,72.0,192,384,100.0
temporal,0.75,10,70100010,changed,surveillance,exact pair-restricted likelihood grid SR,83,False,True,True,False,83,166,19.0,2,38.0,192,384,100.0
temporal,0.75,10,70100010,changed,surveillance,known-post pair-restricted likelihood SR,83,False,True,True,False,83,166,19.0,2,38.0,192,384,100.0
temporal,0.75,10,70100010,changed,surveillance,validation-trained linear logistic effect,122,False,True,True,False,122,244,58.0,2,116.0,192,384,100.0
temporal,0.75,10,70100010,changed,surveillance,full-HMM block-boundary grid SR,72,False,True,True,False,72,144,8.0,2,16.0,192,384,100.0
temporal,0.75,10,70100010,changed,surveillance,known-post full-HMM block-boundary SR,72,False,True,True,False,72,144,8.0,2,16.0,192,384,100.0
temporal,0.75,10,70100010,changed,restart_at_change,DFR/count exact pushforward,100,False,True,True,False,100,200,100.0,2,200.0,192,384,100.0
temporal,0.75,10,70100010,changed,restart_at_change,raw symmetry-resolved AOC,84,False,True,True,False,84,168,84.0,2,168.0,192,384,100.0
temporal,0.75,10,70100010,changed,restart_at_change,vAOC / same-feature Hotelling,107,False,True,True,False,107,214,107.0,2,214.0,192,384,100.0
temporal,0.75,10,70100010,changed,restart_at_change,matched correlation witness,99,False,True,True,False,99,198,99.0,2,198.0,192,384,100.0
temporal,0.75,10,70100010,changed,restart_at_change,exact pair-restricted likelihood grid SR,19,False,True,True,False,19,38,19.0,2,38.0,192,384,100.0
temporal,0.75,10,70100010,changed,restart_at_change,known-post pair-restricted likelihood SR,19,False,True,True,False,19,38,19.0,2,38.0,192,384,100.0
temporal,0.75,10,70100010,changed,restart_at_change,validation-trained linear logistic effect,110,False,True,True,False,110,220,110.0,2,220.0,192,384,100.0
temporal,0.75,10,70100010,changed,restart_at_change,full-HMM block-boundary grid SR,14,False,True,True,False,14,28,14.0,2,28.0,192,384,100.0
temporal,0.75,10,70100010,changed,restart_at_change,known-post full-HMM block-boundary SR,14,False,True,True,False,14,28,14.0,2,28.0,192,384,100.0
temporal,0.75,11,70100011,changed,surveillance,DFR/count exact pushforward,100,False,True,True,False,100,200,36.0,2,72.0,192,384,100.0
temporal,0.75,11,70100011,changed,surveillance,raw symmetry-resolved AOC,102,False,True,True,False,102,204,38.0,2,76.0,192,384,100.0
temporal,0.75,11,70100011,changed,surveillance,vAOC / same-feature Hotelling,99,False,True,True,False,99,198,35.0,2,70.0,192,384,100.0
temporal,0.75,11,70100011,changed,surveillance,matched correlation witness,101,False,True,True,False,101,202,37.0,2,74.0,192,384,100.0
temporal,0.75,11,70100011,changed,surveillance,exact pair-restricted likelihood grid SR,100,False,True,True,False,100,200,36.0,2,72.0,192,384,100.0
temporal,0.75,11,70100011,changed,surveillance,known-post pair-restricted likelihood SR,100,False,True,True,False,100,200,36.0,2,72.0,192,384,100.0
temporal,0.75,11,70100011,changed,surveillance,validation-trained linear logistic effect,116,False,True,True,False,116,232,52.0,2,104.0,192,384,100.0
temporal,0.75,11,70100011,changed,surveillance,full-HMM block-boundary grid SR,30,True,False,False,False,30,60,,2,,192,384,100.0
temporal,0.75,11,70100011,changed,surveillance,known-post full-HMM block-boundary SR,30,True,False,False,False,30,60,,2,,192,384,100.0
temporal,0.75,11,70100011,changed,restart_at_change,DFR/count exact pushforward,100,False,True,True,False,100,200,100.0,2,200.0,192,384,100.0
temporal,0.75,11,70100011,changed,restart_at_change,raw symmetry-resolved AOC,139,False,True,True,False,139,278,139.0,2,278.0,192,384,100.0
temporal,0.75,11,70100011,changed,restart_at_change,vAOC / same-feature Hotelling,108,False,True,True,False,108,216,108.0,2,216.0,192,384,100.0
temporal,0.75,11,70100011,changed,restart_at_change,matched correlation witness,100,False,True,True,False,100,200,100.0,2,200.0,192,384,100.0
temporal,0.75,11,70100011,changed,restart_at_change,exact pair-restricted likelihood grid SR,37,False,True,True,False,37,74,37.0,2,74.0,192,384,100.0
temporal,0.75,11,70100011,changed,restart_at_change,known-post pair-restricted likelihood SR,37,False,True,True,False,37,74,37.0,2,74.0,192,384,100.0
temporal,0.75,11,70100011,changed,restart_at_change,validation-trained linear logistic effect,99,False,True,True,False,99,198,99.0,2,198.0,192,384,100.0
temporal,0.75,11,70100011,changed,restart_at_change,full-HMM block-boundary grid SR,16,False,True,True,False,16,32,16.0,2,32.0,192,384,100.0
temporal,0.75,11,70100011,changed,restart_at_change,known-post full-HMM block-boundary SR,16,False,True,True,False,16,32,16.0,2,32.0,192,384,100.0
temporal,0.75,12,70100012,changed,surveillance,DFR/count exact pushforward,100,False,True,True,False,100,200,36.0,2,72.0,192,384,100.0
temporal,0.75,12,70100012,changed,surveillance,raw symmetry-resolved AOC,98,False,True,True,False,98,196,34.0,2,68.0,192,384,100.0
temporal,0.75,12,70100012,changed,surveillance,vAOC / same-feature Hotelling,94,False,True,True,False,94,188,30.0,2,60.0,192,384,100.0
temporal,0.75,12,70100012,changed,surveillance,matched correlation witness,100,False,True,True,False,100,200,36.0,2,72.0,192,384,100.0
temporal,0.75,12,70100012,changed,surveillance,exact pair-restricted likelihood grid SR,39,True,False,False,False,39,78,,2,,192,384,100.0
temporal,0.75,12,70100012,changed,surveillance,known-post pair-restricted likelihood SR,39,True,False,False,False,39,78,,2,,192,384,100.0
temporal,0.75,12,70100012,changed,surveillance,validation-trained linear logistic effect,112,False,True,True,False,112,224,48.0,2,96.0,192,384,100.0
temporal,0.75,12,70100012,changed,surveillance,full-HMM block-boundary grid SR,39,True,False,False,False,39,78,,2,,192,384,100.0
temporal,0.75,12,70100012,changed,surveillance,known-post full-HMM block-boundary SR,39,True,False,False,False,39,78,,2,,192,384,100.0
temporal,0.75,12,70100012,changed,restart_at_change,DFR/count exact pushforward,100,False,True,True,False,100,200,100.0,2,200.0,192,384,100.0
temporal,0.75,12,70100012,changed,restart_at_change,raw symmetry-resolved AOC,85,False,True,True,False,85,170,85.0,2,170.0,192,384,100.0
temporal,0.75,12,70100012,changed,restart_at_change,vAOC / same-feature Hotelling,100,False,True,True,False,100,200,100.0,2,200.0,192,384,100.0
temporal,0.75,12,70100012,changed,restart_at_change,matched correlation witness,100,False,True,True,False,100,200,100.0,2,200.0,192,384,100.0
temporal,0.75,12,70100012,changed,restart_at_change,exact pair-restricted likelihood grid SR,30,False,True,True,False,30,60,30.0,2,60.0,192,384,100.0
temporal,0.75,12,70100012,changed,restart_at_change,known-post pair-restricted likelihood SR,30,False,True,True,False,30,60,30.0,2,60.0,192,384,100.0
temporal,0.75,12,70100012,changed,restart_at_change,validation-trained linear logistic effect,84,False,True,True,False,84,168,84.0,2,168.0,192,384,100.0
temporal,0.75,12,70100012,changed,restart_at_change,full-HMM block-boundary grid SR,9,False,True,True,False,9,18,9.0,2,18.0,192,384,100.0
temporal,0.75,12,70100012,changed,restart_at_change,known-post full-HMM block-boundary SR,9,False,True,True,False,9,18,9.0,2,18.0,192,384,100.0
temporal,0.75,13,70100013,changed,surveillance,DFR/count exact pushforward,100,False,True,True,False,100,200,36.0,2,72.0,192,384,100.0
temporal,0.75,13,70100013,changed,surveillance,raw symmetry-resolved AOC,81,False,True,True,False,81,162,17.0,2,34.0,192,384,100.0
temporal,0.75,13,70100013,changed,surveillance,vAOC / same-feature Hotelling,107,False,True,True,False,107,214,43.0,2,86.0,192,384,100.0
temporal,0.75,13,70100013,changed,surveillance,matched correlation witness,100,False,True,True,False,100,200,36.0,2,72.0,192,384,100.0
temporal,0.75,13,70100013,changed,surveillance,exact pair-restricted likelihood grid SR,74,False,True,True,False,74,148,10.0,2,20.0,192,384,100.0
temporal,0.75,13,70100013,changed,surveillance,known-post pair-restricted likelihood SR,74,False,True,True,False,74,148,10.0,2,20.0,192,384,100.0
temporal,0.75,13,70100013,changed,surveillance,validation-trained linear logistic effect,105,False,True,True,False,105,210,41.0,2,82.0,192,384,100.0
temporal,0.75,13,70100013,changed,surveillance,full-HMM block-boundary grid SR,66,False,True,True,False,66,132,2.0,2,4.0,192,384,100.0
temporal,0.75,13,70100013,changed,surveillance,known-post full-HMM block-boundary SR,66,False,True,True,False,66,132,2.0,2,4.0,192,384,100.0
temporal,0.75,13,70100013,changed,restart_at_change,DFR/count exact pushforward,100,False,True,True,False,100,200,100.0,2,200.0,192,384,100.0
temporal,0.75,13,70100013,changed,restart_at_change,raw symmetry-resolved AOC,95,False,True,True,False,95,190,95.0,2,190.0,192,384,100.0
temporal,0.75,13,70100013,changed,restart_at_change,vAOC / same-feature Hotelling,96,False,True,True,False,96,192,96.0,2,192.0,192,384,100.0
temporal,0.75,13,70100013,changed,restart_at_change,matched correlation witness,100,False,True,True,False,100,200,100.0,2,200.0,192,384,100.0
temporal,0.75,13,70100013,changed,restart_at_change,exact pair-restricted likelihood grid SR,12,False,True,True,False,12,24,12.0,2,24.0,192,384,100.0
temporal,0.75,13,70100013,changed,restart_at_change,known-post pair-restricted likelihood SR,12,False,True,True,False,12,24,12.0,2,24.0,192,384,100.0
temporal,0.75,13,70100013,changed,restart_at_change,validation-trained linear logistic effect,114,False,True,True,False,114,228,114.0,2,228.0,192,384,100.0
temporal,0.75,13,70100013,changed,restart_at_change,full-HMM block-boundary grid SR,12,False,True,True,False,12,24,12.0,2,24.0,192,384,100.0
temporal,0.75,13,70100013,changed,restart_at_change,known-post full-HMM block-boundary SR,12,False,True,True,False,12,24,12.0,2,24.0,192,384,100.0
temporal,0.75,14,70100014,changed,surveillance,DFR/count exact pushforward,100,False,True,True,False,100,200,36.0,2,72.0,192,384,100.0
temporal,0.75,14,70100014,changed,surveillance,raw symmetry-resolved AOC,111,False,True,True,False,111,222,47.0,2,94.0,192,384,100.0
temporal,0.75,14,70100014,changed,surveillance,vAOC / same-feature Hotelling,101,False,True,True,False,101,202,37.0,2,74.0,192,384,100.0
temporal,0.75,14,70100014,changed,surveillance,matched correlation witness,100,False,True,True,False,100,200,36.0,2,72.0,192,384,100.0
temporal,0.75,14,70100014,changed,surveillance,exact pair-restricted likelihood grid SR,49,True,False,False,False,49,98,,2,,192,384,100.0
temporal,0.75,14,70100014,changed,surveillance,known-post pair-restricted likelihood SR,49,True,False,False,False,49,98,,2,,192,384,100.0
temporal,0.75,14,70100014,changed,surveillance,validation-trained linear logistic effect,109,False,True,True,False,109,218,45.0,2,90.0,192,384,100.0
temporal,0.75,14,70100014,changed,surveillance,full-HMM block-boundary grid SR,46,True,False,False,False,46,92,,2,,192,384,100.0
temporal,0.75,14,70100014,changed,surveillance,known-post full-HMM block-boundary SR,46,True,False,False,False,46,92,,2,,192,384,100.0
temporal,0.75,14,70100014,changed,restart_at_change,DFR/count exact pushforward,100,False,True,True,False,100,200,100.0,2,200.0,192,384,100.0
temporal,0.75,14,70100014,changed,restart_at_change,raw symmetry-resolved AOC,99,False,True,True,False,99,198,99.0,2,198.0,192,384,100.0
temporal,0.75,14,70100014,changed,restart_at_change,vAOC / same-feature Hotelling,101,False,True,True,False,101,202,101.0,2,202.0,192,384,100.0
temporal,0.75,14,70100014,changed,restart_at_change,matched correlation witness,99,False,True,True,False,99,198,99.0,2,198.0,192,384,100.0
temporal,0.75,14,70100014,changed,restart_at_change,exact pair-restricted likelihood grid SR,13,False,True,True,False,13,26,13.0,2,26.0,192,384,100.0
temporal,0.75,14,70100014,changed,restart_at_change,known-post pair-restricted likelihood SR,13,False,True,True,False,13,26,13.0,2,26.0,192,384,100.0
temporal,0.75,14,70100014,changed,restart_at_change,validation-trained linear logistic effect,113,False,True,True,False,113,226,113.0,2,226.0,192,384,100.0
temporal,0.75,14,70100014,changed,restart_at_change,full-HMM block-boundary grid SR,7,False,True,True,False,7,14,7.0,2,14.0,192,384,100.0
temporal,0.75,14,70100014,changed,restart_at_change,known-post full-HMM block-boundary SR,7,False,True,True,False,7,14,7.0,2,14.0,192,384,100.0
temporal,0.75,15,70100015,changed,surveillance,DFR/count exact pushforward,100,False,True,True,False,100,200,36.0,2,72.0,192,384,100.0
temporal,0.75,15,70100015,changed,surveillance,raw symmetry-resolved AOC,96,False,True,True,False,96,192,32.0,2,64.0,192,384,100.0
temporal,0.75,15,70100015,changed,surveillance,vAOC / same-feature Hotelling,101,False,True,True,False,101,202,37.0,2,74.0,192,384,100.0
temporal,0.75,15,70100015,changed,surveillance,matched correlation witness,100,False,True,True,False,100,200,36.0,2,72.0,192,384,100.0
temporal,0.75,15,70100015,changed,surveillance,exact pair-restricted likelihood grid SR,113,False,True,True,False,113,226,49.0,2,98.0,192,384,100.0
temporal,0.75,15,70100015,changed,surveillance,known-post pair-restricted likelihood SR,113,False,True,True,False,113,226,49.0,2,98.0,192,384,100.0
temporal,0.75,15,70100015,changed,surveillance,validation-trained linear logistic effect,86,False,True,True,False,86,172,22.0,2,44.0,192,384,100.0
temporal,0.75,15,70100015,changed,surveillance,full-HMM block-boundary grid SR,77,False,True,True,False,77,154,13.0,2,26.0,192,384,100.0
temporal,0.75,15,70100015,changed,surveillance,known-post full-HMM block-boundary SR,77,False,True,True,False,77,154,13.0,2,26.0,192,384,100.0
temporal,0.75,15,70100015,changed,restart_at_change,DFR/count exact pushforward,100,False,True,True,False,100,200,100.0,2,200.0,192,384,100.0
temporal,0.75,15,70100015,changed,restart_at_change,raw symmetry-resolved AOC,67,False,True,True,False,67,134,67.0,2,134.0,192,384,100.0
temporal,0.75,15,70100015,changed,restart_at_change,vAOC / same-feature Hotelling,100,False,True,True,False,100,200,100.0,2,200.0,192,384,100.0
temporal,0.75,15,70100015,changed,restart_at_change,matched correlation witness,100,False,True,True,False,100,200,100.0,2,200.0,192,384,100.0
temporal,0.75,15,70100015,changed,restart_at_change,exact pair-restricted likelihood grid SR,50,False,True,True,False,50,100,50.0,2,100.0,192,384,100.0
temporal,0.75,15,70100015,changed,restart_at_change,known-post pair-restricted likelihood SR,50,False,True,True,False,50,100,50.0,2,100.0,192,384,100.0
temporal,0.75,15,70100015,changed,restart_at_change,validation-trained linear logistic effect,82,False,True,True,False,82,164,82.0,2,164.0,192,384,100.0
temporal,0.75,15,70100015,changed,restart_at_change,full-HMM block-boundary grid SR,15,False,True,True,False,15,30,15.0,2,30.0,192,384,100.0
temporal,0.75,15,70100015,changed,restart_at_change,known-post full-HMM block-boundary SR,15,False,True,True,False,15,30,15.0,2,30.0,192,384,100.0
temporal,0.75,16,70100016,changed,surveillance,DFR/count exact pushforward,100,False,True,True,False,100,200,36.0,2,72.0,192,384,100.0
temporal,0.75,16,70100016,changed,surveillance,raw symmetry-resolved AOC,112,False,True,True,False,112,224,48.0,2,96.0,192,384,100.0
temporal,0.75,16,70100016,changed,surveillance,vAOC / same-feature Hotelling,100,False,True,True,False,100,200,36.0,2,72.0,192,384,100.0
temporal,0.75,16,70100016,changed,surveillance,matched correlation witness,100,False,True,True,False,100,200,36.0,2,72.0,192,384,100.0
temporal,0.75,16,70100016,changed,surveillance,exact pair-restricted likelihood grid SR,109,False,True,True,False,109,218,45.0,2,90.0,192,384,100.0
temporal,0.75,16,70100016,changed,surveillance,known-post pair-restricted likelihood SR,109,False,True,True,False,109,218,45.0,2,90.0,192,384,100.0
temporal,0.75,16,70100016,changed,surveillance,validation-trained linear logistic effect,114,False,True,True,False,114,228,50.0,2,100.0,192,384,100.0
temporal,0.75,16,70100016,changed,surveillance,full-HMM block-boundary grid SR,90,False,True,True,False,90,180,26.0,2,52.0,192,384,100.0
temporal,0.75,16,70100016,changed,surveillance,known-post full-HMM block-boundary SR,90,False,True,True,False,90,180,26.0,2,52.0,192,384,100.0
temporal,0.75,16,70100016,changed,restart_at_change,DFR/count exact pushforward,100,False,True,True,False,100,200,100.0,2,200.0,192,384,100.0
temporal,0.75,16,70100016,changed,restart_at_change,raw symmetry-resolved AOC,92,False,True,True,False,92,184,92.0,2,184.0,192,384,100.0
temporal,0.75,16,70100016,changed,restart_at_change,vAOC / same-feature Hotelling,98,False,True,True,False,98,196,98.0,2,196.0,192,384,100.0
temporal,0.75,16,70100016,changed,restart_at_change,matched correlation witness,100,False,True,True,False,100,200,100.0,2,200.0,192,384,100.0
temporal,0.75,16,70100016,changed,restart_at_change,exact pair-restricted likelihood grid SR,46,False,True,True,False,46,92,46.0,2,92.0,192,384,100.0
temporal,0.75,16,70100016,changed,restart_at_change,known-post pair-restricted likelihood SR,46,False,True,True,False,46,92,46.0,2,92.0,192,384,100.0
temporal,0.75,16,70100016,changed,restart_at_change,validation-trained linear logistic effect,110,False,True,True,False,110,220,110.0,2,220.0,192,384,100.0
temporal,0.75,16,70100016,changed,restart_at_change,full-HMM block-boundary grid SR,27,False,True,True,False,27,54,27.0,2,54.0,192,384,100.0
temporal,0.75,16,70100016,changed,restart_at_change,known-post full-HMM block-boundary SR,27,False,True,True,False,27,54,27.0,2,54.0,192,384,100.0
temporal,0.75,17,70100017,changed,surveillance,DFR/count exact pushforward,100,False,True,True,False,100,200,36.0,2,72.0,192,384,100.0
temporal,0.75,17,70100017,changed,surveillance,raw symmetry-resolved AOC,86,False,True,True,False,86,172,22.0,2,44.0,192,384,100.0
temporal,0.75,17,70100017,changed,surveillance,vAOC / same-feature Hotelling,99,False,True,True,False,99,198,35.0,2,70.0,192,384,100.0
temporal,0.75,17,70100017,changed,surveillance,matched correlation witness,100,False,True,True,False,100,200,36.0,2,72.0,192,384,100.0
temporal,0.75,17,70100017,changed,surveillance,exact pair-restricted likelihood grid SR,87,False,True,True,False,87,174,23.0,2,46.0,192,384,100.0
temporal,0.75,17,70100017,changed,surveillance,known-post pair-restricted likelihood SR,87,False,True,True,False,87,174,23.0,2,46.0,192,384,100.0
temporal,0.75,17,70100017,changed,surveillance,validation-trained linear logistic effect,135,False,True,True,False,135,270,71.0,2,142.0,192,384,100.0
temporal,0.75,17,70100017,changed,surveillance,full-HMM block-boundary grid SR,73,False,True,True,False,73,146,9.0,2,18.0,192,384,100.0
temporal,0.75,17,70100017,changed,surveillance,known-post full-HMM block-boundary SR,73,False,True,True,False,73,146,9.0,2,18.0,192,384,100.0
temporal,0.75,17,70100017,changed,restart_at_change,DFR/count exact pushforward,100,False,True,True,False,100,200,100.0,2,200.0,192,384,100.0
temporal,0.75,17,70100017,changed,restart_at_change,raw symmetry-resolved AOC,69,False,True,True,False,69,138,69.0,2,138.0,192,384,100.0
temporal,0.75,17,70100017,changed,restart_at_change,vAOC / same-feature Hotelling,94,False,True,True,False,94,188,94.0,2,188.0,192,384,100.0
temporal,0.75,17,70100017,changed,restart_at_change,matched correlation witness,99,False,True,True,False,99,198,99.0,2,198.0,192,384,100.0
temporal,0.75,17,70100017,changed,restart_at_change,exact pair-restricted likelihood grid SR,25,False,True,True,False,25,50,25.0,2,50.0,192,384,100.0
temporal,0.75,17,70100017,changed,restart_at_change,known-post pair-restricted likelihood SR,25,False,True,True,False,25,50,25.0,2,50.0,192,384,100.0
temporal,0.75,17,70100017,changed,restart_at_change,validation-trained linear logistic effect,114,False,True,True,False,114,228,114.0,2,228.0,192,384,100.0
temporal,0.75,17,70100017,changed,restart_at_change,full-HMM block-boundary grid SR,12,False,True,True,False,12,24,12.0,2,24.0,192,384,100.0
temporal,0.75,17,70100017,changed,restart_at_change,known-post full-HMM block-boundary SR,12,False,True,True,False,12,24,12.0,2,24.0,192,384,100.0
temporal,0.75,18,70100018,changed,surveillance,DFR/count exact pushforward,100,False,True,True,False,100,200,36.0,2,72.0,192,384,100.0
temporal,0.75,18,70100018,changed,surveillance,raw symmetry-resolved AOC,59,True,False,False,False,59,118,,2,,192,384,100.0
temporal,0.75,18,70100018,changed,surveillance,vAOC / same-feature Hotelling,93,False,True,True,False,93,186,29.0,2,58.0,192,384,100.0
temporal,0.75,18,70100018,changed,surveillance,matched correlation witness,100,False,True,True,False,100,200,36.0,2,72.0,192,384,100.0
temporal,0.75,18,70100018,changed,surveillance,exact pair-restricted likelihood grid SR,23,True,False,False,False,23,46,,2,,192,384,100.0
temporal,0.75,18,70100018,changed,surveillance,known-post pair-restricted likelihood SR,23,True,False,False,False,23,46,,2,,192,384,100.0
temporal,0.75,18,70100018,changed,surveillance,validation-trained linear logistic effect,96,False,True,True,False,96,192,32.0,2,64.0,192,384,100.0
temporal,0.75,18,70100018,changed,surveillance,full-HMM block-boundary grid SR,13,True,False,False,False,13,26,,2,,192,384,100.0
temporal,0.75,18,70100018,changed,surveillance,known-post full-HMM block-boundary SR,13,True,False,False,False,13,26,,2,,192,384,100.0
temporal,0.75,18,70100018,changed,restart_at_change,DFR/count exact pushforward,100,False,True,True,False,100,200,100.0,2,200.0,192,384,100.0
temporal,0.75,18,70100018,changed,restart_at_change,raw symmetry-resolved AOC,72,False,True,True,False,72,144,72.0,2,144.0,192,384,100.0
temporal,0.75,18,70100018,changed,restart_at_change,vAOC / same-feature Hotelling,100,False,True,True,False,100,200,100.0,2,200.0,192,384,100.0
temporal,0.75,18,70100018,changed,restart_at_change,matched correlation witness,99,False,True,True,False,99,198,99.0,2,198.0,192,384,100.0
temporal,0.75,18,70100018,changed,restart_at_change,exact pair-restricted likelihood grid SR,39,False,True,True,False,39,78,39.0,2,78.0,192,384,100.0
temporal,0.75,18,70100018,changed,restart_at_change,known-post pair-restricted likelihood SR,39,False,True,True,False,39,78,39.0,2,78.0,192,384,100.0
temporal,0.75,18,70100018,changed,restart_at_change,validation-trained linear logistic effect,82,False,True,True,False,82,164,82.0,2,164.0,192,384,100.0
temporal,0.75,18,70100018,changed,restart_at_change,full-HMM block-boundary grid SR,38,False,True,True,False,38,76,38.0,2,76.0,192,384,100.0
temporal,0.75,18,70100018,changed,restart_at_change,known-post full-HMM block-boundary SR,38,False,True,True,False,38,76,38.0,2,76.0,192,384,100.0
temporal,0.75,19,70100019,changed,surveillance,DFR/count exact pushforward,100,False,True,True,False,100,200,36.0,2,72.0,192,384,100.0
temporal,0.75,19,70100019,changed,surveillance,raw symmetry-resolved AOC,99,False,True,True,False,99,198,35.0,2,70.0,192,384,100.0
temporal,0.75,19,70100019,changed,surveillance,vAOC / same-feature Hotelling,106,False,True,True,False,106,212,42.0,2,84.0,192,384,100.0
temporal,0.75,19,70100019,changed,surveillance,matched correlation witness,100,False,True,True,False,100,200,36.0,2,72.0,192,384,100.0
temporal,0.75,19,70100019,changed,surveillance,exact pair-restricted likelihood grid SR,53,True,False,False,False,53,106,,2,,192,384,100.0
temporal,0.75,19,70100019,changed,surveillance,known-post pair-restricted likelihood SR,53,True,False,False,False,53,106,,2,,192,384,100.0
temporal,0.75,19,70100019,changed,surveillance,validation-trained linear logistic effect,98,False,True,True,False,98,196,34.0,2,68.0,192,384,100.0
temporal,0.75,19,70100019,changed,surveillance,full-HMM block-boundary grid SR,52,True,False,False,False,52,104,,2,,192,384,100.0
temporal,0.75,19,70100019,changed,surveillance,known-post full-HMM block-boundary SR,52,True,False,False,False,52,104,,2,,192,384,100.0
temporal,0.75,19,70100019,changed,restart_at_change,DFR/count exact pushforward,100,False,True,True,False,100,200,100.0,2,200.0,192,384,100.0
temporal,0.75,19,70100019,changed,restart_at_change,raw symmetry-resolved AOC,114,False,True,True,False,114,228,114.0,2,228.0,192,384,100.0
temporal,0.75,19,70100019,changed,restart_at_change,vAOC / same-feature Hotelling,103,False,True,True,False,103,206,103.0,2,206.0,192,384,100.0
temporal,0.75,19,70100019,changed,restart_at_change,matched correlation witness,100,False,True,True,False,100,200,100.0,2,200.0,192,384,100.0
temporal,0.75,19,70100019,changed,restart_at_change,exact pair-restricted likelihood grid SR,21,False,True,True,False,21,42,21.0,2,42.0,192,384,100.0
temporal,0.75,19,70100019,changed,restart_at_change,known-post pair-restricted likelihood SR,21,False,True,True,False,21,42,21.0,2,42.0,192,384,100.0
temporal,0.75,19,70100019,changed,restart_at_change,validation-trained linear logistic effect,92,False,True,True,False,92,184,92.0,2,184.0,192,384,100.0
temporal,0.75,19,70100019,changed,restart_at_change,full-HMM block-boundary grid SR,21,False,True,True,False,21,42,21.0,2,42.0,192,384,100.0
temporal,0.75,19,70100019,changed,restart_at_change,known-post full-HMM block-boundary SR,21,False,True,True,False,21,42,21.0,2,42.0,192,384,100.0
temporal,0.75,20,70100020,changed,surveillance,DFR/count exact pushforward,100,False,True,True,False,100,200,36.0,2,72.0,192,384,100.0
temporal,0.75,20,70100020,changed,surveillance,raw symmetry-resolved AOC,86,False,True,True,False,86,172,22.0,2,44.0,192,384,100.0
temporal,0.75,20,70100020,changed,surveillance,vAOC / same-feature Hotelling,100,False,True,True,False,100,200,36.0,2,72.0,192,384,100.0
temporal,0.75,20,70100020,changed,surveillance,matched correlation witness,100,False,True,True,False,100,200,36.0,2,72.0,192,384,100.0
temporal,0.75,20,70100020,changed,surveillance,exact pair-restricted likelihood grid SR,42,True,False,False,False,42,84,,2,,192,384,100.0
temporal,0.75,20,70100020,changed,surveillance,known-post pair-restricted likelihood SR,42,True,False,False,False,42,84,,2,,192,384,100.0
temporal,0.75,20,70100020,changed,surveillance,validation-trained linear logistic effect,86,False,True,True,False,86,172,22.0,2,44.0,192,384,100.0
temporal,0.75,20,70100020,changed,surveillance,full-HMM block-boundary grid SR,58,True,False,False,False,58,116,,2,,192,384,100.0
temporal,0.75,20,70100020,changed,surveillance,known-post full-HMM block-boundary SR,58,True,False,False,False,58,116,,2,,192,384,100.0
temporal,0.75,20,70100020,changed,restart_at_change,DFR/count exact pushforward,100,False,True,True,False,100,200,100.0,2,200.0,192,384,100.0
temporal,0.75,20,70100020,changed,restart_at_change,raw symmetry-resolved AOC,139,False,True,True,False,139,278,139.0,2,278.0,192,384,100.0
temporal,0.75,20,70100020,changed,restart_at_change,vAOC / same-feature Hotelling,108,False,True,True,False,108,216,108.0,2,216.0,192,384,100.0
temporal,0.75,20,70100020,changed,restart_at_change,matched correlation witness,100,False,True,True,False,100,200,100.0,2,200.0,192,384,100.0
temporal,0.75,20,70100020,changed,restart_at_change,exact pair-restricted likelihood grid SR,25,False,True,True,False,25,50,25.0,2,50.0,192,384,100.0
temporal,0.75,20,70100020,changed,restart_at_change,known-post pair-restricted likelihood SR,25,False,True,True,False,25,50,25.0,2,50.0,192,384,100.0
temporal,0.75,20,70100020,changed,restart_at_change,validation-trained linear logistic effect,90,False,True,True,False,90,180,90.0,2,180.0,192,384,100.0
temporal,0.75,20,70100020,changed,restart_at_change,full-HMM block-boundary grid SR,12,False,True,True,False,12,24,12.0,2,24.0,192,384,100.0
temporal,0.75,20,70100020,changed,restart_at_change,known-post full-HMM block-boundary SR,12,False,True,True,False,12,24,12.0,2,24.0,192,384,100.0
temporal,0.75,21,70100021,changed,surveillance,DFR/count exact pushforward,100,False,True,True,False,100,200,36.0,2,72.0,192,384,100.0
temporal,0.75,21,70100021,changed,surveillance,raw symmetry-resolved AOC,89,False,True,True,False,89,178,25.0,2,50.0,192,384,100.0
temporal,0.75,21,70100021,changed,surveillance,vAOC / same-feature Hotelling,93,False,True,True,False,93,186,29.0,2,58.0,192,384,100.0
temporal,0.75,21,70100021,changed,surveillance,matched correlation witness,100,False,True,True,False,100,200,36.0,2,72.0,192,384,100.0
temporal,0.75,21,70100021,changed,surveillance,exact pair-restricted likelihood grid SR,97,False,True,True,False,97,194,33.0,2,66.0,192,384,100.0
temporal,0.75,21,70100021,changed,surveillance,known-post pair-restricted likelihood SR,97,False,True,True,False,97,194,33.0,2,66.0,192,384,100.0
temporal,0.75,21,70100021,changed,surveillance,validation-trained linear logistic effect,89,False,True,True,False,89,178,25.0,2,50.0,192,384,100.0
temporal,0.75,21,70100021,changed,surveillance,full-HMM block-boundary grid SR,86,False,True,True,False,86,172,22.0,2,44.0,192,384,100.0
temporal,0.75,21,70100021,changed,surveillance,known-post full-HMM block-boundary SR,86,False,True,True,False,86,172,22.0,2,44.0,192,384,100.0
temporal,0.75,21,70100021,changed,restart_at_change,DFR/count exact pushforward,100,False,True,True,False,100,200,100.0,2,200.0,192,384,100.0
temporal,0.75,21,70100021,changed,restart_at_change,raw symmetry-resolved AOC,78,False,True,True,False,78,156,78.0,2,156.0,192,384,100.0
temporal,0.75,21,70100021,changed,restart_at_change,vAOC / same-feature Hotelling,90,False,True,True,False,90,180,90.0,2,180.0,192,384,100.0
temporal,0.75,21,70100021,changed,restart_at_change,matched correlation witness,100,False,True,True,False,100,200,100.0,2,200.0,192,384,100.0
temporal,0.75,21,70100021,changed,restart_at_change,exact pair-restricted likelihood grid SR,61,False,True,True,False,61,122,61.0,2,122.0,192,384,100.0
temporal,0.75,21,70100021,changed,restart_at_change,known-post pair-restricted likelihood SR,61,False,True,True,False,61,122,61.0,2,122.0,192,384,100.0
temporal,0.75,21,70100021,changed,restart_at_change,validation-trained linear logistic effect,119,False,True,True,False,119,238,119.0,2,238.0,192,384,100.0
temporal,0.75,21,70100021,changed,restart_at_change,full-HMM block-boundary grid SR,26,False,True,True,False,26,52,26.0,2,52.0,192,384,100.0
temporal,0.75,21,70100021,changed,restart_at_change,known-post full-HMM block-boundary SR,26,False,True,True,False,26,52,26.0,2,52.0,192,384,100.0
temporal,0.75,22,70100022,changed,surveillance,DFR/count exact pushforward,100,False,True,True,False,100,200,36.0,2,72.0,192,384,100.0
temporal,0.75,22,70100022,changed,surveillance,raw symmetry-resolved AOC,88,False,True,True,False,88,176,24.0,2,48.0,192,384,100.0
temporal,0.75,22,70100022,changed,surveillance,vAOC / same-feature Hotelling,90,False,True,True,False,90,180,26.0,2,52.0,192,384,100.0
temporal,0.75,22,70100022,changed,surveillance,matched correlation witness,101,False,True,True,False,101,202,37.0,2,74.0,192,384,100.0
temporal,0.75,22,70100022,changed,surveillance,exact pair-restricted likelihood grid SR,92,False,True,True,False,92,184,28.0,2,56.0,192,384,100.0
temporal,0.75,22,70100022,changed,surveillance,known-post pair-restricted likelihood SR,92,False,True,True,False,92,184,28.0,2,56.0,192,384,100.0
temporal,0.75,22,70100022,changed,surveillance,validation-trained linear logistic effect,85,False,True,True,False,85,170,21.0,2,42.0,192,384,100.0
temporal,0.75,22,70100022,changed,surveillance,full-HMM block-boundary grid SR,17,True,False,False,False,17,34,,2,,192,384,100.0
temporal,0.75,22,70100022,changed,surveillance,known-post full-HMM block-boundary SR,17,True,False,False,False,17,34,,2,,192,384,100.0
temporal,0.75,22,70100022,changed,restart_at_change,DFR/count exact pushforward,100,False,True,True,False,100,200,100.0,2,200.0,192,384,100.0
temporal,0.75,22,70100022,changed,restart_at_change,raw symmetry-resolved AOC,98,False,True,True,False,98,196,98.0,2,196.0,192,384,100.0
temporal,0.75,22,70100022,changed,restart_at_change,vAOC / same-feature Hotelling,102,False,True,True,False,102,204,102.0,2,204.0,192,384,100.0
temporal,0.75,22,70100022,changed,restart_at_change,matched correlation witness,100,False,True,True,False,100,200,100.0,2,200.0,192,384,100.0
temporal,0.75,22,70100022,changed,restart_at_change,exact pair-restricted likelihood grid SR,55,False,True,True,False,55,110,55.0,2,110.0,192,384,100.0
temporal,0.75,22,70100022,changed,restart_at_change,known-post pair-restricted likelihood SR,55,False,True,True,False,55,110,55.0,2,110.0,192,384,100.0
temporal,0.75,22,70100022,changed,restart_at_change,validation-trained linear logistic effect,97,False,True,True,False,97,194,97.0,2,194.0,192,384,100.0
temporal,0.75,22,70100022,changed,restart_at_change,full-HMM block-boundary grid SR,16,False,True,True,False,16,32,16.0,2,32.0,192,384,100.0
temporal,0.75,22,70100022,changed,restart_at_change,known-post full-HMM block-boundary SR,16,False,True,True,False,16,32,16.0,2,32.0,192,384,100.0
temporal,0.75,23,70100023,changed,surveillance,DFR/count exact pushforward,100,False,True,True,False,100,200,36.0,2,72.0,192,384,100.0
temporal,0.75,23,70100023,changed,surveillance,raw symmetry-resolved AOC,70,False,True,True,False,70,140,6.0,2,12.0,192,384,100.0
temporal,0.75,23,70100023,changed,surveillance,vAOC / same-feature Hotelling,98,False,True,True,False,98,196,34.0,2,68.0,192,384,100.0
temporal,0.75,23,70100023,changed,surveillance,matched correlation witness,100,False,True,True,False,100,200,36.0,2,72.0,192,384,100.0
temporal,0.75,23,70100023,changed,surveillance,exact pair-restricted likelihood grid SR,80,False,True,True,False,80,160,16.0,2,32.0,192,384,100.0
temporal,0.75,23,70100023,changed,surveillance,known-post pair-restricted likelihood SR,80,False,True,True,False,80,160,16.0,2,32.0,192,384,100.0
temporal,0.75,23,70100023,changed,surveillance,validation-trained linear logistic effect,128,False,True,True,False,128,256,64.0,2,128.0,192,384,100.0
temporal,0.75,23,70100023,changed,surveillance,full-HMM block-boundary grid SR,78,False,True,True,False,78,156,14.0,2,28.0,192,384,100.0
temporal,0.75,23,70100023,changed,surveillance,known-post full-HMM block-boundary SR,78,False,True,True,False,78,156,14.0,2,28.0,192,384,100.0
temporal,0.75,23,70100023,changed,restart_at_change,DFR/count exact pushforward,100,False,True,True,False,100,200,100.0,2,200.0,192,384,100.0
temporal,0.75,23,70100023,changed,restart_at_change,raw symmetry-resolved AOC,132,False,True,True,False,132,264,132.0,2,264.0,192,384,100.0
temporal,0.75,23,70100023,changed,restart_at_change,vAOC / same-feature Hotelling,101,False,True,True,False,101,202,101.0,2,202.0,192,384,100.0
temporal,0.75,23,70100023,changed,restart_at_change,matched correlation witness,99,False,True,True,False,99,198,99.0,2,198.0,192,384,100.0
temporal,0.75,23,70100023,changed,restart_at_change,exact pair-restricted likelihood grid SR,29,False,True,True,False,29,58,29.0,2,58.0,192,384,100.0
temporal,0.75,23,70100023,changed,restart_at_change,known-post pair-restricted likelihood SR,29,False,True,True,False,29,58,29.0,2,58.0,192,384,100.0
temporal,0.75,23,70100023,changed,restart_at_change,validation-trained linear logistic effect,96,False,True,True,False,96,192,96.0,2,192.0,192,384,100.0
temporal,0.75,23,70100023,changed,restart_at_change,full-HMM block-boundary grid SR,16,False,True,True,False,16,32,16.0,2,32.0,192,384,100.0
temporal,0.75,23,70100023,changed,restart_at_change,known-post full-HMM block-boundary SR,16,False,True,True,False,16,32,16.0,2,32.0,192,384,100.0
temporal,0.75,24,70100024,changed,surveillance,DFR/count exact pushforward,100,False,True,True,False,100,200,36.0,2,72.0,192,384,100.0
temporal,0.75,24,70100024,changed,surveillance,raw symmetry-resolved AOC,75,False,True,True,False,75,150,11.0,2,22.0,192,384,100.0
temporal,0.75,24,70100024,changed,surveillance,vAOC / same-feature Hotelling,102,False,True,True,False,102,204,38.0,2,76.0,192,384,100.0
temporal,0.75,24,70100024,changed,surveillance,matched correlation witness,100,False,True,True,False,100,200,36.0,2,72.0,192,384,100.0
temporal,0.75,24,70100024,changed,surveillance,exact pair-restricted likelihood grid SR,70,False,True,True,False,70,140,6.0,2,12.0,192,384,100.0
temporal,0.75,24,70100024,changed,surveillance,known-post pair-restricted likelihood SR,70,False,True,True,False,70,140,6.0,2,12.0,192,384,100.0
temporal,0.75,24,70100024,changed,surveillance,validation-trained linear logistic effect,111,False,True,True,False,111,222,47.0,2,94.0,192,384,100.0
temporal,0.75,24,70100024,changed,surveillance,full-HMM block-boundary grid SR,81,False,True,True,False,81,162,17.0,2,34.0,192,384,100.0
temporal,0.75,24,70100024,changed,surveillance,known-post full-HMM block-boundary SR,81,False,True,True,False,81,162,17.0,2,34.0,192,384,100.0
temporal,0.75,24,70100024,changed,restart_at_change,DFR/count exact pushforward,100,False,True,True,False,100,200,100.0,2,200.0,192,384,100.0
temporal,0.75,24,70100024,changed,restart_at_change,raw symmetry-resolved AOC,129,False,True,True,False,129,258,129.0,2,258.0,192,384,100.0
temporal,0.75,24,70100024,changed,restart_at_change,vAOC / same-feature Hotelling,103,False,True,True,False,103,206,103.0,2,206.0,192,384,100.0
temporal,0.75,24,70100024,changed,restart_at_change,matched correlation witness,100,False,True,True,False,100,200,100.0,2,200.0,192,384,100.0
temporal,0.75,24,70100024,changed,restart_at_change,exact pair-restricted likelihood grid SR,20,False,True,True,False,20,40,20.0,2,40.0,192,384,100.0
temporal,0.75,24,70100024,changed,restart_at_change,known-post pair-restricted likelihood SR,20,False,True,True,False,20,40,20.0,2,40.0,192,384,100.0
temporal,0.75,24,70100024,changed,restart_at_change,validation-trained linear logistic effect,87,False,True,True,False,87,174,87.0,2,174.0,192,384,100.0
temporal,0.75,24,70100024,changed,restart_at_change,full-HMM block-boundary grid SR,17,False,True,True,False,17,34,17.0,2,34.0,192,384,100.0
temporal,0.75,24,70100024,changed,restart_at_change,known-post full-HMM block-boundary SR,17,False,True,True,False,17,34,17.0,2,34.0,192,384,100.0
temporal,0.75,25,70100025,changed,surveillance,DFR/count exact pushforward,100,False,True,True,False,100,200,36.0,2,72.0,192,384,100.0
temporal,0.75,25,70100025,changed,surveillance,raw symmetry-resolved AOC,96,False,True,True,False,96,192,32.0,2,64.0,192,384,100.0
temporal,0.75,25,70100025,changed,surveillance,vAOC / same-feature Hotelling,106,False,True,True,False,106,212,42.0,2,84.0,192,384,100.0
temporal,0.75,25,70100025,changed,surveillance,matched correlation witness,100,False,True,True,False,100,200,36.0,2,72.0,192,384,100.0
temporal,0.75,25,70100025,changed,surveillance,exact pair-restricted likelihood grid SR,92,False,True,True,False,92,184,28.0,2,56.0,192,384,100.0
temporal,0.75,25,70100025,changed,surveillance,known-post pair-restricted likelihood SR,92,False,True,True,False,92,184,28.0,2,56.0,192,384,100.0
temporal,0.75,25,70100025,changed,surveillance,validation-trained linear logistic effect,87,False,True,True,False,87,174,23.0,2,46.0,192,384,100.0
temporal,0.75,25,70100025,changed,surveillance,full-HMM block-boundary grid SR,81,False,True,True,False,81,162,17.0,2,34.0,192,384,100.0
temporal,0.75,25,70100025,changed,surveillance,known-post full-HMM block-boundary SR,81,False,True,True,False,81,162,17.0,2,34.0,192,384,100.0
temporal,0.75,25,70100025,changed,restart_at_change,DFR/count exact pushforward,100,False,True,True,False,100,200,100.0,2,200.0,192,384,100.0
temporal,0.75,25,70100025,changed,restart_at_change,raw symmetry-resolved AOC,122,False,True,True,False,122,244,122.0,2,244.0,192,384,100.0
temporal,0.75,25,70100025,changed,restart_at_change,vAOC / same-feature Hotelling,108,False,True,True,False,108,216,108.0,2,216.0,192,384,100.0
temporal,0.75,25,70100025,changed,restart_at_change,matched correlation witness,100,False,True,True,False,100,200,100.0,2,200.0,192,384,100.0
temporal,0.75,25,70100025,changed,restart_at_change,exact pair-restricted likelihood grid SR,42,False,True,True,False,42,84,42.0,2,84.0,192,384,100.0
temporal,0.75,25,70100025,changed,restart_at_change,known-post pair-restricted likelihood SR,42,False,True,True,False,42,84,42.0,2,84.0,192,384,100.0
temporal,0.75,25,70100025,changed,restart_at_change,validation-trained linear logistic effect,88,False,True,True,False,88,176,88.0,2,176.0,192,384,100.0
temporal,0.75,25,70100025,changed,restart_at_change,full-HMM block-boundary grid SR,22,False,True,True,False,22,44,22.0,2,44.0,192,384,100.0
temporal,0.75,25,70100025,changed,restart_at_change,known-post full-HMM block-boundary SR,22,False,True,True,False,22,44,22.0,2,44.0,192,384,100.0
temporal,0.75,26,70100026,changed,surveillance,DFR/count exact pushforward,100,False,True,True,False,100,200,36.0,2,72.0,192,384,100.0
temporal,0.75,26,70100026,changed,surveillance,raw symmetry-resolved AOC,131,False,True,True,False,131,262,67.0,2,134.0,192,384,100.0
temporal,0.75,26,70100026,changed,surveillance,vAOC / same-feature Hotelling,106,False,True,True,False,106,212,42.0,2,84.0,192,384,100.0
temporal,0.75,26,70100026,changed,surveillance,matched correlation witness,100,False,True,True,False,100,200,36.0,2,72.0,192,384,100.0
temporal,0.75,26,70100026,changed,surveillance,exact pair-restricted likelihood grid SR,85,False,True,True,False,85,170,21.0,2,42.0,192,384,100.0
temporal,0.75,26,70100026,changed,surveillance,known-post pair-restricted likelihood SR,85,False,True,True,False,85,170,21.0,2,42.0,192,384,100.0
temporal,0.75,26,70100026,changed,surveillance,validation-trained linear logistic effect,96,False,True,True,False,96,192,32.0,2,64.0,192,384,100.0
temporal,0.75,26,70100026,changed,surveillance,full-HMM block-boundary grid SR,73,False,True,True,False,73,146,9.0,2,18.0,192,384,100.0
temporal,0.75,26,70100026,changed,surveillance,known-post full-HMM block-boundary SR,73,False,True,True,False,73,146,9.0,2,18.0,192,384,100.0
temporal,0.75,26,70100026,changed,restart_at_change,DFR/count exact pushforward,100,False,True,True,False,100,200,100.0,2,200.0,192,384,100.0
temporal,0.75,26,70100026,changed,restart_at_change,raw symmetry-resolved AOC,102,False,True,True,False,102,204,102.0,2,204.0,192,384,100.0
temporal,0.75,26,70100026,changed,restart_at_change,vAOC / same-feature Hotelling,98,False,True,True,False,98,196,98.0,2,196.0,192,384,100.0
temporal,0.75,26,70100026,changed,restart_at_change,matched correlation witness,100,False,True,True,False,100,200,100.0,2,200.0,192,384,100.0
temporal,0.75,26,70100026,changed,restart_at_change,exact pair-restricted likelihood grid SR,23,False,True,True,False,23,46,23.0,2,46.0,192,384,100.0
temporal,0.75,26,70100026,changed,restart_at_change,known-post pair-restricted likelihood SR,23,False,True,True,False,23,46,23.0,2,46.0,192,384,100.0
temporal,0.75,26,70100026,changed,restart_at_change,validation-trained linear logistic effect,125,False,True,True,False,125,250,125.0,2,250.0,192,384,100.0
temporal,0.75,26,70100026,changed,restart_at_change,full-HMM block-boundary grid SR,10,False,True,True,False,10,20,10.0,2,20.0,192,384,100.0
temporal,0.75,26,70100026,changed,restart_at_change,known-post full-HMM block-boundary SR,10,False,True,True,False,10,20,10.0,2,20.0,192,384,100.0
temporal,0.75,27,70100027,changed,surveillance,DFR/count exact pushforward,100,False,True,True,False,100,200,36.0,2,72.0,192,384,100.0
temporal,0.75,27,70100027,changed,surveillance,raw symmetry-resolved AOC,107,False,True,True,False,107,214,43.0,2,86.0,192,384,100.0
temporal,0.75,27,70100027,changed,surveillance,vAOC / same-feature Hotelling,103,False,True,True,False,103,206,39.0,2,78.0,192,384,100.0
temporal,0.75,27,70100027,changed,surveillance,matched correlation witness,100,False,True,True,False,100,200,36.0,2,72.0,192,384,100.0
temporal,0.75,27,70100027,changed,surveillance,exact pair-restricted likelihood grid SR,40,True,False,False,False,40,80,,2,,192,384,100.0
temporal,0.75,27,70100027,changed,surveillance,known-post pair-restricted likelihood SR,40,True,False,False,False,40,80,,2,,192,384,100.0
temporal,0.75,27,70100027,changed,surveillance,validation-trained linear logistic effect,97,False,True,True,False,97,194,33.0,2,66.0,192,384,100.0
temporal,0.75,27,70100027,changed,surveillance,full-HMM block-boundary grid SR,22,True,False,False,False,22,44,,2,,192,384,100.0
temporal,0.75,27,70100027,changed,surveillance,known-post full-HMM block-boundary SR,22,True,False,False,False,22,44,,2,,192,384,100.0
temporal,0.75,27,70100027,changed,restart_at_change,DFR/count exact pushforward,100,False,True,True,False,100,200,100.0,2,200.0,192,384,100.0
temporal,0.75,27,70100027,changed,restart_at_change,raw symmetry-resolved AOC,80,False,True,True,False,80,160,80.0,2,160.0,192,384,100.0
temporal,0.75,27,70100027,changed,restart_at_change,vAOC / same-feature Hotelling,93,False,True,True,False,93,186,93.0,2,186.0,192,384,100.0
temporal,0.75,27,70100027,changed,restart_at_change,matched correlation witness,100,False,True,True,False,100,200,100.0,2,200.0,192,384,100.0
temporal,0.75,27,70100027,changed,restart_at_change,exact pair-restricted likelihood grid SR,36,False,True,True,False,36,72,36.0,2,72.0,192,384,100.0
temporal,0.75,27,70100027,changed,restart_at_change,known-post pair-restricted likelihood SR,36,False,True,True,False,36,72,36.0,2,72.0,192,384,100.0
temporal,0.75,27,70100027,changed,restart_at_change,validation-trained linear logistic effect,74,False,True,True,False,74,148,74.0,2,148.0,192,384,100.0
temporal,0.75,27,70100027,changed,restart_at_change,full-HMM block-boundary grid SR,20,False,True,True,False,20,40,20.0,2,40.0,192,384,100.0
temporal,0.75,27,70100027,changed,restart_at_change,known-post full-HMM block-boundary SR,20,False,True,True,False,20,40,20.0,2,40.0,192,384,100.0
temporal,0.75,28,70100028,changed,surveillance,DFR/count exact pushforward,100,False,True,True,False,100,200,36.0,2,72.0,192,384,100.0
temporal,0.75,28,70100028,changed,surveillance,raw symmetry-resolved AOC,107,False,True,True,False,107,214,43.0,2,86.0,192,384,100.0
temporal,0.75,28,70100028,changed,surveillance,vAOC / same-feature Hotelling,102,False,True,True,False,102,204,38.0,2,76.0,192,384,100.0
temporal,0.75,28,70100028,changed,surveillance,matched correlation witness,100,False,True,True,False,100,200,36.0,2,72.0,192,384,100.0
temporal,0.75,28,70100028,changed,surveillance,exact pair-restricted likelihood grid SR,111,False,True,True,False,111,222,47.0,2,94.0,192,384,100.0
temporal,0.75,28,70100028,changed,surveillance,known-post pair-restricted likelihood SR,111,False,True,True,False,111,222,47.0,2,94.0,192,384,100.0
temporal,0.75,28,70100028,changed,surveillance,validation-trained linear logistic effect,88,False,True,True,False,88,176,24.0,2,48.0,192,384,100.0
temporal,0.75,28,70100028,changed,surveillance,full-HMM block-boundary grid SR,15,True,False,False,False,15,30,,2,,192,384,100.0
temporal,0.75,28,70100028,changed,surveillance,known-post full-HMM block-boundary SR,15,True,False,False,False,15,30,,2,,192,384,100.0
temporal,0.75,28,70100028,changed,restart_at_change,DFR/count exact pushforward,100,False,True,True,False,100,200,100.0,2,200.0,192,384,100.0
temporal,0.75,28,70100028,changed,restart_at_change,raw symmetry-resolved AOC,114,False,True,True,False,114,228,114.0,2,228.0,192,384,100.0
temporal,0.75,28,70100028,changed,restart_at_change,vAOC / same-feature Hotelling,96,False,True,True,False,96,192,96.0,2,192.0,192,384,100.0
temporal,0.75,28,70100028,changed,restart_at_change,matched correlation witness,100,False,True,True,False,100,200,100.0,2,200.0,192,384,100.0
temporal,0.75,28,70100028,changed,restart_at_change,exact pair-restricted likelihood grid SR,49,False,True,True,False,49,98,49.0,2,98.0,192,384,100.0
temporal,0.75,28,70100028,changed,restart_at_change,known-post pair-restricted likelihood SR,49,False,True,True,False,49,98,49.0,2,98.0,192,384,100.0
temporal,0.75,28,70100028,changed,restart_at_change,validation-trained linear logistic effect,124,False,True,True,False,124,248,124.0,2,248.0,192,384,100.0
temporal,0.75,28,70100028,changed,restart_at_change,full-HMM block-boundary grid SR,20,False,True,True,False,20,40,20.0,2,40.0,192,384,100.0
temporal,0.75,28,70100028,changed,restart_at_change,known-post full-HMM block-boundary SR,20,False,True,True,False,20,40,20.0,2,40.0,192,384,100.0
temporal,0.75,29,70100029,changed,surveillance,DFR/count exact pushforward,100,False,True,True,False,100,200,36.0,2,72.0,192,384,100.0
temporal,0.75,29,70100029,changed,surveillance,raw symmetry-resolved AOC,94,False,True,True,False,94,188,30.0,2,60.0,192,384,100.0
temporal,0.75,29,70100029,changed,surveillance,vAOC / same-feature Hotelling,99,False,True,True,False,99,198,35.0,2,70.0,192,384,100.0
temporal,0.75,29,70100029,changed,surveillance,matched correlation witness,100,False,True,True,False,100,200,36.0,2,72.0,192,384,100.0
temporal,0.75,29,70100029,changed,surveillance,exact pair-restricted likelihood grid SR,124,False,True,True,False,124,248,60.0,2,120.0,192,384,100.0
temporal,0.75,29,70100029,changed,surveillance,known-post pair-restricted likelihood SR,124,False,True,True,False,124,248,60.0,2,120.0,192,384,100.0
temporal,0.75,29,70100029,changed,surveillance,validation-trained linear logistic effect,123,False,True,True,False,123,246,59.0,2,118.0,192,384,100.0
temporal,0.75,29,70100029,changed,surveillance,full-HMM block-boundary grid SR,75,False,True,True,False,75,150,11.0,2,22.0,192,384,100.0
temporal,0.75,29,70100029,changed,surveillance,known-post full-HMM block-boundary SR,75,False,True,True,False,75,150,11.0,2,22.0,192,384,100.0
temporal,0.75,29,70100029,changed,restart_at_change,DFR/count exact pushforward,100,False,True,True,False,100,200,100.0,2,200.0,192,384,100.0
temporal,0.75,29,70100029,changed,restart_at_change,raw symmetry-resolved AOC,119,False,True,True,False,119,238,119.0,2,238.0,192,384,100.0
temporal,0.75,29,70100029,changed,restart_at_change,vAOC / same-feature Hotelling,95,False,True,True,False,95,190,95.0,2,190.0,192,384,100.0
temporal,0.75,29,70100029,changed,restart_at_change,matched correlation witness,100,False,True,True,False,100,200,100.0,2,200.0,192,384,100.0
temporal,0.75,29,70100029,changed,restart_at_change,exact pair-restricted likelihood grid SR,60,False,True,True,False,60,120,60.0,2,120.0,192,384,100.0
temporal,0.75,29,70100029,changed,restart_at_change,known-post pair-restricted likelihood SR,60,False,True,True,False,60,120,60.0,2,120.0,192,384,100.0
temporal,0.75,29,70100029,changed,restart_at_change,validation-trained linear logistic effect,109,False,True,True,False,109,218,109.0,2,218.0,192,384,100.0
temporal,0.75,29,70100029,changed,restart_at_change,full-HMM block-boundary grid SR,13,False,True,True,False,13,26,13.0,2,26.0,192,384,100.0
temporal,0.75,29,70100029,changed,restart_at_change,known-post full-HMM block-boundary SR,13,False,True,True,False,13,26,13.0,2,26.0,192,384,100.0
temporal,0.75,30,70100030,changed,surveillance,DFR/count exact pushforward,100,False,True,True,False,100,200,36.0,2,72.0,192,384,100.0
temporal,0.75,30,70100030,changed,surveillance,raw symmetry-resolved AOC,107,False,True,True,False,107,214,43.0,2,86.0,192,384,100.0
temporal,0.75,30,70100030,changed,surveillance,vAOC / same-feature Hotelling,100,False,True,True,False,100,200,36.0,2,72.0,192,384,100.0
temporal,0.75,30,70100030,changed,surveillance,matched correlation witness,100,False,True,True,False,100,200,36.0,2,72.0,192,384,100.0
temporal,0.75,30,70100030,changed,surveillance,exact pair-restricted likelihood grid SR,72,False,True,True,False,72,144,8.0,2,16.0,192,384,100.0
temporal,0.75,30,70100030,changed,surveillance,known-post pair-restricted likelihood SR,72,False,True,True,False,72,144,8.0,2,16.0,192,384,100.0
temporal,0.75,30,70100030,changed,surveillance,validation-trained linear logistic effect,103,False,True,True,False,103,206,39.0,2,78.0,192,384,100.0
temporal,0.75,30,70100030,changed,surveillance,full-HMM block-boundary grid SR,71,False,True,True,False,71,142,7.0,2,14.0,192,384,100.0
temporal,0.75,30,70100030,changed,surveillance,known-post full-HMM block-boundary SR,71,False,True,True,False,71,142,7.0,2,14.0,192,384,100.0
temporal,0.75,30,70100030,changed,restart_at_change,DFR/count exact pushforward,100,False,True,True,False,100,200,100.0,2,200.0,192,384,100.0
temporal,0.75,30,70100030,changed,restart_at_change,raw symmetry-resolved AOC,101,False,True,True,False,101,202,101.0,2,202.0,192,384,100.0
temporal,0.75,30,70100030,changed,restart_at_change,vAOC / same-feature Hotelling,107,False,True,True,False,107,214,107.0,2,214.0,192,384,100.0
temporal,0.75,30,70100030,changed,restart_at_change,matched correlation witness,99,False,True,True,False,99,198,99.0,2,198.0,192,384,100.0
temporal,0.75,30,70100030,changed,restart_at_change,exact pair-restricted likelihood grid SR,25,False,True,True,False,25,50,25.0,2,50.0,192,384,100.0
temporal,0.75,30,70100030,changed,restart_at_change,known-post pair-restricted likelihood SR,25,False,True,True,False,25,50,25.0,2,50.0,192,384,100.0
temporal,0.75,30,70100030,changed,restart_at_change,validation-trained linear logistic effect,96,False,True,True,False,96,192,96.0,2,192.0,192,384,100.0
temporal,0.75,30,70100030,changed,restart_at_change,full-HMM block-boundary grid SR,8,False,True,True,False,8,16,8.0,2,16.0,192,384,100.0
temporal,0.75,30,70100030,changed,restart_at_change,known-post full-HMM block-boundary SR,8,False,True,True,False,8,16,8.0,2,16.0,192,384,100.0
temporal,0.75,31,70100031,changed,surveillance,DFR/count exact pushforward,100,False,True,True,False,100,200,36.0,2,72.0,192,384,100.0
temporal,0.75,31,70100031,changed,surveillance,raw symmetry-resolved AOC,113,False,True,True,False,113,226,49.0,2,98.0,192,384,100.0
temporal,0.75,31,70100031,changed,surveillance,vAOC / same-feature Hotelling,99,False,True,True,False,99,198,35.0,2,70.0,192,384,100.0
temporal,0.75,31,70100031,changed,surveillance,matched correlation witness,100,False,True,True,False,100,200,36.0,2,72.0,192,384,100.0
temporal,0.75,31,70100031,changed,surveillance,exact pair-restricted likelihood grid SR,85,False,True,True,False,85,170,21.0,2,42.0,192,384,100.0
temporal,0.75,31,70100031,changed,surveillance,known-post pair-restricted likelihood SR,85,False,True,True,False,85,170,21.0,2,42.0,192,384,100.0
temporal,0.75,31,70100031,changed,surveillance,validation-trained linear logistic effect,101,False,True,True,False,101,202,37.0,2,74.0,192,384,100.0
temporal,0.75,31,70100031,changed,surveillance,full-HMM block-boundary grid SR,75,False,True,True,False,75,150,11.0,2,22.0,192,384,100.0
temporal,0.75,31,70100031,changed,surveillance,known-post full-HMM block-boundary SR,75,False,True,True,False,75,150,11.0,2,22.0,192,384,100.0
temporal,0.75,31,70100031,changed,restart_at_change,DFR/count exact pushforward,100,False,True,True,False,100,200,100.0,2,200.0,192,384,100.0
temporal,0.75,31,70100031,changed,restart_at_change,raw symmetry-resolved AOC,115,False,True,True,False,115,230,115.0,2,230.0,192,384,100.0
temporal,0.75,31,70100031,changed,restart_at_change,vAOC / same-feature Hotelling,98,False,True,True,False,98,196,98.0,2,196.0,192,384,100.0
temporal,0.75,31,70100031,changed,restart_at_change,matched correlation witness,100,False,True,True,False,100,200,100.0,2,200.0,192,384,100.0
temporal,0.75,31,70100031,changed,restart_at_change,exact pair-restricted likelihood grid SR,39,False,True,True,False,39,78,39.0,2,78.0,192,384,100.0
temporal,0.75,31,70100031,changed,restart_at_change,known-post pair-restricted likelihood SR,39,False,True,True,False,39,78,39.0,2,78.0,192,384,100.0
temporal,0.75,31,70100031,changed,restart_at_change,validation-trained linear logistic effect,87,False,True,True,False,87,174,87.0,2,174.0,192,384,100.0
temporal,0.75,31,70100031,changed,restart_at_change,full-HMM block-boundary grid SR,13,False,True,True,False,13,26,13.0,2,26.0,192,384,100.0
temporal,0.75,31,70100031,changed,restart_at_change,known-post full-HMM block-boundary SR,13,False,True,True,False,13,26,13.0,2,26.0,192,384,100.0
